"repeat","fold","individual_id","observed","predicted","estimated_breeding_value","model","genotyping_status"
1,1,"103122",-0.561477433802664,-0.496300010882078,0,"PBLUP","not_genotyped"
1,1,"1058137",-1.22708500121444,0.121083331477207,0.617383342359285,"PBLUP","genotyped"
1,1,"106657",0.354935241294429,-0.205586986827945,0.290713024054133,"PBLUP","not_genotyped"
1,1,"106844",0.600617722251142,0.169875908999342,0.66617591988142,"PBLUP","genotyped"
1,1,"107017",1.73852495877561,0.528094928552516,1.02439493943459,"PBLUP","not_genotyped"
1,1,"107103",0.29973466265139,-0.106897899748408,0.38940211113367,"PBLUP","genotyped"
1,1,"107131",0.186100305347415,-0.496300010882078,0,"PBLUP","genotyped"
1,1,"1101307",0.849134343273915,0.269168264406658,0.765468275288737,"PBLUP","genotyped"
1,1,"126309",-0.85354045405889,-0.496300010882078,0,"PBLUP","not_genotyped"
1,1,"12867",1.68576760432745,0.357619396958407,0.853919407840485,"PBLUP","genotyped"
1,1,"1291472",-0.666690811714943,-0.171335457448099,0.324964553433979,"PBLUP","genotyped"
1,1,"1298211",-0.0176238721025183,-0.353049329823478,0.1432506810586,"PBLUP","genotyped"
1,1,"1301796",-0.598541144839027,-0.240115817094369,0.25618419378771,"PBLUP","not_genotyped"
1,1,"1301800",-1.04135924200014,-0.240115817094369,0.25618419378771,"PBLUP","not_genotyped"
1,1,"1302311",-0.892656473418955,-0.0725201204923617,0.423779890389717,"PBLUP","not_genotyped"
1,1,"130562",-0.781090712599981,-0.151032013553877,0.345267997328201,"PBLUP","not_genotyped"
1,1,"1306534",-0.958965578068058,-0.147700454856475,0.348599556025603,"PBLUP","not_genotyped"
1,1,"13350",0.316022823950605,0.404028636102632,0.90032864698471,"PBLUP","genotyped"
1,1,"13421",1.00136349877638,0.325914469259238,0.822214480141316,"PBLUP","genotyped"
1,1,"1343502",-0.704397905122626,-0.253207582744623,0.243092428137456,"PBLUP","not_genotyped"
1,1,"1393230",-0.140526193185747,0.0342226304871133,0.530522641369192,"PBLUP","not_genotyped"
1,1,"1410845",-1.38193655068608,-0.289140030561234,0.207159980320844,"PBLUP","not_genotyped"
1,1,"1477928",-0.894342298113424,0.0755614428202337,0.571861453702312,"PBLUP","genotyped"
1,1,"1478078",0.125092997201205,-0.141462829826622,0.354837181055457,"PBLUP","not_genotyped"
1,1,"1504972",0.381517520534749,-0.0513899052947444,0.444910105587334,"PBLUP","not_genotyped"
1,1,"15200",-0.401527689844371,-0.274209644158437,0.222090366723641,"PBLUP","genotyped"
1,1,"1635819",-0.549196160183055,0.0109291381186801,0.507229149000758,"PBLUP","genotyped"
1,1,"1642433",-0.124954710983697,-0.406882022477668,0.0894179884044105,"PBLUP","not_genotyped"
1,1,"1671946",-0.148678417916003,0.120924317157072,0.61722432803915,"PBLUP","genotyped"
1,1,"1673085",-1.12012879004314,-0.725404588399856,-0.229104577517778,"PBLUP","not_genotyped"
1,1,"170862",0.323262911648107,-0.151032013553877,0.345267997328201,"PBLUP","not_genotyped"
1,1,"1816016",-0.218693079260679,0.0822914391455336,0.578591450027612,"PBLUP","not_genotyped"
1,1,"1982528",-0.731957474040898,-0.281783552261111,0.214516458620967,"PBLUP","genotyped"
1,1,"2031157",0.728031864014252,-0.15495964633561,0.341340364546468,"PBLUP","genotyped"
1,1,"20585",-1.30511343791833,0.107069727006348,0.603369737888426,"PBLUP","not_genotyped"
1,1,"2163595",0.229736289468012,-0.496300010882078,0,"PBLUP","genotyped"
1,1,"217385",0.955186561493106,0.261672161118103,0.757972172000181,"PBLUP","not_genotyped"
1,1,"217562",-0.482284393565878,-0.185186930668761,0.311113080213317,"PBLUP","genotyped"
1,1,"217754",-0.26662913796427,-0.177706214441832,0.318593796440247,"PBLUP","genotyped"
1,1,"217777",0.0452402864318024,0.0525154559246899,0.548815466806768,"PBLUP","genotyped"
1,1,"218554",1.05305397865944,0.330374417974627,0.826674428856706,"PBLUP","genotyped"
1,1,"2201664",-1.46839411086231,0.298436340487713,0.794736351369792,"PBLUP","genotyped"
1,1,"2430154",0.559522691293221,0.00728736044837691,0.503587371330455,"PBLUP","genotyped"
1,1,"2600794",-0.27764807908319,0.481559766435961,0.977859777318039,"PBLUP","not_genotyped"
1,1,"2621094",-0.692996192213174,0.265635670987859,0.761935681869937,"PBLUP","not_genotyped"
1,1,"292703",0.642038516435046,0.611015487456801,1.10731549833888,"PBLUP","not_genotyped"
1,1,"295190",0.249534549527208,0.185126268823958,0.681426279706037,"PBLUP","not_genotyped"
1,1,"295296",0.80610916520204,-0.496300010882078,0,"PBLUP","genotyped"
1,1,"31089",-1.40101813164811,-0.496300010882078,0,"PBLUP","not_genotyped"
1,1,"342263",0.0796897475796432,0.371908717693688,0.868208728575766,"PBLUP","genotyped"
1,1,"342284",0.958330176623854,0.617995509819192,1.11429552070127,"PBLUP","not_genotyped"
1,1,"355411",0.893902354604809,0.336293365963245,0.832593376845323,"PBLUP","genotyped"
1,1,"358886",1.11577968782272,0.327259962372294,0.823559973254372,"PBLUP","genotyped"
1,1,"367751",1.8362539265709,0.417517965488884,0.913817976370962,"PBLUP","genotyped"
1,1,"369670",0.105807814222934,-0.0300161625629931,0.466283848319085,"PBLUP","not_genotyped"
1,1,"369682",1.30000693619749,0.611015487456801,1.10731549833888,"PBLUP","not_genotyped"
1,1,"371007",-1.1563536607726,0.157806309816771,0.654106320698849,"PBLUP","genotyped"
1,1,"376770",0.552209306869873,0.339353138571196,0.835653149453275,"PBLUP","genotyped"
1,1,"377165",1.43900196064434,0.326074315395654,0.822374326277732,"PBLUP","not_genotyped"
1,1,"3825285",-0.503573020383953,0.115867246655364,0.612167257537442,"PBLUP","genotyped"
1,1,"3826179",-1.44924737725509,-0.766850179608614,-0.270550168726535,"PBLUP","genotyped"
1,1,"3827759",-2.1265824208023,0.100119509141474,0.596419520023552,"PBLUP","not_genotyped"
1,1,"3830032",-1.50356025110732,0.0588817990143365,0.555181809896415,"PBLUP","not_genotyped"
1,1,"3830128",-2.00145676570173,0.136722222396883,0.633022233278962,"PBLUP","not_genotyped"
1,1,"3830162",-1.80525771877203,-0.28793766993548,0.208362340946598,"PBLUP","not_genotyped"
1,1,"3830167",-1.78563862848713,-0.223089520218967,0.273210490663111,"PBLUP","not_genotyped"
1,1,"3830198",-2.0155215929836,-1.45410640764987,-0.957806396767788,"PBLUP","not_genotyped"
1,1,"3848815",-1.70271559931282,-1.02266621675819,-0.526366205876108,"PBLUP","not_genotyped"
1,1,"3863169",-2.14879132873378,-0.6105739326312,-0.114273921749122,"PBLUP","not_genotyped"
1,1,"3868700",-2.00590343373641,0.136722222396883,0.633022233278962,"PBLUP","genotyped"
1,1,"392884",0.568171704943104,-0.130234621400949,0.36606538948113,"PBLUP","genotyped"
1,1,"4059217",-1.14887739473626,-0.182324110745203,0.313975900136875,"PBLUP","not_genotyped"
1,1,"4066585",-1.05212571661892,-0.109044868864691,0.387255142017388,"PBLUP","not_genotyped"
1,1,"414940",1.19555095778562,0.0193845274368689,0.515684538318947,"PBLUP","genotyped"
1,1,"41542",1.1421909413694,0.598554149728264,1.09485416061034,"PBLUP","not_genotyped"
1,1,"416396",2.27981313507113,0.796566417755817,1.2928664286379,"PBLUP","not_genotyped"
1,1,"419525",0.918261299827786,0.371287379511876,0.867587390393954,"PBLUP","not_genotyped"
1,1,"420213",-0.75600694419919,0.365495029504162,0.86179504038624,"PBLUP","not_genotyped"
1,1,"421018",0.561705304907316,0.339353138571196,0.835653149453275,"PBLUP","not_genotyped"
1,1,"422212",-0.278486919390099,0.632401203728076,1.12870121461015,"PBLUP","genotyped"
1,1,"422381",-0.397260191583976,0.118674887586072,0.61497489846815,"PBLUP","not_genotyped"
1,1,"423348",-1.47401352651054,0.0660139385807544,0.562313949462833,"PBLUP","not_genotyped"
1,1,"423671",0.529128982308885,0.175626494415972,0.67192650529805,"PBLUP","genotyped"
1,1,"424700",1.6245078296811,0.627787336371366,1.12408734725344,"PBLUP","genotyped"
1,1,"427650",-0.151585854707912,0.059405110040209,0.555705120922287,"PBLUP","not_genotyped"
1,1,"430048",-0.567732087741562,0.0915954807872048,0.587895491669283,"PBLUP","genotyped"
1,1,"433924",-0.430691642650614,-0.122564239815051,0.373735771067028,"PBLUP","genotyped"
1,1,"43789",-0.670200910474924,0.0526662352061397,0.548966246088218,"PBLUP","genotyped"
1,1,"438273",-1.23332336699204,0.6109417408705,1.10724175175258,"PBLUP","not_genotyped"
1,1,"443483",0.658522135669852,0.102369514055112,0.598669524937191,"PBLUP","not_genotyped"
1,1,"450770",0.934068960368675,0.38382548153633,0.880125492418408,"PBLUP","genotyped"
1,1,"454059",1.54804305646194,0.672901657640468,1.16920166852255,"PBLUP","genotyped"
1,1,"460142",1.63380836978296,0.347919057545046,0.844219068427125,"PBLUP","genotyped"
1,1,"460693",-0.0645744970475065,0.494719247140004,0.991019258022082,"PBLUP","genotyped"
1,1,"464211",0.902209316867409,-0.138633982245818,0.35766602863626,"PBLUP","not_genotyped"
1,1,"480914",0.360823411604095,0.299966563113575,0.796266573995653,"PBLUP","not_genotyped"
1,1,"520702",-0.151577710627263,0.00575299018698,0.502053001069058,"PBLUP","genotyped"
1,1,"609448",1.15351121347235,0.423545912011771,0.91984592289385,"PBLUP","not_genotyped"
1,1,"62114",0.142285151452527,0.172677312909047,0.668977323791125,"PBLUP","genotyped"
1,1,"62587",-0.879796970073224,0.365495029504162,0.86179504038624,"PBLUP","not_genotyped"
1,1,"62603",0.702777069919819,-0.127600343948979,0.368699666933099,"PBLUP","genotyped"
1,1,"65038",0.334575039670411,0.190494571359641,0.686794582241719,"PBLUP","not_genotyped"
1,1,"665788",1.08817125442055,0.0724814796118122,0.568781490493891,"PBLUP","genotyped"
1,1,"670602",0.367517845898074,-0.000509698801669123,0.495790312080409,"PBLUP","genotyped"
1,1,"692876",-0.85955892965895,-0.305116046523903,0.191183964358176,"PBLUP","not_genotyped"
1,1,"692904",-1.4323891303104,-0.305116046523903,0.191183964358176,"PBLUP","genotyped"
1,1,"77128",1.30970653625117,0.457956323314447,0.954256334196526,"PBLUP","genotyped"
1,1,"77331",0.929996920043869,-0.0649734286891778,0.431326582192901,"PBLUP","not_genotyped"
1,1,"85637",0.149215764085342,0.353256332914196,0.849556343796274,"PBLUP","genotyped"
1,1,"85741",0.620521855358782,0.0561707508194052,0.552470761701484,"PBLUP","genotyped"
1,1,"86490",0.790757573177529,0.429827617810009,0.926127628692088,"PBLUP","not_genotyped"
1,1,"87507",-0.0755690059244772,0.147297485444471,0.643597496326549,"PBLUP","genotyped"
1,1,"876108",0.549358878642511,-0.375163484424567,0.121136526457511,"PBLUP","genotyped"
1,1,"89491",-1.06303878468939,0.0831619312257753,0.579461942107854,"PBLUP","not_genotyped"
1,1,"897095",0.599518271363445,-0.118367642937342,0.377932367944736,"PBLUP","genotyped"
1,1,"89762",1.31910480532082,0.00690982806136925,0.503209838943448,"PBLUP","not_genotyped"
1,1,"916978",-0.0828905344284735,-0.0145791351190873,0.481720875762991,"PBLUP","not_genotyped"
1,1,"96458",-0.128994174985903,0.31450804282038,0.810808053702459,"PBLUP","not_genotyped"
1,1,"96619",0.703550757581531,0.339353138571196,0.835653149453275,"PBLUP","genotyped"
1,1,"97120",-0.430341447182682,0.429827617810009,0.926127628692088,"PBLUP","not_genotyped"
1,1,"103122",-0.561477433802664,-0.343646811841263,0,"ssGBLUP","not_genotyped"
1,1,"1058137",-1.22708500121444,-0.33510197910871,0.00854483273255273,"ssGBLUP","genotyped"
1,1,"106657",0.354935241294429,-0.441828422906706,-0.0981816110654433,"ssGBLUP","not_genotyped"
1,1,"106844",0.600617722251142,-0.284676577601832,0.0589702342394316,"ssGBLUP","genotyped"
1,1,"107017",1.73852495877561,0.708697447627182,1.05234425946844,"ssGBLUP","not_genotyped"
1,1,"107103",0.29973466265139,-0.252706171796223,0.0909406400450397,"ssGBLUP","genotyped"
1,1,"107131",0.186100305347415,-0.372568807255729,-0.0289219954144659,"ssGBLUP","genotyped"
1,1,"1101307",0.849134343273915,0.130286339460776,0.473933151302039,"ssGBLUP","genotyped"
1,1,"126309",-0.85354045405889,-0.343646811841263,0,"ssGBLUP","not_genotyped"
1,1,"12867",1.68576760432745,1.00655759914844,1.3502044109897,"ssGBLUP","genotyped"
1,1,"1291472",-0.666690811714943,-0.339123620415354,0.00452319142590895,"ssGBLUP","genotyped"
1,1,"1298211",-0.0176238721025183,-0.257620208670979,0.0860266031702837,"ssGBLUP","genotyped"
1,1,"1301796",-0.598541144839027,-0.237562933798602,0.106083878042661,"ssGBLUP","not_genotyped"
1,1,"1301800",-1.04135924200014,-0.237562933798601,0.106083878042662,"ssGBLUP","not_genotyped"
1,1,"1302311",-0.892656473418955,-0.0143418942088529,0.32930491763241,"ssGBLUP","not_genotyped"
1,1,"130562",-0.781090712599981,-0.336855089234076,0.00679172260718753,"ssGBLUP","not_genotyped"
1,1,"1306534",-0.958965578068058,0.0351752999676136,0.378822111808877,"ssGBLUP","not_genotyped"
1,1,"13350",0.316022823950605,0.389756084079132,0.733402895920395,"ssGBLUP","genotyped"
1,1,"13421",1.00136349877638,0.0291591169463616,0.372805928787625,"ssGBLUP","genotyped"
1,1,"1343502",-0.704397905122626,-0.472621799552564,-0.128974987711301,"ssGBLUP","not_genotyped"
1,1,"1393230",-0.140526193185747,0.195606151566227,0.53925296340749,"ssGBLUP","not_genotyped"
1,1,"1410845",-1.38193655068608,-0.138497504861836,0.205149306979427,"ssGBLUP","not_genotyped"
1,1,"1477928",-0.894342298113424,0.38138513182114,0.725031943662403,"ssGBLUP","genotyped"
1,1,"1478078",0.125092997201205,-0.106005245465652,0.237641566375611,"ssGBLUP","not_genotyped"
1,1,"1504972",0.381517520534749,-0.0101504555748103,0.333496356266453,"ssGBLUP","not_genotyped"
1,1,"15200",-0.401527689844371,-0.538974263685818,-0.195327451844555,"ssGBLUP","genotyped"
1,1,"1635819",-0.549196160183055,-0.316710723791851,0.0269360880494125,"ssGBLUP","genotyped"
1,1,"1642433",-0.124954710983697,-0.643271223690253,-0.29962441184899,"ssGBLUP","not_genotyped"
1,1,"1671946",-0.148678417916003,0.139666628322955,0.483313440164218,"ssGBLUP","genotyped"
1,1,"1673085",-1.12012879004314,-0.822571239604968,-0.478924427763705,"ssGBLUP","not_genotyped"
1,1,"170862",0.323262911648107,-0.336855089234075,0.00679172260718831,"ssGBLUP","not_genotyped"
1,1,"1816016",-0.218693079260679,0.0220111250885792,0.365657936929842,"ssGBLUP","not_genotyped"
1,1,"1982528",-0.731957474040898,-0.409753520901348,-0.0661067090600848,"ssGBLUP","genotyped"
1,1,"2031157",0.728031864014252,-0.211304050808464,0.132342761032799,"ssGBLUP","genotyped"
1,1,"20585",-1.30511343791833,0.113720264749565,0.457367076590828,"ssGBLUP","not_genotyped"
1,1,"2163595",0.229736289468012,0.810543112330949,1.15418992417221,"ssGBLUP","genotyped"
1,1,"217385",0.955186561493106,0.108228361750246,0.451875173591509,"ssGBLUP","not_genotyped"
1,1,"217562",-0.482284393565878,-0.167660835356805,0.175985976484458,"ssGBLUP","genotyped"
1,1,"217754",-0.26662913796427,-0.159025553338708,0.184621258502555,"ssGBLUP","genotyped"
1,1,"217777",0.0452402864318024,0.456666738221429,0.800313550062692,"ssGBLUP","genotyped"
1,1,"218554",1.05305397865944,0.142781374159886,0.486428186001149,"ssGBLUP","genotyped"
1,1,"2201664",-1.46839411086231,-0.615163309135916,-0.271516497294653,"ssGBLUP","genotyped"
1,1,"2430154",0.559522691293221,0.316452208795645,0.660099020636908,"ssGBLUP","genotyped"
1,1,"2600794",-0.27764807908319,0.562160524099302,0.905807335940566,"ssGBLUP","not_genotyped"
1,1,"2621094",-0.692996192213174,0.355539159152795,0.699185970994058,"ssGBLUP","not_genotyped"
1,1,"292703",0.642038516435046,0.491024560259782,0.834671372101045,"ssGBLUP","not_genotyped"
1,1,"295190",0.249534549527208,0.307201354772912,0.650848166614175,"ssGBLUP","not_genotyped"
1,1,"295296",0.80610916520204,0.318491318389558,0.662138130230821,"ssGBLUP","genotyped"
1,1,"31089",-1.40101813164811,-0.343646811841263,0,"ssGBLUP","not_genotyped"
1,1,"342263",0.0796897475796432,0.0935276183483205,0.437174430189584,"ssGBLUP","genotyped"
1,1,"342284",0.958330176623854,0.491353278947889,0.835000090789152,"ssGBLUP","not_genotyped"
1,1,"355411",0.893902354604809,0.142360360274415,0.486007172115678,"ssGBLUP","genotyped"
1,1,"358886",1.11577968782272,0.255981222796313,0.599628034637576,"ssGBLUP","genotyped"
1,1,"367751",1.8362539265709,0.583633150737797,0.92727996257906,"ssGBLUP","genotyped"
1,1,"369670",0.105807814222934,0.154673796381377,0.49832060822264,"ssGBLUP","not_genotyped"
1,1,"369682",1.30000693619749,0.491024560259782,0.834671372101045,"ssGBLUP","not_genotyped"
1,1,"371007",-1.1563536607726,-0.0994087876496069,0.244238024191656,"ssGBLUP","genotyped"
1,1,"376770",0.552209306869873,0.467289117844758,0.810935929686021,"ssGBLUP","genotyped"
1,1,"377165",1.43900196064434,0.447315514580137,0.790962326421401,"ssGBLUP","not_genotyped"
1,1,"3825285",-0.503573020383953,0.015730306276214,0.359377118117477,"ssGBLUP","genotyped"
1,1,"3826179",-1.44924737725509,-0.725860980206573,-0.38221416836531,"ssGBLUP","genotyped"
1,1,"3827759",-2.1265824208023,0.0999632506885522,0.443610062529815,"ssGBLUP","not_genotyped"
1,1,"3830032",-1.50356025110732,-0.0235922366420732,0.32005457519919,"ssGBLUP","not_genotyped"
1,1,"3830128",-2.00145676570173,-0.557293895209532,-0.213647083368269,"ssGBLUP","not_genotyped"
1,1,"3830162",-1.80525771877203,-0.263699410415665,0.079947401425598,"ssGBLUP","not_genotyped"
1,1,"3830167",-1.78563862848713,-0.509560862571499,-0.165914050730236,"ssGBLUP","not_genotyped"
1,1,"3830198",-2.0155215929836,-1.33951287346821,-0.995866061626943,"ssGBLUP","not_genotyped"
1,1,"3848815",-1.70271559931282,-1.14794070399802,-0.804293892156755,"ssGBLUP","not_genotyped"
1,1,"3863169",-2.14879132873378,-0.586090112495131,-0.242443300653868,"ssGBLUP","not_genotyped"
1,1,"3868700",-2.00590343373641,-1.03628987280917,-0.692643060967905,"ssGBLUP","genotyped"
1,1,"392884",0.568171704943104,-0.182915920649728,0.160730891191535,"ssGBLUP","genotyped"
1,1,"4059217",-1.14887739473626,-0.220775848914824,0.122870962926439,"ssGBLUP","not_genotyped"
1,1,"4066585",-1.05212571661892,0.0272688999678387,0.370915711809102,"ssGBLUP","not_genotyped"
1,1,"414940",1.19555095778562,-0.470377657763946,-0.126730845922683,"ssGBLUP","genotyped"
1,1,"41542",1.1421909413694,0.405479052537914,0.749125864379177,"ssGBLUP","not_genotyped"
1,1,"416396",2.27981313507113,0.985251150160427,1.32889796200169,"ssGBLUP","not_genotyped"
1,1,"419525",0.918261299827786,0.364720304020055,0.708367115861318,"ssGBLUP","not_genotyped"
1,1,"420213",-0.75600694419919,0.344029594855985,0.687676406697248,"ssGBLUP","not_genotyped"
1,1,"421018",0.561705304907316,0.482575043139167,0.82622185498043,"ssGBLUP","not_genotyped"
1,1,"422212",-0.278486919390099,0.664405835877191,1.00805264771845,"ssGBLUP","genotyped"
1,1,"422381",-0.397260191583976,0.131008272935126,0.474655084776389,"ssGBLUP","not_genotyped"
1,1,"423348",-1.47401352651054,0.11280044941842,0.456447261259683,"ssGBLUP","not_genotyped"
1,1,"423671",0.529128982308885,0.5400355536818,0.883682365523064,"ssGBLUP","genotyped"
1,1,"424700",1.6245078296811,0.573237475840256,0.916884287681519,"ssGBLUP","genotyped"
1,1,"427650",-0.151585854707912,0.0161578441633064,0.359804656004569,"ssGBLUP","not_genotyped"
1,1,"430048",-0.567732087741562,-0.140475305419485,0.203171506421778,"ssGBLUP","genotyped"
1,1,"433924",-0.430691642650614,0.113502423982949,0.457149235824212,"ssGBLUP","genotyped"
1,1,"43789",-0.670200910474924,0.436656700760901,0.780303512602164,"ssGBLUP","genotyped"
1,1,"438273",-1.23332336699204,0.704446508627016,1.04809332046828,"ssGBLUP","not_genotyped"
1,1,"443483",0.658522135669852,0.0801730079783847,0.423819819819648,"ssGBLUP","not_genotyped"
1,1,"450770",0.934068960368675,0.392140816186543,0.735787628027806,"ssGBLUP","genotyped"
1,1,"454059",1.54804305646194,0.642802284815424,0.986449096656687,"ssGBLUP","genotyped"
1,1,"460142",1.63380836978296,0.595805986225439,0.939452798066702,"ssGBLUP","genotyped"
1,1,"460693",-0.0645744970475065,0.587084461799023,0.930731273640286,"ssGBLUP","genotyped"
1,1,"464211",0.902209316867409,-0.0348199787887981,0.308826833052465,"ssGBLUP","not_genotyped"
1,1,"480914",0.360823411604095,0.205213293449513,0.548860105290776,"ssGBLUP","not_genotyped"
1,1,"520702",-0.151577710627263,0.000259140076704079,0.343905951917967,"ssGBLUP","genotyped"
1,1,"609448",1.15351121347235,0.455739835582707,0.79938664742397,"ssGBLUP","not_genotyped"
1,1,"62114",0.142285151452527,0.622280665119779,0.965927476961042,"ssGBLUP","genotyped"
1,1,"62587",-0.879796970073224,0.344029594855983,0.687676406697246,"ssGBLUP","not_genotyped"
1,1,"62603",0.702777069919819,-0.257354865353366,0.0862919464878974,"ssGBLUP","genotyped"
1,1,"65038",0.334575039670411,0.233127062865319,0.576773874706582,"ssGBLUP","not_genotyped"
1,1,"665788",1.08817125442055,-0.165770307537383,0.17787650430388,"ssGBLUP","genotyped"
1,1,"670602",0.367517845898074,-0.440562735906477,-0.0969159240652144,"ssGBLUP","genotyped"
1,1,"692876",-0.85955892965895,-0.222026194252659,0.121620617588604,"ssGBLUP","not_genotyped"
1,1,"692904",-1.4323891303104,-0.181328443776998,0.162318368064265,"ssGBLUP","genotyped"
1,1,"77128",1.30970653625117,0.90120825779921,1.24485506964047,"ssGBLUP","genotyped"
1,1,"77331",0.929996920043869,0.0267501284091703,0.370396940250433,"ssGBLUP","not_genotyped"
1,1,"85637",0.149215764085342,0.510783839076764,0.854430650918027,"ssGBLUP","genotyped"
1,1,"85741",0.620521855358782,-0.387534837286248,-0.0438880254449845,"ssGBLUP","genotyped"
1,1,"86490",0.790757573177529,0.26657401127601,0.610220823117273,"ssGBLUP","not_genotyped"
1,1,"87507",-0.0755690059244772,0.464101898890424,0.807748710731687,"ssGBLUP","genotyped"
1,1,"876108",0.549358878642511,0.488713519935223,0.832360331776486,"ssGBLUP","genotyped"
1,1,"89491",-1.06303878468939,-0.000486724389779092,0.343160087451484,"ssGBLUP","not_genotyped"
1,1,"897095",0.599518271363445,0.0197165303310839,0.363363342172347,"ssGBLUP","genotyped"
1,1,"89762",1.31910480532082,0.140819736431709,0.484466548272972,"ssGBLUP","not_genotyped"
1,1,"916978",-0.0828905344284735,0.0542593204214487,0.397906132262712,"ssGBLUP","not_genotyped"
1,1,"96458",-0.128994174985903,0.437751858381997,0.78139867022326,"ssGBLUP","not_genotyped"
1,1,"96619",0.703550757581531,0.367258355977526,0.710905167818789,"ssGBLUP","genotyped"
1,1,"97120",-0.430341447182682,0.266574011276012,0.610220823117275,"ssGBLUP","not_genotyped"
1,2,"1047493",0.654661841441938,0.127846547157822,0.673721303818351,"PBLUP","not_genotyped"
1,2,"108014",0.988813470495336,0.000658770730850078,0.546533527391379,"PBLUP","not_genotyped"
1,2,"1082612",1.48183982486128,0.25412070484449,0.799995461505019,"PBLUP","genotyped"
1,2,"1127595",0.712093898182969,0.645056618222625,1.19093137488315,"PBLUP","genotyped"
1,2,"126308",-0.72547478584381,-0.545874756660528,0,"PBLUP","genotyped"
1,2,"1291739",-0.949941936708294,-0.388233889067993,0.157640867592535,"PBLUP","not_genotyped"
1,2,"1293839",-0.0380492263717348,0.0880937677131697,0.633968524373698,"PBLUP","genotyped"
1,2,"1295755",-1.01605558342181,-0.941323528386442,-0.395448771725913,"PBLUP","genotyped"
1,2,"1301936",-1.04376988987242,-0.715976955750357,-0.170102199089828,"PBLUP","not_genotyped"
1,2,"13098",0.891019350054848,0.270303666890488,0.816178423551016,"PBLUP","not_genotyped"
1,2,"1311265",-0.879609656218283,0.311763689961059,0.857638446621587,"PBLUP","not_genotyped"
1,2,"13302",1.17418089016105,-1.01620479409451,-0.47033003743398,"PBLUP","not_genotyped"
1,2,"13469",2.33971284824899,0.30452461714196,0.850399373802488,"PBLUP","not_genotyped"
1,2,"1360815",0.567332864636195,0.118976458794796,0.664851215455325,"PBLUP","genotyped"
1,2,"1390242",0.0430088083338105,-1.01793735516173,-0.4720625985012,"PBLUP","not_genotyped"
1,2,"143023",-0.135460575021689,0.0126422702738023,0.558517026934331,"PBLUP","genotyped"
1,2,"143989",1.07711159289838,-0.894043380017772,-0.348168623357243,"PBLUP","not_genotyped"
1,2,"1507248",-0.200816822234791,-0.449710254520836,0.0961645021396925,"PBLUP","not_genotyped"
1,2,"1541045",-0.317448201217821,0.212888857562653,0.758763614223182,"PBLUP","not_genotyped"
1,2,"16122",0.858573332746812,0.59396306838431,1.13983782504484,"PBLUP","genotyped"
1,2,"1635496",-0.848865751766015,-0.539539349831686,0.006335406828842,"PBLUP","not_genotyped"
1,2,"1649008",-1.20229441971703,0.346327371757518,0.892202128418046,"PBLUP","genotyped"
1,2,"167864",0.0653317333943847,-0.478933671230115,0.0669410854304138,"PBLUP","not_genotyped"
1,2,"168060",-0.434926564588412,0.31461129012409,0.860486046784619,"PBLUP","not_genotyped"
1,2,"168924",0.175985357180603,-0.472056502520341,0.0738182541401871,"PBLUP","not_genotyped"
1,2,"168928",0.952971371556413,-0.472974096073237,0.0729006605872909,"PBLUP","genotyped"
1,2,"168939",0.325942314181827,-0.472056502520341,0.0738182541401871,"PBLUP","genotyped"
1,2,"168979",0.200645633387613,0.70916999632161,1.25504475298214,"PBLUP","not_genotyped"
1,2,"169164",-0.143881554413385,-0.930109335651724,-0.384234578991195,"PBLUP","not_genotyped"
1,2,"1766370",-0.358307053836902,-0.606792219299912,-0.0609174626393839,"PBLUP","genotyped"
1,2,"1815932",-0.263876438704702,-0.117986762606857,0.427887994053671,"PBLUP","not_genotyped"
1,2,"1815954",0.394873812800106,-0.108937980750526,0.436936775910002,"PBLUP","genotyped"
1,2,"19630",-0.519046773618208,0.165764001836338,0.711638758496866,"PBLUP","not_genotyped"
1,2,"20424",3.27892080508434,0.193488529325279,0.739363285985807,"PBLUP","genotyped"
1,2,"217743",-0.15331239980563,-0.341980924494822,0.203893832165706,"PBLUP","genotyped"
1,2,"2200733",0.204334901921886,0.559797138579721,1.10567189524025,"PBLUP","not_genotyped"
1,2,"2201662",-1.78674622345547,0.556238769184045,1.10211352584457,"PBLUP","not_genotyped"
1,2,"220384",-0.76760411504423,-0.545874756660528,0,"PBLUP","not_genotyped"
1,2,"222693",-0.973934398302038,-0.545874756660528,0,"PBLUP","genotyped"
1,2,"2464236",0.0910588841664946,-0.0379375473053641,0.507937209355164,"PBLUP","not_genotyped"
1,2,"2484320",-1.39759761777528,0.157810116700051,0.703684873360579,"PBLUP","genotyped"
1,2,"2485050",-0.81742145637788,-1.07893344821156,-0.533058691551029,"PBLUP","genotyped"
1,2,"2485260",-1.10190233754932,-0.258631856223287,0.287242900437241,"PBLUP","genotyped"
1,2,"2485890",-2.06419061894565,-0.777048178016104,-0.231173421355576,"PBLUP","not_genotyped"
1,2,"2487807",-2.07697682556554,-1.2266005537556,-0.680725797095076,"PBLUP","not_genotyped"
1,2,"2668072",-0.291427863542325,-0.545874756660528,0,"PBLUP","not_genotyped"
1,2,"269000",1.24462718778016,0.291330498237817,0.837205254898346,"PBLUP","genotyped"
1,2,"292907",-0.32430551712479,0.252210086071175,0.798084842731704,"PBLUP","not_genotyped"
1,2,"294705",0.782361026027785,-1.08531387387518,-0.539439117214654,"PBLUP","genotyped"
1,2,"294897",0.50474560484396,0.504185760088768,1.0500605167493,"PBLUP","not_genotyped"
1,2,"295026",1.44896217127881,0.680616403895655,1.22649116055618,"PBLUP","not_genotyped"
1,2,"295146",1.00396960458425,0.198471679088762,0.744346435749291,"PBLUP","genotyped"
1,2,"295261",0.222887117641691,0.328505731117053,0.874380487777581,"PBLUP","genotyped"
1,2,"321131",0.159412153058651,0.31461129012409,0.860486046784619,"PBLUP","genotyped"
1,2,"321397",0.364545256460967,-0.169285225710987,0.376589530949541,"PBLUP","not_genotyped"
1,2,"342294",0.689583659267455,0.718514518825543,1.26438927548607,"PBLUP","genotyped"
1,2,"358060",-0.459033043311249,0.0581459553726431,0.604020712033172,"PBLUP","genotyped"
1,2,"359354",0.595723129780728,0.630666742170856,1.17654149883138,"PBLUP","not_genotyped"
1,2,"367789",1.33162225727927,0.426026879524094,0.971901636184623,"PBLUP","genotyped"
1,2,"368747",1.46796231143435,0.127846547157822,0.673721303818351,"PBLUP","genotyped"
1,2,"369673",1.21913621534689,-0.169285225710987,0.376589530949541,"PBLUP","genotyped"
1,2,"373045",-0.665941556295178,-0.0517446277432563,0.494130128917272,"PBLUP","not_genotyped"
1,2,"3825284",-1.51471764159728,0.0214339809813983,0.567308737641927,"PBLUP","genotyped"
1,2,"3826177",-0.880505505089741,0.190603239726648,0.736477996387176,"PBLUP","genotyped"
1,2,"3826178",-1.22189722184064,-0.714515184331483,-0.168640427670955,"PBLUP","genotyped"
1,2,"3827748",-1.44840039286753,0.517261359805126,1.06313611646565,"PBLUP","genotyped"
1,2,"3830109",-2.41866172921982,-0.28755137385364,0.258323382806888,"PBLUP","genotyped"
1,2,"3830165",-1.84079848672692,-0.258631856223287,0.287242900437241,"PBLUP","not_genotyped"
1,2,"3848142",-1.64571517884622,-0.258631856223287,0.287242900437241,"PBLUP","not_genotyped"
1,2,"3863186",-1.46247336423005,0.254882190192962,0.800756946853491,"PBLUP","genotyped"
1,2,"3865255",-1.92223929322299,-0.537446327546642,0.00842842911388677,"PBLUP","genotyped"
1,2,"3889",2.33609687644057,0.242116874839446,0.787991631499975,"PBLUP","genotyped"
1,2,"391721",-1.09107885436599,-0.545874756660528,0,"PBLUP","not_genotyped"
1,2,"392959",0.26048019392028,0.943379074522917,1.48925383118345,"PBLUP","not_genotyped"
1,2,"39359",1.49504952367494,1.30468503059664,1.85055978725717,"PBLUP","not_genotyped"
1,2,"4057141",-0.841470926536171,0.529821312235895,1.07569606889642,"PBLUP","genotyped"
1,2,"4057142",-0.895572054291514,0.546945730170684,1.09282048683121,"PBLUP","genotyped"
1,2,"4059227",-0.490371465650939,0.0423427602036511,0.58821751686418,"PBLUP","not_genotyped"
1,2,"4062993",-1.24850393332291,-0.304110976768001,0.241763779892527,"PBLUP","not_genotyped"
1,2,"4069736",-1.20997428776961,-0.0981963924815858,0.447678364178943,"PBLUP","genotyped"
1,2,"412450",-0.371948388924996,0.373471983398094,0.919346740058622,"PBLUP","genotyped"
1,2,"413235",-0.454749256889555,-0.0488945738052797,0.496980182855249,"PBLUP","genotyped"
1,2,"415066",0.240014119247817,0.356760530641479,0.902635287302008,"PBLUP","not_genotyped"
1,2,"415173",-0.00198723725527206,0.25558655530304,0.801461311963569,"PBLUP","genotyped"
1,2,"41761",0.535644246828573,0.0958807894286003,0.641755546089129,"PBLUP","genotyped"
1,2,"41804",-0.456435081584024,-0.103408329689544,0.442466426970984,"PBLUP","genotyped"
1,2,"42066",0.139231121208924,0.576878310766209,1.12275306742674,"PBLUP","genotyped"
1,2,"42083",0.309238804769481,0.159726318639574,0.705601075300102,"PBLUP","not_genotyped"
1,2,"421747",0.0844621788403119,0.147729608474636,0.693604365135164,"PBLUP","genotyped"
1,2,"423133",-0.80039218373955,-0.562547297509292,-0.0166725408487634,"PBLUP","not_genotyped"
1,2,"423200",1.34527988052866,0.248523212418441,0.794397969078969,"PBLUP","genotyped"
1,2,"424702",0.939248595661824,0.932740040047256,1.47861479670778,"PBLUP","not_genotyped"
1,2,"4248",0.647218151728196,0.227643475649012,0.773518232309541,"PBLUP","not_genotyped"
1,2,"427258",0.105180720012913,-0.0386713080763531,0.507203448584175,"PBLUP","not_genotyped"
1,2,"429247",-1.04267858306538,0.498010145057583,1.04388490171811,"PBLUP","not_genotyped"
1,2,"431742",-1.65755667211075,0.15987155392344,0.705746310583968,"PBLUP","not_genotyped"
1,2,"432043",-0.726167032699027,-0.00057575829298373,0.545298998367545,"PBLUP","not_genotyped"
1,2,"433740",-0.395224171421573,-0.00189377965643933,0.543980977004089,"PBLUP","not_genotyped"
1,2,"480143",0.202347746243382,0.675445942646683,1.22132069930721,"PBLUP","not_genotyped"
1,2,"4937014",0.222276311592972,-0.354445185625683,0.191429571034846,"PBLUP","genotyped"
1,2,"62526",0.824197168324818,-0.936154483805437,-0.390279727144908,"PBLUP","not_genotyped"
1,2,"653215",1.16681049717316,0.0972121108385194,0.643086867499048,"PBLUP","genotyped"
1,2,"67055",-0.934574056522484,0.210276000548769,0.756150757209298,"PBLUP","not_genotyped"
1,2,"675238",0.418499790764617,0.234948587105353,0.780823343765882,"PBLUP","not_genotyped"
1,2,"67929",1.70620110267732,0.261976667966532,0.807851424627061,"PBLUP","not_genotyped"
1,2,"770505",-0.471574927511644,0.206261201408138,0.752135958068667,"PBLUP","genotyped"
1,2,"775",1.67162948031973,0.349867171070395,0.895741927730923,"PBLUP","not_genotyped"
1,2,"77587",1.49285062189955,0.149967773129659,0.695842529790187,"PBLUP","not_genotyped"
1,2,"80506",-0.60552876603639,-0.115168651795555,0.430706104864974,"PBLUP","genotyped"
1,2,"80836",0.898780658913924,0.342917195357476,0.888791952018004,"PBLUP","genotyped"
1,2,"855587",-0.0389206430012417,0.233319662033722,0.77919441869425,"PBLUP","not_genotyped"
1,2,"85587",0.475850406699153,-0.029554055840833,0.516320700819695,"PBLUP","genotyped"
1,2,"86394",0.108348767385612,-0.114636495468557,0.431238261191971,"PBLUP","not_genotyped"
1,2,"86954",-0.571950721518058,0.368172968136601,0.914047724797129,"PBLUP","genotyped"
1,2,"92207",1.8092807314594,0.193488529325279,0.739363285985807,"PBLUP","genotyped"
1,2,"96413",0.107485494836752,0.439360972716136,0.985235729376664,"PBLUP","genotyped"
1,2,"96501",1.01414970539627,-0.129766067906552,0.416108688753976,"PBLUP","genotyped"
1,2,"97127",0.36759928670457,-0.182193156447066,0.363681600213462,"PBLUP","genotyped"
1,2,"97487",-0.677009361897995,0.140199816650104,0.686074573310632,"PBLUP","genotyped"
1,2,"984151",1.24695639484595,0.25548594743823,0.801360704098759,"PBLUP","not_genotyped"
1,2,"1047493",0.654661841441938,0.159847379756475,0.660236844154499,"ssGBLUP","not_genotyped"
1,2,"108014",0.988813470495336,-0.064362823220681,0.436026641177343,"ssGBLUP","not_genotyped"
1,2,"1082612",1.48183982486128,0.239070216937937,0.739459681335961,"ssGBLUP","genotyped"
1,2,"1127595",0.712093898182969,0.310739344552065,0.811128808950089,"ssGBLUP","genotyped"
1,2,"126308",-0.72547478584381,0.0512165477315393,0.551606012129563,"ssGBLUP","genotyped"
1,2,"1291739",-0.949941936708294,-0.303579548239486,0.196809916158538,"ssGBLUP","not_genotyped"
1,2,"1293839",-0.0380492263717348,0.0565501165631814,0.556939580961205,"ssGBLUP","genotyped"
1,2,"1295755",-1.01605558342181,-0.568242089003031,-0.0678526246050075,"ssGBLUP","genotyped"
1,2,"1301936",-1.04376988987242,-0.553176631049124,-0.0527871666510998,"ssGBLUP","not_genotyped"
1,2,"13098",0.891019350054848,0.544775356878138,1.04516482127616,"ssGBLUP","not_genotyped"
1,2,"1311265",-0.879609656218283,0.370206900672914,0.870596365070938,"ssGBLUP","not_genotyped"
1,2,"13302",1.17418089016105,-0.830396926523083,-0.330007462125059,"ssGBLUP","not_genotyped"
1,2,"13469",2.33971284824899,0.694237920090495,1.19462738448852,"ssGBLUP","not_genotyped"
1,2,"1360815",0.567332864636195,-0.201650906110242,0.298738558287782,"ssGBLUP","genotyped"
1,2,"1390242",0.0430088083338105,-0.390728407725666,0.109661056672358,"ssGBLUP","not_genotyped"
1,2,"143023",-0.135460575021689,0.0432975707683655,0.543687035166389,"ssGBLUP","genotyped"
1,2,"143989",1.07711159289838,-0.711033802762937,-0.210644338364913,"ssGBLUP","not_genotyped"
1,2,"1507248",-0.200816822234791,-0.610419451372846,-0.110029986974822,"ssGBLUP","not_genotyped"
1,2,"1541045",-0.317448201217821,0.263038274107164,0.763427738505188,"ssGBLUP","not_genotyped"
1,2,"16122",0.858573332746812,0.57267609637887,1.07306556077689,"ssGBLUP","genotyped"
1,2,"1635496",-0.848865751766015,-0.53203623694375,-0.0316467725457264,"ssGBLUP","not_genotyped"
1,2,"1649008",-1.20229441971703,0.558629334730755,1.05901879912878,"ssGBLUP","genotyped"
1,2,"167864",0.0653317333943847,-0.474348449628019,0.0260410147700051,"ssGBLUP","not_genotyped"
1,2,"168060",-0.434926564588412,0.280998804549409,0.781388268947433,"ssGBLUP","not_genotyped"
1,2,"168924",0.175985357180603,-0.362039961007658,0.138349503390366,"ssGBLUP","not_genotyped"
1,2,"168928",0.952971371556413,-0.368297262438292,0.132092201959732,"ssGBLUP","genotyped"
1,2,"168939",0.325942314181827,-0.339035429703947,0.161354034694076,"ssGBLUP","genotyped"
1,2,"168979",0.200645633387613,0.706908823318402,1.20729828771643,"ssGBLUP","not_genotyped"
1,2,"169164",-0.143881554413385,-0.743099779032047,-0.242710314634024,"ssGBLUP","not_genotyped"
1,2,"1766370",-0.358307053836902,-0.420577750068508,0.079811714329516,"ssGBLUP","genotyped"
1,2,"1815932",-0.263876438704702,0.0439546906243721,0.544344155022396,"ssGBLUP","not_genotyped"
1,2,"1815954",0.394873812800106,0.119317826294796,0.61970729069282,"ssGBLUP","genotyped"
1,2,"19630",-0.519046773618208,0.159024181455508,0.659413645853532,"ssGBLUP","not_genotyped"
1,2,"20424",3.27892080508434,0.237396894258043,0.737786358656067,"ssGBLUP","genotyped"
1,2,"217743",-0.15331239980563,-0.166678198542515,0.333711265855509,"ssGBLUP","genotyped"
1,2,"2200733",0.204334901921886,0.0400244507519349,0.540413915149959,"ssGBLUP","not_genotyped"
1,2,"2201662",-1.78674622345547,-0.408658083506115,0.0917313808919088,"ssGBLUP","not_genotyped"
1,2,"220384",-0.76760411504423,-0.500389464398024,0,"ssGBLUP","not_genotyped"
1,2,"222693",-0.973934398302038,-0.415616483475238,0.0847729809227857,"ssGBLUP","genotyped"
1,2,"2464236",0.0910588841664946,-0.105755875362669,0.394633589035355,"ssGBLUP","not_genotyped"
1,2,"2484320",-1.39759761777528,-0.112436613555322,0.387952850842702,"ssGBLUP","genotyped"
1,2,"2485050",-0.81742145637788,-0.616603573843996,-0.116214109445972,"ssGBLUP","genotyped"
1,2,"2485260",-1.10190233754932,-1.09599823724408,-0.595608772846053,"ssGBLUP","genotyped"
1,2,"2485890",-2.06419061894565,-0.612951698100311,-0.112562233702287,"ssGBLUP","not_genotyped"
1,2,"2487807",-2.07697682556554,-1.20434662190026,-0.703957157502239,"ssGBLUP","not_genotyped"
1,2,"2668072",-0.291427863542325,-0.500389464398024,0,"ssGBLUP","not_genotyped"
1,2,"269000",1.24462718778016,-0.0803375349459229,0.420051929452101,"ssGBLUP","genotyped"
1,2,"292907",-0.32430551712479,0.249592180079464,0.749981644477488,"ssGBLUP","not_genotyped"
1,2,"294705",0.782361026027785,-0.150739715778153,0.349649748619871,"ssGBLUP","genotyped"
1,2,"294897",0.50474560484396,0.513518825997615,1.01390829039564,"ssGBLUP","not_genotyped"
1,2,"295026",1.44896217127881,0.585776694976629,1.08616615937465,"ssGBLUP","not_genotyped"
1,2,"295146",1.00396960458425,0.463452242365885,0.963841706763909,"ssGBLUP","genotyped"
1,2,"295261",0.222887117641691,0.555772720900909,1.05616218529893,"ssGBLUP","genotyped"
1,2,"321131",0.159412153058651,-0.124403088407992,0.375986375990032,"ssGBLUP","genotyped"
1,2,"321397",0.364545256460967,0.13205451750733,0.632443981905353,"ssGBLUP","not_genotyped"
1,2,"342294",0.689583659267455,0.640363891041508,1.14075335543953,"ssGBLUP","genotyped"
1,2,"358060",-0.459033043311249,-0.281157462230253,0.219232002167771,"ssGBLUP","genotyped"
1,2,"359354",0.595723129780728,0.582741026310879,1.0831304907089,"ssGBLUP","not_genotyped"
1,2,"367789",1.33162225727927,0.647244550481248,1.14763401487927,"ssGBLUP","genotyped"
1,2,"368747",1.46796231143435,0.296984598157401,0.797374062555425,"ssGBLUP","genotyped"
1,2,"369673",1.21913621534689,0.135788149131027,0.636177613529051,"ssGBLUP","genotyped"
1,2,"373045",-0.665941556295178,0.0165293098173345,0.516918774215358,"ssGBLUP","not_genotyped"
1,2,"3825284",-1.51471764159728,0.0036421650406907,0.504031629438715,"ssGBLUP","genotyped"
1,2,"3826177",-0.880505505089741,-0.657274516186334,-0.15688505178831,"ssGBLUP","genotyped"
1,2,"3826178",-1.22189722184064,-0.678819863492631,-0.178430399094607,"ssGBLUP","genotyped"
1,2,"3827748",-1.44840039286753,-0.525710071048852,-0.0253206066508282,"ssGBLUP","genotyped"
1,2,"3830109",-2.41866172921982,0.225903920911117,0.726293385309141,"ssGBLUP","genotyped"
1,2,"3830165",-1.84079848672692,-0.938574909070865,-0.438185444672841,"ssGBLUP","not_genotyped"
1,2,"3848142",-1.64571517884622,-0.938574909070861,-0.438185444672837,"ssGBLUP","not_genotyped"
1,2,"3863186",-1.46247336423005,-0.681527710417257,-0.181138246019233,"ssGBLUP","genotyped"
1,2,"3865255",-1.92223929322299,-1.08815183779417,-0.587762373396148,"ssGBLUP","genotyped"
1,2,"3889",2.33609687644057,0.256536375399051,0.756925839797075,"ssGBLUP","genotyped"
1,2,"391721",-1.09107885436599,-0.500389464398024,0,"ssGBLUP","not_genotyped"
1,2,"392959",0.26048019392028,0.934416694482587,1.43480615888061,"ssGBLUP","not_genotyped"
1,2,"39359",1.49504952367494,1.24496538520036,1.74535484959839,"ssGBLUP","not_genotyped"
1,2,"4057141",-0.841470926536171,0.0404051233806939,0.540794587778718,"ssGBLUP","genotyped"
1,2,"4057142",-0.895572054291514,0.347747704480351,0.848137168878375,"ssGBLUP","genotyped"
1,2,"4059227",-0.490371465650939,0.26438016619336,0.764769630591384,"ssGBLUP","not_genotyped"
1,2,"4062993",-1.24850393332291,-0.415131228701802,0.0852582356962224,"ssGBLUP","not_genotyped"
1,2,"4069736",-1.20997428776961,0.514492441753025,1.01488190615105,"ssGBLUP","genotyped"
1,2,"412450",-0.371948388924996,-0.135753274948362,0.364636189449662,"ssGBLUP","genotyped"
1,2,"413235",-0.454749256889555,-0.344679895659859,0.155709568738165,"ssGBLUP","genotyped"
1,2,"415066",0.240014119247817,0.0335328260086932,0.533922290406717,"ssGBLUP","not_genotyped"
1,2,"415173",-0.00198723725527206,-0.2038643181904,0.296525146207624,"ssGBLUP","genotyped"
1,2,"41761",0.535644246828573,0.469188757329912,0.969578221727936,"ssGBLUP","genotyped"
1,2,"41804",-0.456435081584024,0.151382195051977,0.651771659450001,"ssGBLUP","genotyped"
1,2,"42066",0.139231121208924,0.32511509779278,0.825504562190804,"ssGBLUP","genotyped"
1,2,"42083",0.309238804769481,0.0346434118550245,0.535032876253048,"ssGBLUP","not_genotyped"
1,2,"421747",0.0844621788403119,0.0441227652441037,0.544512229642128,"ssGBLUP","genotyped"
1,2,"423133",-0.80039218373955,-0.569099630301737,-0.0687101659037136,"ssGBLUP","not_genotyped"
1,2,"423200",1.34527988052866,-0.0629076926356228,0.437481771762401,"ssGBLUP","genotyped"
1,2,"424702",0.939248595661824,0.879936786409865,1.38032625080789,"ssGBLUP","not_genotyped"
1,2,"4248",0.647218151728196,0.055961351941195,0.556350816339219,"ssGBLUP","not_genotyped"
1,2,"427258",0.105180720012913,-0.0743652560548189,0.426024208343205,"ssGBLUP","not_genotyped"
1,2,"429247",-1.04267858306538,0.590997296694985,1.09138676109301,"ssGBLUP","not_genotyped"
1,2,"431742",-1.65755667211075,0.0864670976279841,0.586856562026008,"ssGBLUP","not_genotyped"
1,2,"432043",-0.726167032699027,0.0218485183696436,0.522237982767668,"ssGBLUP","not_genotyped"
1,2,"433740",-0.395224171421573,-0.123720820499788,0.376668643898236,"ssGBLUP","not_genotyped"
1,2,"480143",0.202347746243382,0.551689730243502,1.05207919464153,"ssGBLUP","not_genotyped"
1,2,"4937014",0.222276311592972,0.186520623036173,0.686910087434197,"ssGBLUP","genotyped"
1,2,"62526",0.824197168324818,-0.748588847889797,-0.248199383491773,"ssGBLUP","not_genotyped"
1,2,"653215",1.16681049717316,-0.334285117304188,0.166104347093836,"ssGBLUP","genotyped"
1,2,"67055",-0.934574056522484,0.0782982340720275,0.578687698470051,"ssGBLUP","not_genotyped"
1,2,"675238",0.418499790764617,0.281118953275805,0.781508417673829,"ssGBLUP","not_genotyped"
1,2,"67929",1.70620110267732,-0.182537522867148,0.317851941530876,"ssGBLUP","not_genotyped"
1,2,"770505",-0.471574927511644,0.565573786312978,1.065963250711,"ssGBLUP","genotyped"
1,2,"775",1.67162948031973,0.258737918309447,0.759127382707471,"ssGBLUP","not_genotyped"
1,2,"77587",1.49285062189955,0.147080931107415,0.647470395505439,"ssGBLUP","not_genotyped"
1,2,"80506",-0.60552876603639,0.222203623355525,0.722593087753549,"ssGBLUP","genotyped"
1,2,"80836",0.898780658913924,-0.106983746219996,0.393405718178028,"ssGBLUP","genotyped"
1,2,"855587",-0.0389206430012417,0.469503764264943,0.969893228662967,"ssGBLUP","not_genotyped"
1,2,"85587",0.475850406699153,0.0302532684216658,0.53064273281969,"ssGBLUP","genotyped"
1,2,"86394",0.108348767385612,-0.13656010645113,0.363829357946894,"ssGBLUP","not_genotyped"
1,2,"86954",-0.571950721518058,-0.0743269916340157,0.426062472764008,"ssGBLUP","genotyped"
1,2,"92207",1.8092807314594,0.236006671365818,0.736396135763842,"ssGBLUP","genotyped"
1,2,"96413",0.107485494836752,0.311827637874861,0.812217102272885,"ssGBLUP","genotyped"
1,2,"96501",1.01414970539627,0.661600034213793,1.16198949861182,"ssGBLUP","genotyped"
1,2,"97127",0.36759928670457,0.170232068086917,0.670621532484941,"ssGBLUP","genotyped"
1,2,"97487",-0.677009361897995,-0.214724226328071,0.285665238069953,"ssGBLUP","genotyped"
1,2,"984151",1.24695639484595,0.28017743317722,0.780566897575244,"ssGBLUP","not_genotyped"
1,3,"1064007",1.13284153678365,0.219234267916039,0.670827712280797,"PBLUP","genotyped"
1,3,"1066175",0.208789714037222,0.428964853740255,0.880558298105012,"PBLUP","genotyped"
1,3,"1081265",1.56569127922964,-0.390345416160735,0.0612480282040217,"PBLUP","not_genotyped"
1,3,"1193118",-1.27799364935514,-0.201913295969815,0.249680148394942,"PBLUP","not_genotyped"
1,3,"1195398",-0.610822418458635,0.407206438428212,0.858799882792969,"PBLUP","not_genotyped"
1,3,"126114",1.67147474278739,0.124037258507573,0.57563070287233,"PBLUP","not_genotyped"
1,3,"1296234",-0.732226228702336,0.121220903325052,0.572814347689809,"PBLUP","genotyped"
1,3,"1298205",-0.951635905483413,-0.135818479385885,0.315774964978873,"PBLUP","not_genotyped"
1,3,"1301802",-0.857237866673811,-0.439488378592667,0.0121050657720897,"PBLUP","genotyped"
1,3,"133128",0.32484286329413,0.445820301369765,0.897413745734522,"PBLUP","genotyped"
1,3,"13396",0.797614889084498,-0.415116541741429,0.0364769026233285,"PBLUP","not_genotyped"
1,3,"1342417",-0.105140162763201,0.22500930267608,0.676602747040837,"PBLUP","genotyped"
1,3,"13728",0.950023214361255,0.376269848246771,0.827863292611528,"PBLUP","not_genotyped"
1,3,"13954",0.665868096415797,-0.186035011929432,0.265558432435325,"PBLUP","genotyped"
1,3,"1399978",-1.50500989746295,0.181931443167388,0.633524887532145,"PBLUP","not_genotyped"
1,3,"1402346",-0.162702524794628,-0.353917692084116,0.0976757522806406,"PBLUP","not_genotyped"
1,3,"143067",0.584313272790627,0.361361057752088,0.812954502116846,"PBLUP","not_genotyped"
1,3,"1437563",-0.551834842313526,-0.397437234055629,0.0541562103091277,"PBLUP","genotyped"
1,3,"1477994",1.17454737379029,0.109520194900485,0.561113639265242,"PBLUP","not_genotyped"
1,3,"1478148",-0.880179741863756,0.00704126247145281,0.45863470683621,"PBLUP","genotyped"
1,3,"1491661",-0.267622715803522,0.285097156877177,0.736690601241934,"PBLUP","not_genotyped"
1,3,"1541043",0.354414020132854,-0.0229914719693117,0.428601972395445,"PBLUP","not_genotyped"
1,3,"1563730",0.980278473974546,0.345552809053093,0.797146253417851,"PBLUP","not_genotyped"
1,3,"16004",-0.485240694841686,0.180770159053655,0.632363603418412,"PBLUP","genotyped"
1,3,"1630947",0.133668714125241,-0.341848050056858,0.109745394307899,"PBLUP","genotyped"
1,3,"1630957",0.152864312216366,-0.341848050056858,0.109745394307899,"PBLUP","not_genotyped"
1,3,"1636586",-0.384001628286413,-0.301341197424129,0.150252246940628,"PBLUP","not_genotyped"
1,3,"1637620",0.296908666665976,-0.270812885349383,0.180780559015374,"PBLUP","not_genotyped"
1,3,"1651705",-0.265073618560194,0.112332949397399,0.563926393762156,"PBLUP","not_genotyped"
1,3,"1671942",0.181808374845072,0.0710771631073471,0.522670607472104,"PBLUP","genotyped"
1,3,"1672866",-0.491755959361372,-0.405626585987498,0.0459668583772595,"PBLUP","genotyped"
1,3,"168154",1.4005456118169,0.7017550698274,1.15334851419216,"PBLUP","not_genotyped"
1,3,"168614",-0.438778714735675,0.110071420832021,0.561664865196778,"PBLUP","not_genotyped"
1,3,"168912",-0.450848242258393,-0.129246775049862,0.322346669314895,"PBLUP","genotyped"
1,3,"170744",-2.22424623595239,-1.35322215620389,-0.901628711839137,"PBLUP","not_genotyped"
1,3,"1796426",-0.449993113790185,-0.310384636377492,0.141208807987265,"PBLUP","not_genotyped"
1,3,"1799716",-0.931715484214473,-0.645418551523059,-0.193825107158301,"PBLUP","not_genotyped"
1,3,"1838323",-1.76676064954134,0.212821214271181,0.664414658635938,"PBLUP","genotyped"
1,3,"20010",0.985775728413032,-0.171311944539096,0.280281499825661,"PBLUP","genotyped"
1,3,"20934",0.434111993369914,0.0453917996965122,0.496985244061269,"PBLUP","genotyped"
1,3,"2114149",1.08853773804978,-0.180452584510687,0.271140859854071,"PBLUP","not_genotyped"
1,3,"2117143",0.0567723046316471,0.0796649447423969,0.531258389107154,"PBLUP","genotyped"
1,3,"2163607",0.440545817083104,0.0602611380105672,0.511854582375324,"PBLUP","not_genotyped"
1,3,"2166",-0.25270276005344,0.199264865339469,0.650858309704226,"PBLUP","genotyped"
1,3,"217451",-0.997039155104975,-0.0781585917413493,0.373434852623408,"PBLUP","genotyped"
1,3,"217726",-0.630873145017969,0.0461365007273731,0.49772994509213,"PBLUP","not_genotyped"
1,3,"217748",0.578498399206806,0.323881326736113,0.77547477110087,"PBLUP","genotyped"
1,3,"222490",0.822315885694759,0.0642248475000065,0.515818291864764,"PBLUP","genotyped"
1,3,"2460025",-0.086099302204419,0.0719168939066572,0.523510338271414,"PBLUP","genotyped"
1,3,"2465",0.785439488513336,0.138211271695011,0.589804716059768,"PBLUP","genotyped"
1,3,"2485043",-1.35715411326932,-0.606866770251873,-0.155273325887116,"PBLUP","genotyped"
1,3,"2485915",-1.84783497240818,-1.4863848826087,-1.03479143824395,"PBLUP","not_genotyped"
1,3,"2588634",0.216599887380195,-0.112398294585013,0.339195149779744,"PBLUP","genotyped"
1,3,"2621166",-0.628633522839326,0.00755755790954327,0.4591510022743,"PBLUP","genotyped"
1,3,"27001",0.26570869369733,-0.0778480622130054,0.373745382151752,"PBLUP","genotyped"
1,3,"292717",0.615765712259412,0.74589177399501,1.19748521835977,"PBLUP","genotyped"
1,3,"294724",0.965651705127852,0.0203253861704297,0.471918830535187,"PBLUP","genotyped"
1,3,"294834",-0.157009812420551,0.230295749936409,0.681889194301166,"PBLUP","not_genotyped"
1,3,"294881",0.732445955726339,0.292436762465436,0.744030206830194,"PBLUP","not_genotyped"
1,3,"295191",0.107982283756379,0.136251960966752,0.587845405331509,"PBLUP","genotyped"
1,3,"295788",-1.68811326270808,-0.451593444364757,0,"PBLUP","not_genotyped"
1,3,"30709",0.345105335950353,-0.107126038604428,0.344467405760329,"PBLUP","genotyped"
1,3,"342253",1.07641120196251,0.840257654225907,1.29185109859066,"PBLUP","genotyped"
1,3,"345434",2.52690454198022,0.341006121390164,0.792599565754921,"PBLUP","not_genotyped"
1,3,"3578468",-1.70247942097398,-0.303839515896079,0.147753928468678,"PBLUP","genotyped"
1,3,"369564",0.0694933586063328,0.12939745876258,0.580990903127337,"PBLUP","genotyped"
1,3,"376804",-0.154615452709568,-0.451593444364757,0,"PBLUP","genotyped"
1,3,"377276",0.137292830014317,-0.142645169614468,0.308948274750289,"PBLUP","not_genotyped"
1,3,"3822784",-0.562658325496856,-0.670022984310034,-0.218429539945276,"PBLUP","genotyped"
1,3,"3827762",-2.04514161430622,-0.0554503624808906,0.396143081883866,"PBLUP","not_genotyped"
1,3,"3827768",-2.28909755016522,-0.743860480077991,-0.292267035713234,"PBLUP","not_genotyped"
1,3,"3830034",-2.00663640099488,-0.106109629428416,0.345483814936341,"PBLUP","genotyped"
1,3,"3830069",-1.63645535914761,-0.572967622949122,-0.121374178584365,"PBLUP","not_genotyped"
1,3,"3830184",-1.42619148493605,0.142726697958037,0.594320142322794,"PBLUP","genotyped"
1,3,"3830201",-1.69475068843751,-0.248911935211205,0.202681509153552,"PBLUP","genotyped"
1,3,"3830206",-1.74084618491428,-0.2654658237961,0.186127620568657,"PBLUP","not_genotyped"
1,3,"3849968",-1.45247243319233,0.0324434081704373,0.484036852535194,"PBLUP","genotyped"
1,3,"3855090",-2.01515510935437,0.284023253435638,0.735616697800395,"PBLUP","not_genotyped"
1,3,"3855110",-1.74344414664151,-0.290863052896438,0.160730391468319,"PBLUP","not_genotyped"
1,3,"3881",0.998317612613427,0.51266492740394,0.964258371768697,"PBLUP","genotyped"
1,3,"390604",0.852253526162716,0.33971373203967,0.791307176404427,"PBLUP","not_genotyped"
1,3,"391994",0.227317497515078,-0.0481086023141107,0.403484842050646,"PBLUP","genotyped"
1,3,"392036",0.331048652749132,-0.296330507098091,0.155262937266667,"PBLUP","genotyped"
1,3,"393205",0.523151227112074,0.351754313401057,0.803347757765814,"PBLUP","not_genotyped"
1,3,"393281",1.14763118724333,0.0126844173017635,0.464277861666521,"PBLUP","genotyped"
1,3,"393298",-0.151805744885452,0.267378895242744,0.718972339607501,"PBLUP","not_genotyped"
1,3,"4057151",-1.10752175319755,-0.00380220201142317,0.447791242353334,"PBLUP","not_genotyped"
1,3,"416019",-0.58579565862239,0.0957735227688487,0.547366967133606,"PBLUP","not_genotyped"
1,3,"41709",0.00451173910311468,0.113067792082673,0.56466123644743,"PBLUP","not_genotyped"
1,3,"418273",-0.9041722034575,-0.140280471231118,0.31131297313364,"PBLUP","not_genotyped"
1,3,"419528",1.06256626485818,0.193830605555679,0.645424049920436,"PBLUP","not_genotyped"
1,3,"421749",0.130883438543077,-0.146008423049673,0.305585021315084,"PBLUP","genotyped"
1,3,"422983",0.411675051180245,0.0647593128529051,0.516352757217662,"PBLUP","genotyped"
1,3,"423409",0.221396750882815,0.187008975194289,0.638602419559046,"PBLUP","genotyped"
1,3,"430154",0.869437536333388,0.0365817345626072,0.488175178927364,"PBLUP","not_genotyped"
1,3,"43154",0.0307112465529028,0.0148622418733974,0.466455686238154,"PBLUP","genotyped"
1,3,"438163",0.788835570144222,-0.0350545896281454,0.416538854736612,"PBLUP","genotyped"
1,3,"438323",-0.30088314117652,0.308155756812763,0.75974920117752,"PBLUP","not_genotyped"
1,3,"447647",0.81275473501212,0.0904712670598152,0.542064711424572,"PBLUP","genotyped"
1,3,"457982",-1.10227696525921,0.036671356248849,0.488264800613606,"PBLUP","not_genotyped"
1,3,"458835",0.881148724307524,0.738622037622863,1.19021548198762,"PBLUP","not_genotyped"
1,3,"5131",-0.967639023959892,0.111349397587711,0.562942841952468,"PBLUP","genotyped"
1,3,"601577",0.10942378603136,0.430080247540035,0.881673691904793,"PBLUP","not_genotyped"
1,3,"62221",1.08326037378884,0.318167370404204,0.769760814768962,"PBLUP","genotyped"
1,3,"624629",0.195669600110703,0.0642248475000065,0.515818291864764,"PBLUP","not_genotyped"
1,3,"62627",0.560687294826115,0.110833258450607,0.562426702815364,"PBLUP","genotyped"
1,3,"62633",0.381183613228116,0.229815556797065,0.681409001161822,"PBLUP","genotyped"
1,3,"64873",0.160755926365836,-0.450041028844931,0.00155241551982581,"PBLUP","genotyped"
1,3,"673831",0.29330898301885,-0.264422239837238,0.18717120452752,"PBLUP","not_genotyped"
1,3,"68460",1.04727168139822,0.410726357622759,0.862319801987516,"PBLUP","genotyped"
1,3,"692864",-0.987640886035329,-0.515649221250153,-0.0640557768853962,"PBLUP","genotyped"
1,3,"730613",-0.860454778530405,0.0684227302760791,0.520016174640836,"PBLUP","not_genotyped"
1,3,"76718",-0.40858860776758,-0.157919482612725,0.293673961752032,"PBLUP","not_genotyped"
1,3,"77230",-0.321023452622998,-0.0683577451416743,0.383235699223083,"PBLUP","genotyped"
1,3,"77246",0.938141000693478,-0.0293155817760893,0.422277862588668,"PBLUP","genotyped"
1,3,"83123",1.29932283342292,0.479270556269302,0.930864000634059,"PBLUP","not_genotyped"
1,3,"85676",1.25576829010882,0.144103185144713,0.59569662950947,"PBLUP","genotyped"
1,3,"86162",-0.760966689314801,0.414629990562665,0.866223434927422,"PBLUP","not_genotyped"
1,3,"86230",0.268111197488963,0.231149818277136,0.682743262641893,"PBLUP","genotyped"
1,3,"934019",0.0447272093508763,-0.0491901560988777,0.402403288265879,"PBLUP","genotyped"
1,3,"1064007",1.13284153678365,0.330288542468737,0.76846108328143,"ssGBLUP","genotyped"
1,3,"1066175",0.208789714037222,0.409215970549897,0.84738851136259,"ssGBLUP","genotyped"
1,3,"1081265",1.56569127922964,-0.33593118747344,0.102241353339252,"ssGBLUP","not_genotyped"
1,3,"1193118",-1.27799364935514,-0.121743971934242,0.31642856887845,"ssGBLUP","not_genotyped"
1,3,"1195398",-0.610822418458635,0.449122664490481,0.887295205303174,"ssGBLUP","not_genotyped"
1,3,"126114",1.67147474278739,0.499061426877058,0.937233967689751,"ssGBLUP","not_genotyped"
1,3,"1296234",-0.732226228702336,0.371042849776493,0.809215390589185,"ssGBLUP","genotyped"
1,3,"1298205",-0.951635905483413,-0.227981151056747,0.210191389755946,"ssGBLUP","not_genotyped"
1,3,"1301802",-0.857237866673811,-0.430856124920959,0.00731641589173344,"ssGBLUP","genotyped"
1,3,"133128",0.32484286329413,0.534822406486315,0.972994947299007,"ssGBLUP","genotyped"
1,3,"13396",0.797614889084498,-0.550899832241293,-0.112727291428601,"ssGBLUP","not_genotyped"
1,3,"1342417",-0.105140162763201,0.320180330416901,0.758352871229594,"ssGBLUP","genotyped"
1,3,"13728",0.950023214361255,0.284018714778392,0.722191255591085,"ssGBLUP","not_genotyped"
1,3,"13954",0.665868096415797,0.150825393394581,0.588997934207273,"ssGBLUP","genotyped"
1,3,"1399978",-1.50500989746295,0.261015586549276,0.699188127361969,"ssGBLUP","not_genotyped"
1,3,"1402346",-0.162702524794628,-0.263184062011178,0.174988478801514,"ssGBLUP","not_genotyped"
1,3,"143067",0.584313272790627,0.173813811002226,0.611986351814919,"ssGBLUP","not_genotyped"
1,3,"1437563",-0.551834842313526,0.133195665829237,0.571368206641929,"ssGBLUP","genotyped"
1,3,"1477994",1.17454737379029,0.0849436026686313,0.523116143481324,"ssGBLUP","not_genotyped"
1,3,"1478148",-0.880179741863756,0.46097040326338,0.899142944076073,"ssGBLUP","genotyped"
1,3,"1491661",-0.267622715803522,0.302625818607745,0.740798359420438,"ssGBLUP","not_genotyped"
1,3,"1541043",0.354414020132854,-0.0172453211794717,0.420927219633221,"ssGBLUP","not_genotyped"
1,3,"1563730",0.980278473974546,0.51424799197181,0.952420532784503,"ssGBLUP","not_genotyped"
1,3,"16004",-0.485240694841686,-0.230734868478442,0.207437672334251,"ssGBLUP","genotyped"
1,3,"1630947",0.133668714125241,-0.0441776609069412,0.393994879905751,"ssGBLUP","genotyped"
1,3,"1630957",0.152864312216366,-0.0594190536405629,0.37875348717213,"ssGBLUP","not_genotyped"
1,3,"1636586",-0.384001628286413,-0.182170090782579,0.256002450030114,"ssGBLUP","not_genotyped"
1,3,"1637620",0.296908666665976,-0.332791764554312,0.105380776258381,"ssGBLUP","not_genotyped"
1,3,"1651705",-0.265073618560194,0.170863068617606,0.609035609430298,"ssGBLUP","not_genotyped"
1,3,"1671942",0.181808374845072,0.248421520040749,0.686594060853441,"ssGBLUP","genotyped"
1,3,"1672866",-0.491755959361372,-0.454682212242727,-0.0165096714300345,"ssGBLUP","genotyped"
1,3,"168154",1.4005456118169,0.883854011911985,1.32202655272468,"ssGBLUP","not_genotyped"
1,3,"168614",-0.438778714735675,-0.0470683312122133,0.391104209600479,"ssGBLUP","not_genotyped"
1,3,"168912",-0.450848242258393,-0.112671929682031,0.325500611130661,"ssGBLUP","genotyped"
1,3,"170744",-2.22424623595239,-1.29211668599866,-0.853944145185972,"ssGBLUP","not_genotyped"
1,3,"1796426",-0.449993113790185,-0.498810316092146,-0.0606377752794536,"ssGBLUP","not_genotyped"
1,3,"1799716",-0.931715484214473,-0.562384168344316,-0.124211627531623,"ssGBLUP","not_genotyped"
1,3,"1838323",-1.76676064954134,-0.413783493967797,0.0243890468448954,"ssGBLUP","genotyped"
1,3,"20010",0.985775728413032,-0.313212561876418,0.124959978936275,"ssGBLUP","genotyped"
1,3,"20934",0.434111993369914,0.335899239274521,0.774071780087214,"ssGBLUP","genotyped"
1,3,"2114149",1.08853773804978,-0.0776002282705028,0.36057231254219,"ssGBLUP","not_genotyped"
1,3,"2117143",0.0567723046316471,-0.455579185393319,-0.0174066445806264,"ssGBLUP","genotyped"
1,3,"2163607",0.440545817083104,0.156839126064445,0.595011666877138,"ssGBLUP","not_genotyped"
1,3,"2166",-0.25270276005344,-0.049353694828514,0.388818845984179,"ssGBLUP","genotyped"
1,3,"217451",-0.997039155104975,-0.146801065176221,0.291371475636471,"ssGBLUP","genotyped"
1,3,"217726",-0.630873145017969,0.0402635619280927,0.478436102740785,"ssGBLUP","not_genotyped"
1,3,"217748",0.578498399206806,-0.111789437513365,0.326383103299328,"ssGBLUP","genotyped"
1,3,"222490",0.822315885694759,0.269743669710319,0.707916210523012,"ssGBLUP","genotyped"
1,3,"2460025",-0.086099302204419,-0.278984547727228,0.159187993085464,"ssGBLUP","genotyped"
1,3,"2465",0.785439488513336,0.0893165516815196,0.527489092494212,"ssGBLUP","genotyped"
1,3,"2485043",-1.35715411326932,-0.0800341395673861,0.358138401245306,"ssGBLUP","genotyped"
1,3,"2485915",-1.84783497240818,-1.39683281676786,-0.958660275955164,"ssGBLUP","not_genotyped"
1,3,"2588634",0.216599887380195,-0.0563909661996373,0.381781574613055,"ssGBLUP","genotyped"
1,3,"2621166",-0.628633522839326,0.50102684086901,0.939199381681702,"ssGBLUP","genotyped"
1,3,"27001",0.26570869369733,0.0833646533693281,0.521537194182021,"ssGBLUP","genotyped"
1,3,"292717",0.615765712259412,0.680487743093224,1.11866028390592,"ssGBLUP","genotyped"
1,3,"294724",0.965651705127852,-0.192506186623083,0.24566635418961,"ssGBLUP","genotyped"
1,3,"294834",-0.157009812420551,0.463440774832322,0.901613315645014,"ssGBLUP","not_genotyped"
1,3,"294881",0.732445955726339,0.402858991380427,0.84103153219312,"ssGBLUP","not_genotyped"
1,3,"295191",0.107982283756379,0.190760324606215,0.628932865418908,"ssGBLUP","genotyped"
1,3,"295788",-1.68811326270808,-0.438172540812693,0,"ssGBLUP","not_genotyped"
1,3,"30709",0.345105335950353,-0.171737869398356,0.266434671414337,"ssGBLUP","genotyped"
1,3,"342253",1.07641120196251,0.990819497512273,1.42899203832497,"ssGBLUP","genotyped"
1,3,"345434",2.52690454198022,0.274028689798378,0.71220123061107,"ssGBLUP","not_genotyped"
1,3,"3578468",-1.70247942097398,-0.0750255139560236,0.363147026856669,"ssGBLUP","genotyped"
1,3,"369564",0.0694933586063328,-0.0244703487167614,0.413702192095931,"ssGBLUP","genotyped"
1,3,"376804",-0.154615452709568,-0.166603182514591,0.271569358298102,"ssGBLUP","genotyped"
1,3,"377276",0.137292830014317,-0.0556160643655373,0.382556476447155,"ssGBLUP","not_genotyped"
1,3,"3822784",-0.562658325496856,-0.794966856010496,-0.356794315197803,"ssGBLUP","genotyped"
1,3,"3827762",-2.04514161430622,0.0628769727454674,0.50104951355816,"ssGBLUP","not_genotyped"
1,3,"3827768",-2.28909755016522,-0.761940832082169,-0.323768291269477,"ssGBLUP","not_genotyped"
1,3,"3830034",-2.00663640099488,-0.00461178809527857,0.433560752717414,"ssGBLUP","genotyped"
1,3,"3830069",-1.63645535914761,-0.617681393920233,-0.179508853107541,"ssGBLUP","not_genotyped"
1,3,"3830184",-1.42619148493605,-1.07271134790765,-0.634538807094957,"ssGBLUP","genotyped"
1,3,"3830201",-1.69475068843751,-1.06423622228307,-0.626063681470382,"ssGBLUP","genotyped"
1,3,"3830206",-1.74084618491428,-0.0743867413309469,0.363785799481746,"ssGBLUP","not_genotyped"
1,3,"3849968",-1.45247243319233,0.281269518966099,0.719442059778791,"ssGBLUP","genotyped"
1,3,"3855090",-2.01515510935437,0.173426894305107,0.611599435117799,"ssGBLUP","not_genotyped"
1,3,"3855110",-1.74344414664151,-0.231858879778197,0.206313661034496,"ssGBLUP","not_genotyped"
1,3,"3881",0.998317612613427,0.416682565720639,0.854855106533331,"ssGBLUP","genotyped"
1,3,"390604",0.852253526162716,0.521106503085338,0.95927904389803,"ssGBLUP","not_genotyped"
1,3,"391994",0.227317497515078,0.562181687438673,1.00035422825137,"ssGBLUP","genotyped"
1,3,"392036",0.331048652749132,0.154708279634392,0.592880820447084,"ssGBLUP","genotyped"
1,3,"393205",0.523151227112074,0.534321210337446,0.972493751150139,"ssGBLUP","not_genotyped"
1,3,"393281",1.14763118724333,0.200464433513124,0.638636974325816,"ssGBLUP","genotyped"
1,3,"393298",-0.151805744885452,0.00421441001168421,0.442386950824377,"ssGBLUP","not_genotyped"
1,3,"4057151",-1.10752175319755,-0.125293942517845,0.312878598294848,"ssGBLUP","not_genotyped"
1,3,"416019",-0.58579565862239,0.107603345892373,0.545775886705066,"ssGBLUP","not_genotyped"
1,3,"41709",0.00451173910311468,0.0515707549354452,0.489743295748138,"ssGBLUP","not_genotyped"
1,3,"418273",-0.9041722034575,-0.0738632732469039,0.364309267565789,"ssGBLUP","not_genotyped"
1,3,"419528",1.06256626485818,0.185056179232746,0.623228720045439,"ssGBLUP","not_genotyped"
1,3,"421749",0.130883438543077,0.375981733933131,0.814154274745823,"ssGBLUP","genotyped"
1,3,"422983",0.411675051180245,-0.0334380661800673,0.404734474632625,"ssGBLUP","genotyped"
1,3,"423409",0.221396750882815,0.0658272766119464,0.503999817424639,"ssGBLUP","genotyped"
1,3,"430154",0.869437536333388,-0.120104186422884,0.318068354389809,"ssGBLUP","not_genotyped"
1,3,"43154",0.0307112465529028,0.277191518259654,0.715364059072346,"ssGBLUP","genotyped"
1,3,"438163",0.788835570144222,0.391523648177528,0.82969618899022,"ssGBLUP","genotyped"
1,3,"438323",-0.30088314117652,0.274466117073241,0.712638657885934,"ssGBLUP","not_genotyped"
1,3,"447647",0.81275473501212,0.477544109254708,0.915716650067401,"ssGBLUP","genotyped"
1,3,"457982",-1.10227696525921,0.00131285168821582,0.439485392500908,"ssGBLUP","not_genotyped"
1,3,"458835",0.881148724307524,1.24873438421998,1.68690692503267,"ssGBLUP","not_genotyped"
1,3,"5131",-0.967639023959892,-0.330930376749084,0.107242164063609,"ssGBLUP","genotyped"
1,3,"601577",0.10942378603136,0.375058730591037,0.81323127140373,"ssGBLUP","not_genotyped"
1,3,"62221",1.08326037378884,0.424905771336699,0.863078312149391,"ssGBLUP","genotyped"
1,3,"624629",0.195669600110703,0.116838017855383,0.555010558668076,"ssGBLUP","not_genotyped"
1,3,"62627",0.560687294826115,0.170750684326719,0.608923225139412,"ssGBLUP","genotyped"
1,3,"62633",0.381183613228116,0.404372918188635,0.842545459001327,"ssGBLUP","genotyped"
1,3,"64873",0.160755926365836,-0.322197011829805,0.115975528982887,"ssGBLUP","genotyped"
1,3,"673831",0.29330898301885,-0.242119118402817,0.196053422409875,"ssGBLUP","not_genotyped"
1,3,"68460",1.04727168139822,0.242644783804112,0.680817324616805,"ssGBLUP","genotyped"
1,3,"692864",-0.987640886035329,-0.213680302402501,0.224492238410192,"ssGBLUP","genotyped"
1,3,"730613",-0.860454778530405,0.0401591286084704,0.478331669421163,"ssGBLUP","not_genotyped"
1,3,"76718",-0.40858860776758,-0.0752356456072567,0.362936895205436,"ssGBLUP","not_genotyped"
1,3,"77230",-0.321023452622998,-0.329862341084647,0.108310199728046,"ssGBLUP","genotyped"
1,3,"77246",0.938141000693478,0.0501714390889115,0.488343979901604,"ssGBLUP","genotyped"
1,3,"83123",1.29932283342292,0.337339532261671,0.775512073074364,"ssGBLUP","not_genotyped"
1,3,"85676",1.25576829010882,-0.0811438833338565,0.357028657478836,"ssGBLUP","genotyped"
1,3,"86162",-0.760966689314801,0.49867857576204,0.936851116574733,"ssGBLUP","not_genotyped"
1,3,"86230",0.268111197488963,0.241205587515619,0.679378128328312,"ssGBLUP","genotyped"
1,3,"934019",0.0447272093508763,-0.249625492346766,0.188547048465926,"ssGBLUP","genotyped"
1,4,"1066279",-0.0723113736646331,0.493422055825302,0.984536841153131,"PBLUP","genotyped"
1,4,"1066569",0.0567723046316471,0.500676124164693,0.991790909492522,"PBLUP","genotyped"
1,4,"107066",0.640882056982801,-0.0694795271805531,0.421635258147276,"PBLUP","not_genotyped"
1,4,"1093268",0.393733641509161,-0.168889531160154,0.322225254167676,"PBLUP","not_genotyped"
1,4,"1210458",-1.53023211523478,-0.240992285695243,0.250122499632587,"PBLUP","genotyped"
1,4,"1295736",-1.67898374829987,-0.402230607451538,0.0888841778762911,"PBLUP","genotyped"
1,4,"1296766",0.183298741603949,0.159934096373722,0.651048881701552,"PBLUP","not_genotyped"
1,4,"1298199",-1.01373452043667,-0.104421159995327,0.386693625332502,"PBLUP","genotyped"
1,4,"1300939",-0.969707620444892,0.294427318564601,0.78554210389243,"PBLUP","genotyped"
1,4,"1390246",-1.64690421462106,-0.139058643907888,0.352056141419941,"PBLUP","genotyped"
1,4,"14103",-0.437956162590065,0.138070269387658,0.629185054715487,"PBLUP","not_genotyped"
1,4,"143808",0.0375359861372731,0.356885736541777,0.848000521869607,"PBLUP","not_genotyped"
1,4,"1439621",-0.00867352746859992,0.0285590522094514,0.519673837537281,"PBLUP","not_genotyped"
1,4,"144880",1.72531525996195,0.0903582695846138,0.581473054912443,"PBLUP","not_genotyped"
1,4,"1500224",-0.189520982373785,-0.212877382885928,0.278237402441901,"PBLUP","not_genotyped"
1,4,"1636202",-0.174201966671873,0.0983875332966314,0.589502318624461,"PBLUP","not_genotyped"
1,4,"1637606",0.0470156960134162,-0.451164537378009,0.0399502479498203,"PBLUP","genotyped"
1,4,"1642486",-0.246480682437141,-0.0932356557356565,0.397879129592173,"PBLUP","genotyped"
1,4,"168524",0.867116473348251,0.394521700156425,0.885636485484254,"PBLUP","not_genotyped"
1,4,"1700001",-1.70234911568359,0.431286038581941,0.92240082390977,"PBLUP","genotyped"
1,4,"1766332",-0.555393805557406,-0.470247101665966,0.0208676836618632,"PBLUP","not_genotyped"
1,4,"1766345",-0.623869235659307,-0.470247101665966,0.0208676836618632,"PBLUP","genotyped"
1,4,"1823515",0.462616275643541,0.431286038581941,0.92240082390977,"PBLUP","not_genotyped"
1,4,"1831374",0.414558055730206,-0.491114785327829,0,"PBLUP","not_genotyped"
1,4,"19627",0.967549275919211,-0.162224871760302,0.328889913567528,"PBLUP","genotyped"
1,4,"2011449",0.0766927259005868,0.0585536519614328,0.549668437289262,"PBLUP","genotyped"
1,4,"2099196",1.6878769212157,-0.0796150076218541,0.411499777705975,"PBLUP","not_genotyped"
1,4,"214589",0.623722479054078,0.508440395107491,0.99955518043532,"PBLUP","not_genotyped"
1,4,"2151597",0.577415236480409,0.0227261033681856,0.513840888696015,"PBLUP","genotyped"
1,4,"2151603",-1.00835942720793,-0.0607541722840405,0.430360613043789,"PBLUP","genotyped"
1,4,"2163596",0.718584730460706,-0.491114785327829,0,"PBLUP","genotyped"
1,4,"220399",-0.881059302573914,-0.491114785327829,0,"PBLUP","genotyped"
1,4,"2464628",-0.356083719819559,-0.358157536694319,0.132957248633511,"PBLUP","not_genotyped"
1,4,"2464631",-0.140656498476139,-0.334524655593492,0.156590129734337,"PBLUP","genotyped"
1,4,"2484313",-1.06314465773784,-0.438287967288477,0.0528268180393526,"PBLUP","not_genotyped"
1,4,"2485913",-2.15730189301262,-1.54034552997789,-1.04923074465006,"PBLUP","genotyped"
1,4,"2485920",-1.42456266880613,-1.53437489123636,-1.04326010590853,"PBLUP","not_genotyped"
1,4,"2588696",0.0402805413161911,0.0152858119270085,0.506400597254838,"PBLUP","not_genotyped"
1,4,"2601500",0.294286272696802,0.0841551185120034,0.575269903839833,"PBLUP","not_genotyped"
1,4,"2620837",-0.706295475913985,0.0923153360692968,0.583430121397126,"PBLUP","not_genotyped"
1,4,"2668073",-0.593304500981329,-0.491114785327829,0,"PBLUP","genotyped"
1,4,"294614",1.49951247987093,0.0271089852909568,0.518223770618786,"PBLUP","genotyped"
1,4,"294670",0.886857724842899,0.0205861680711258,0.511700953398955,"PBLUP","genotyped"
1,4,"294818",0.514005424542565,-0.00102674698727678,0.490088038340552,"PBLUP","genotyped"
1,4,"294910",-0.347442850250326,0.106948505455662,0.598063290783491,"PBLUP","not_genotyped"
1,4,"294940",-0.428965097552897,0.156315457313018,0.647430242640847,"PBLUP","genotyped"
1,4,"295091",0.609291168142973,0.337668994712815,0.828783780040644,"PBLUP","not_genotyped"
1,4,"305029",1.2708185511493,1.06586610098858,1.55698088631641,"PBLUP","genotyped"
1,4,"321614",-0.152489847660019,0.439400337820972,0.930515123148801,"PBLUP","not_genotyped"
1,4,"321840",1.09444219652075,0.351383353657279,0.842498138985108,"PBLUP","not_genotyped"
1,4,"323172",1.15157292227774,0.198827791150759,0.689942576478588,"PBLUP","genotyped"
1,4,"341985",-0.539431407484175,0.37460603787037,0.865720823198199,"PBLUP","genotyped"
1,4,"342090",0.610089288046636,0.0250660531963267,0.516180838524156,"PBLUP","not_genotyped"
1,4,"343376",-1.43664034040949,-0.491114785327829,0,"PBLUP","genotyped"
1,4,"353782",-0.467209700283455,-0.168889531160154,0.322225254167676,"PBLUP","genotyped"
1,4,"355408",0.759125963934455,0.666390422910835,1.15750520823866,"PBLUP","genotyped"
1,4,"3578390",-1.48235306509574,0.182991350819824,0.674106136147653,"PBLUP","not_genotyped"
1,4,"373101",-0.44842130622481,-0.303901756696916,0.187213028630913,"PBLUP","genotyped"
1,4,"3827757",-1.21925853971017,-0.345736293362666,0.145378491965163,"PBLUP","genotyped"
1,4,"3827770",-2.31129831401605,-0.874768085081266,-0.383653299753437,"PBLUP","genotyped"
1,4,"3827774",-2.05032124959937,-0.0713402269752467,0.419774558352583,"PBLUP","genotyped"
1,4,"3830068",-1.1770559137839,-0.885950178371281,-0.394835393043452,"PBLUP","genotyped"
1,4,"3864287",-2.26872920446055,0.063700995578978,0.554815780906807,"PBLUP","genotyped"
1,4,"3868812",-2.13250316743456,0.27863734374114,0.769752129068969,"PBLUP","not_genotyped"
1,4,"3895",0.617410816550632,0.462974133539705,0.954088918867534,"PBLUP","genotyped"
1,4,"390866",0.477267476732186,0.349141521064914,0.840256306392743,"PBLUP","genotyped"
1,4,"392956",0.556664118985209,0.161803475584529,0.652918260912358,"PBLUP","not_genotyped"
1,4,"412956",0.406967772564773,-0.101226336570276,0.389888448757553,"PBLUP","genotyped"
1,4,"413317",-0.769851881303522,0.0821776628905928,0.573292448218422,"PBLUP","not_genotyped"
1,4,"41471",0.748286192589826,0.311669549391643,0.802784334719472,"PBLUP","not_genotyped"
1,4,"41669",-0.280189032245867,-0.113955197404573,0.377159587923256,"PBLUP","genotyped"
1,4,"419152",-0.16824864371701,-0.0338674784254149,0.457247306902414,"PBLUP","genotyped"
1,4,"420071",1.23562797866234,0.170849880017168,0.661964665344998,"PBLUP","not_genotyped"
1,4,"420158",1.51528756408922,0.27198795411296,0.763102739440789,"PBLUP","not_genotyped"
1,4,"421919",0.0629292296027502,0.268309832481251,0.759424617809081,"PBLUP","not_genotyped"
1,4,"42237",-1.09225974606019,-0.498392808919141,-0.00727802359131161,"PBLUP","genotyped"
1,4,"423673",0.256986383321601,0.225941212798919,0.717055998126749,"PBLUP","not_genotyped"
1,4,"428238",-0.293797791011361,0.0737240598502071,0.564838845178036,"PBLUP","genotyped"
1,4,"429101",-1.68124780272046,0.0241180701662967,0.515232855494126,"PBLUP","genotyped"
1,4,"429168",-0.217951967921566,0.0241180701662967,0.515232855494126,"PBLUP","not_genotyped"
1,4,"429726",0.361499370298013,0.42129080627184,0.912405591599669,"PBLUP","genotyped"
1,4,"430390",-0.390231849983365,0.136262352248178,0.627377137576007,"PBLUP","not_genotyped"
1,4,"431424",0.771415381634711,0.323194945811126,0.814309731138955,"PBLUP","not_genotyped"
1,4,"434148",1.18010978087397,-0.498392808919141,-0.00727802359131161,"PBLUP","genotyped"
1,4,"438760",-0.670640690830003,0.1812031726409,0.672317957968729,"PBLUP","not_genotyped"
1,4,"438770",0.342629535432872,0.1812031726409,0.672317957968729,"PBLUP","not_genotyped"
1,4,"450448",1.42136188195729,0.391735890810505,0.882850676138334,"PBLUP","genotyped"
1,4,"471420",-0.766496520075884,0.226739214095862,0.717853999423691,"PBLUP","genotyped"
1,4,"471785",-0.572480086760283,0.346032496889976,0.837147282217805,"PBLUP","genotyped"
1,4,"512731",-0.111875317460428,0.0441555389985404,0.53527032432637,"PBLUP","genotyped"
1,4,"60900",0.257466884079927,-0.178350416429902,0.312764368897927,"PBLUP","not_genotyped"
1,4,"609307",1.1992076499973,0.515903290201208,1.00701807552904,"PBLUP","not_genotyped"
1,4,"62150",1.12297091103632,0.296632052910991,0.78774683823882,"PBLUP","not_genotyped"
1,4,"623960",0.796075657841723,0.0776536081782137,0.568768393506043,"PBLUP","not_genotyped"
1,4,"664062",2.23440988544957,-0.040205677911976,0.450909107415853,"PBLUP","genotyped"
1,4,"68052",-0.150641141352559,0.346032496889976,0.837147282217805,"PBLUP","not_genotyped"
1,4,"701166",-0.948679604207606,-0.396290101926292,0.0948246834015369,"PBLUP","genotyped"
1,4,"743023",-0.0986411864048143,0.0417520152903761,0.532866800618205,"PBLUP","not_genotyped"
1,4,"743034",0.0299619911331384,0.0417520152903761,0.532866800618205,"PBLUP","genotyped"
1,4,"770285",-0.722681366180996,0.473516894345306,0.964631679673136,"PBLUP","genotyped"
1,4,"77310",-0.0753409716662881,-0.367511918899701,0.123602866428128,"PBLUP","not_genotyped"
1,4,"77534",0.859933394215296,-1.48441546266698,-0.993300677339146,"PBLUP","genotyped"
1,4,"78690",-0.722958264923082,-0.491114785327829,0,"PBLUP","not_genotyped"
1,4,"80662",0.145094859276641,0.226739214095862,0.717853999423691,"PBLUP","not_genotyped"
1,4,"82710",-0.0599079388352816,0.37728294050396,0.868397725831789,"PBLUP","not_genotyped"
1,4,"835884",0.0390507851381006,-0.0572670161965078,0.433847769131322,"PBLUP","genotyped"
1,4,"85331",-0.016524421214821,-0.122958920078066,0.368155865249763,"PBLUP","genotyped"
1,4,"85465",0.41013581993747,0.0205441341254078,0.511658919453237,"PBLUP","not_genotyped"
1,4,"855168",-1.10036310630655,0.26279255323756,0.75390733856539,"PBLUP","not_genotyped"
1,4,"85646",1.96339116959193,0.650725880787115,1.14184066611494,"PBLUP","genotyped"
1,4,"85711",0.512392896573941,0.0974612526377577,0.588576037965587,"PBLUP","not_genotyped"
1,4,"85888",0.103739217737934,0.248721893927294,0.739836679255124,"PBLUP","genotyped"
1,4,"87107",0.0043977219740216,0.254422250547474,0.745537035875303,"PBLUP","genotyped"
1,4,"877657",1.26586695011434,0.133534991095707,0.624649776423537,"PBLUP","not_genotyped"
1,4,"878573",0.0873126070676752,0.0657941514579536,0.556908936785783,"PBLUP","not_genotyped"
1,4,"88809",-0.115605306397947,-0.0269775621337381,0.464137223194091,"PBLUP","genotyped"
1,4,"904516",0.578807874271491,-0.44997102290807,0.041143762419759,"PBLUP","genotyped"
1,4,"909641",0.615659839210966,0.282035207814871,0.7731499931427,"PBLUP","not_genotyped"
1,4,"909658",-0.170976910734629,0.282035207814871,0.7731499931427,"PBLUP","not_genotyped"
1,4,"96495",1.10011862073352,0.0721561526455895,0.563270937973419,"PBLUP","not_genotyped"
1,4,"1066279",-0.0723113736646331,0.630751838811618,1.22672935023019,"ssGBLUP","genotyped"
1,4,"1066569",0.0567723046316471,0.827799160501705,1.42377667192027,"ssGBLUP","genotyped"
1,4,"107066",0.640882056982801,0.0899407896113249,0.685918301029892,"ssGBLUP","not_genotyped"
1,4,"1093268",0.393733641509161,-0.284368977811463,0.311608533607105,"ssGBLUP","not_genotyped"
1,4,"1210458",-1.53023211523478,-0.109530168418994,0.486447342999573,"ssGBLUP","genotyped"
1,4,"1295736",-1.67898374829987,-0.53354787580752,0.0624296356110473,"ssGBLUP","genotyped"
1,4,"1296766",0.183298741603949,0.294745285806927,0.890722797225495,"ssGBLUP","not_genotyped"
1,4,"1298199",-1.01373452043667,-0.085540904865839,0.510436606552728,"ssGBLUP","genotyped"
1,4,"1300939",-0.969707620444892,0.576139654008574,1.17211716542714,"ssGBLUP","genotyped"
1,4,"1390246",-1.64690421462106,0.119790829850712,0.715768341269279,"ssGBLUP","genotyped"
1,4,"14103",-0.437956162590065,0.337724870207835,0.933702381626402,"ssGBLUP","not_genotyped"
1,4,"143808",0.0375359861372731,0.430786466155843,1.02676397757441,"ssGBLUP","not_genotyped"
1,4,"1439621",-0.00867352746859992,0.118546013005646,0.714523524424213,"ssGBLUP","not_genotyped"
1,4,"144880",1.72531525996195,0.376873470296963,0.97285098171553,"ssGBLUP","not_genotyped"
1,4,"1500224",-0.189520982373785,-0.258271261874386,0.337706249544181,"ssGBLUP","not_genotyped"
1,4,"1636202",-0.174201966671873,0.139704108376618,0.735681619795185,"ssGBLUP","not_genotyped"
1,4,"1637606",0.0470156960134162,-0.661063903929705,-0.0650863925111379,"ssGBLUP","genotyped"
1,4,"1642486",-0.246480682437141,-0.230703601248254,0.365273910170314,"ssGBLUP","genotyped"
1,4,"168524",0.867116473348251,0.585592937906127,1.18157044932469,"ssGBLUP","not_genotyped"
1,4,"1700001",-1.70234911568359,0.703778054466346,1.29975556588491,"ssGBLUP","genotyped"
1,4,"1766332",-0.555393805557406,-0.906677118220449,-0.310699606801882,"ssGBLUP","not_genotyped"
1,4,"1766345",-0.623869235659307,-1.1115330512183,-0.515555539799732,"ssGBLUP","genotyped"
1,4,"1823515",0.462616275643541,0.490707156188041,1.08668466760661,"ssGBLUP","not_genotyped"
1,4,"1831374",0.414558055730206,-0.595977511418567,0,"ssGBLUP","not_genotyped"
1,4,"19627",0.967549275919211,-0.308868787332517,0.28710872408605,"ssGBLUP","genotyped"
1,4,"2011449",0.0766927259005868,0.216749537090362,0.81272704850893,"ssGBLUP","genotyped"
1,4,"2099196",1.6878769212157,-0.0811086077210522,0.514868903697515,"ssGBLUP","not_genotyped"
1,4,"214589",0.623722479054078,0.512897902466121,1.10887541388469,"ssGBLUP","not_genotyped"
1,4,"2151597",0.577415236480409,-0.0569703150203323,0.539007196398235,"ssGBLUP","genotyped"
1,4,"2151603",-1.00835942720793,0.942045515214348,1.53802302663292,"ssGBLUP","genotyped"
1,4,"2163596",0.718584730460706,0.765806079188531,1.3617835906071,"ssGBLUP","genotyped"
1,4,"220399",-0.881059302573914,-0.0060490315149978,0.58992847990357,"ssGBLUP","genotyped"
1,4,"2464628",-0.356083719819559,-0.668873525475239,-0.0728960140566718,"ssGBLUP","not_genotyped"
1,4,"2464631",-0.140656498476139,-0.642645207669357,-0.04666769625079,"ssGBLUP","genotyped"
1,4,"2484313",-1.06314465773784,-0.591969162479128,0.00400834893943944,"ssGBLUP","not_genotyped"
1,4,"2485913",-2.15730189301262,-1.47883472134361,-0.882857209925043,"ssGBLUP","genotyped"
1,4,"2485920",-1.42456266880613,-1.49623663762204,-0.900259126203471,"ssGBLUP","not_genotyped"
1,4,"2588696",0.0402805413161911,0.0795267184096524,0.67550422982822,"ssGBLUP","not_genotyped"
1,4,"2601500",0.294286272696802,0.321949121430213,0.917926632848781,"ssGBLUP","not_genotyped"
1,4,"2620837",-0.706295475913985,0.112355878930017,0.708333390348585,"ssGBLUP","not_genotyped"
1,4,"2668073",-0.593304500981329,-0.270715873030425,0.325261638388142,"ssGBLUP","genotyped"
1,4,"294614",1.49951247987093,-0.0936926372409723,0.502284874177595,"ssGBLUP","genotyped"
1,4,"294670",0.886857724842899,-0.0889177750808678,0.5070597363377,"ssGBLUP","genotyped"
1,4,"294818",0.514005424542565,0.294208134335801,0.890185645754368,"ssGBLUP","genotyped"
1,4,"294910",-0.347442850250326,-0.161090223430995,0.434887287987572,"ssGBLUP","not_genotyped"
1,4,"294940",-0.428965097552897,-0.0642539391845443,0.531723572234023,"ssGBLUP","genotyped"
1,4,"295091",0.609291168142973,0.421912108308106,1.01788961972667,"ssGBLUP","not_genotyped"
1,4,"305029",1.2708185511493,1.41784737365589,2.01382488507446,"ssGBLUP","genotyped"
1,4,"321614",-0.152489847660019,0.413698028131876,1.00967553955044,"ssGBLUP","not_genotyped"
1,4,"321840",1.09444219652075,0.614795047579367,1.21077255899793,"ssGBLUP","not_genotyped"
1,4,"323172",1.15157292227774,-0.188707639173336,0.407269872245231,"ssGBLUP","genotyped"
1,4,"341985",-0.539431407484175,0.121583102085196,0.717560613503763,"ssGBLUP","genotyped"
1,4,"342090",0.610089288046636,-0.0012610595096042,0.594716451908963,"ssGBLUP","not_genotyped"
1,4,"343376",-1.43664034040949,1.12172234910619,1.71769986052476,"ssGBLUP","genotyped"
1,4,"353782",-0.467209700283455,-0.298440490340951,0.297537021077617,"ssGBLUP","genotyped"
1,4,"355408",0.759125963934455,0.426709270758258,1.02268678217683,"ssGBLUP","genotyped"
1,4,"3578390",-1.48235306509574,0.199150658881403,0.795128170299971,"ssGBLUP","not_genotyped"
1,4,"373101",-0.44842130622481,0.222838695008295,0.818816206426862,"ssGBLUP","genotyped"
1,4,"3827757",-1.21925853971017,-0.329262243074872,0.266715268343696,"ssGBLUP","genotyped"
1,4,"3827770",-2.31129831401605,-0.486779233582533,0.109198277836035,"ssGBLUP","genotyped"
1,4,"3827774",-2.05032124959937,-0.352936493594597,0.243041017823971,"ssGBLUP","genotyped"
1,4,"3830068",-1.1770559137839,-0.800681249949543,-0.204703738530975,"ssGBLUP","genotyped"
1,4,"3864287",-2.26872920446055,-1.1444114597658,-0.548433948347234,"ssGBLUP","genotyped"
1,4,"3868812",-2.13250316743456,0.278949105822987,0.874926617241555,"ssGBLUP","not_genotyped"
1,4,"3895",0.617410816550632,0.588710428842024,1.18468794026059,"ssGBLUP","genotyped"
1,4,"390866",0.477267476732186,0.136543623264493,0.732521134683061,"ssGBLUP","genotyped"
1,4,"392956",0.556664118985209,0.271949583585198,0.867927095003765,"ssGBLUP","not_genotyped"
1,4,"412956",0.406967772564773,0.467508013233634,1.0634855246522,"ssGBLUP","genotyped"
1,4,"413317",-0.769851881303522,0.0352199455221246,0.631197456940692,"ssGBLUP","not_genotyped"
1,4,"41471",0.748286192589826,0.569107130629563,1.16508464204813,"ssGBLUP","not_genotyped"
1,4,"41669",-0.280189032245867,-0.312635247006223,0.283342264412345,"ssGBLUP","genotyped"
1,4,"419152",-0.16824864371701,-0.129120276242069,0.466857235176499,"ssGBLUP","genotyped"
1,4,"420071",1.23562797866234,0.156408988208446,0.752386499627014,"ssGBLUP","not_genotyped"
1,4,"420158",1.51528756408922,0.284412088228319,0.880389599646886,"ssGBLUP","not_genotyped"
1,4,"421919",0.0629292296027502,0.230712903220218,0.826690414638785,"ssGBLUP","not_genotyped"
1,4,"42237",-1.09225974606019,0.366087180342933,0.9620646917615,"ssGBLUP","genotyped"
1,4,"423673",0.256986383321601,0.52437570007931,1.12035321149788,"ssGBLUP","not_genotyped"
1,4,"428238",-0.293797791011361,-0.558076164411594,0.0379013470069737,"ssGBLUP","genotyped"
1,4,"429101",-1.68124780272046,0.98171553720917,1.57769304862774,"ssGBLUP","genotyped"
1,4,"429168",-0.217951967921566,0.914495375835883,1.51047288725445,"ssGBLUP","not_genotyped"
1,4,"429726",0.361499370298013,0.145744965768766,0.741722477187333,"ssGBLUP","genotyped"
1,4,"430390",-0.390231849983365,0.0510968407843696,0.647074352202937,"ssGBLUP","not_genotyped"
1,4,"431424",0.771415381634711,0.346460844027168,0.942438355445735,"ssGBLUP","not_genotyped"
1,4,"434148",1.18010978087397,0.235067227933995,0.831044739352563,"ssGBLUP","genotyped"
1,4,"438760",-0.670640690830003,0.303969839365469,0.899947350784036,"ssGBLUP","not_genotyped"
1,4,"438770",0.342629535432872,0.303969839365467,0.899947350784035,"ssGBLUP","not_genotyped"
1,4,"450448",1.42136188195729,0.461172442859717,1.05714995427828,"ssGBLUP","genotyped"
1,4,"471420",-0.766496520075884,0.187601029330841,0.783578540749408,"ssGBLUP","genotyped"
1,4,"471785",-0.572480086760283,0.187608784274287,0.783586295692854,"ssGBLUP","genotyped"
1,4,"512731",-0.111875317460428,0.0660993150068135,0.662076826425381,"ssGBLUP","genotyped"
1,4,"60900",0.257466884079927,-0.219091972224967,0.3768855391936,"ssGBLUP","not_genotyped"
1,4,"609307",1.1992076499973,0.660902427302228,1.2568799387208,"ssGBLUP","not_genotyped"
1,4,"62150",1.12297091103632,0.430569850912476,1.02654736233104,"ssGBLUP","not_genotyped"
1,4,"623960",0.796075657841723,0.0587434684637869,0.654720979882354,"ssGBLUP","not_genotyped"
1,4,"664062",2.23440988544957,1.08909787045872,1.68507538187728,"ssGBLUP","genotyped"
1,4,"68052",-0.150641141352559,0.542230948114124,1.13820845953269,"ssGBLUP","not_genotyped"
1,4,"701166",-0.948679604207606,-0.14209927919682,0.453878232221747,"ssGBLUP","genotyped"
1,4,"743023",-0.0986411864048143,0.175135018531723,0.771112529950291,"ssGBLUP","not_genotyped"
1,4,"743034",0.0299619911331384,0.177459699307805,0.773437210726373,"ssGBLUP","genotyped"
1,4,"770285",-0.722681366180996,0.709909403112425,1.30588691453099,"ssGBLUP","genotyped"
1,4,"77310",-0.0753409716662881,-0.342967353875658,0.25301015754291,"ssGBLUP","not_genotyped"
1,4,"77534",0.859933394215296,-1.55201487395854,-0.956037362539973,"ssGBLUP","genotyped"
1,4,"78690",-0.722958264923082,-0.595977511418567,0,"ssGBLUP","not_genotyped"
1,4,"80662",0.145094859276641,0.19096581025905,0.786943321677617,"ssGBLUP","not_genotyped"
1,4,"82710",-0.0599079388352816,0.449194305733352,1.04517181715192,"ssGBLUP","not_genotyped"
1,4,"835884",0.0390507851381006,-0.431086978297333,0.164890533121234,"ssGBLUP","genotyped"
1,4,"85331",-0.016524421214821,0.413888903369107,1.00986641478767,"ssGBLUP","genotyped"
1,4,"85465",0.41013581993747,-0.126267706146216,0.469709805272351,"ssGBLUP","not_genotyped"
1,4,"855168",-1.10036310630655,0.279031103001562,0.87500861442013,"ssGBLUP","not_genotyped"
1,4,"85646",1.96339116959193,0.25674017818255,0.852717689601118,"ssGBLUP","genotyped"
1,4,"85711",0.512392896573941,0.179149871862905,0.775127383281473,"ssGBLUP","not_genotyped"
1,4,"85888",0.103739217737934,0.593247486024262,1.18922499744283,"ssGBLUP","genotyped"
1,4,"87107",0.0043977219740216,0.963884888078808,1.55986239949738,"ssGBLUP","genotyped"
1,4,"877657",1.26586695011434,0.258770964397248,0.854748475815815,"ssGBLUP","not_genotyped"
1,4,"878573",0.0873126070676752,0.099114169023704,0.695091680442271,"ssGBLUP","not_genotyped"
1,4,"88809",-0.115605306397947,0.301706295482706,0.897683806901273,"ssGBLUP","genotyped"
1,4,"904516",0.578807874271491,-0.00238953480612114,0.593587976612446,"ssGBLUP","genotyped"
1,4,"909641",0.615659839210966,0.264123596094227,0.860101107512794,"ssGBLUP","not_genotyped"
1,4,"909658",-0.170976910734629,0.264123596094227,0.860101107512795,"ssGBLUP","not_genotyped"
1,4,"96495",1.10011862073352,-0.000945029056846458,0.595032482361721,"ssGBLUP","not_genotyped"
1,5,"106875",1.61799256516142,0.253299548144249,0.72477288944612,"PBLUP","genotyped"
1,5,"107052",1.20011164294941,0.153623836070776,0.625097177372647,"PBLUP","not_genotyped"
1,5,"107059",1.25938426191725,-0.0669741799216264,0.404499161380244,"PBLUP","genotyped"
1,5,"1079616",0.712370796925057,0.31933036512632,0.790803706428191,"PBLUP","not_genotyped"
1,5,"1290408",-0.336269171599065,-0.0482424186248798,0.423230922676991,"PBLUP","genotyped"
1,5,"1290414",-0.332376301048552,-0.0482424186248798,0.423230922676991,"PBLUP","genotyped"
1,5,"1291474",-0.0135518317777139,-0.434594840877986,0.0368785004238849,"PBLUP","genotyped"
1,5,"1295300",-0.854232700914106,0.10604320124585,0.577516542547721,"PBLUP","genotyped"
1,5,"1301798",-0.843441794053377,-0.359307817290695,0.112165524011176,"PBLUP","not_genotyped"
1,5,"1302304",-0.380581114413579,-0.241515127057169,0.229958214244701,"PBLUP","genotyped"
1,5,"13569",1.81367039092954,0.499617274705167,0.971090616007038,"PBLUP","not_genotyped"
1,5,"13767",1.84236198705811,-0.0677997653164112,0.403673575985459,"PBLUP","not_genotyped"
1,5,"143058",0.638056060997389,-0.0941497655975098,0.377323575704361,"PBLUP","genotyped"
1,5,"143844",-0.075365403908236,0.299251182011342,0.770724523313213,"PBLUP","genotyped"
1,5,"14431",1.65097609179233,-0.091683241569208,0.379790099732663,"PBLUP","genotyped"
1,5,"1507236",-1.28624360305319,-0.106028226774334,0.365445114527537,"PBLUP","not_genotyped"
1,5,"15292",-1.12723857245025,-0.471473341301871,0,"PBLUP","genotyped"
1,5,"1542708",-0.319158458154239,0.329294629003171,0.800767970305042,"PBLUP","not_genotyped"
1,5,"1563726",1.47973050797303,0.229335497858918,0.700808839160788,"PBLUP","genotyped"
1,5,"1586793",2.08261236622153,-0.0787199896967306,0.39275335160514,"PBLUP","genotyped"
1,5,"16262",2.59396290204909,-0.0100903836169472,0.461382957684923,"PBLUP","not_genotyped"
1,5,"1642335",-0.334257583678611,-0.0663289779624684,0.405144363339402,"PBLUP","not_genotyped"
1,5,"168945",0.926380948235444,0.157171100764446,0.628644442066317,"PBLUP","genotyped"
1,5,"1790751",0.0698516981549165,0.250277776225709,0.721751117527579,"PBLUP","not_genotyped"
1,5,"1812547",0.2621904508567,0.253989857998637,0.725463199300507,"PBLUP","genotyped"
1,5,"1816173",-0.0502409151041959,0.305234826403782,0.776708167705653,"PBLUP","not_genotyped"
1,5,"1817540",0.0796490271763938,0.207160276773586,0.678633618075457,"PBLUP","genotyped"
1,5,"1987795",0.0771325062556649,-0.104813544625623,0.366659796676248,"PBLUP","genotyped"
1,5,"2167",0.341815127367912,-0.0614897179357716,0.409983623366099,"PBLUP","genotyped"
1,5,"218794",0.156537292589339,0.0427198520691229,0.514193193370993,"PBLUP","not_genotyped"
1,5,"2448313",0.167621386353455,0.254498214853673,0.725971556155543,"PBLUP","genotyped"
1,5,"2448314",0.700333845724937,0.218342710478437,0.689816051780307,"PBLUP","not_genotyped"
1,5,"2448315",0.0113283346068357,0.218342710478437,0.689816051780307,"PBLUP","not_genotyped"
1,5,"2450184",-1.89225278827114,0.00262165232410383,0.474094993625974,"PBLUP","not_genotyped"
1,5,"2484301",-2.02592158397315,-0.408269067894926,0.0632042734069446,"PBLUP","genotyped"
1,5,"2485148",-1.82192050778113,-0.355284519775253,0.116188821526617,"PBLUP","genotyped"
1,5,"2586622",-0.103641651923674,-0.0780201881620242,0.393453153139846,"PBLUP","not_genotyped"
1,5,"2588632",-0.466631470557333,-0.108313040660133,0.363160300641737,"PBLUP","not_genotyped"
1,5,"294745",0.374236712434001,-0.80586190665064,-0.33438856534877,"PBLUP","not_genotyped"
1,5,"320849",-0.682832379562464,-0.471473341301871,0,"PBLUP","not_genotyped"
1,5,"321487",0.590209587180944,-0.00710144001034169,0.464371901291529,"PBLUP","genotyped"
1,5,"321822",0.861635507071064,-0.228010135556175,0.243463205745696,"PBLUP","not_genotyped"
1,5,"321833",1.02641469085457,0.249050015695532,0.720523356997403,"PBLUP","not_genotyped"
1,5,"326413",0.516912861334475,0.291324664041419,0.762798005343289,"PBLUP","not_genotyped"
1,5,"342202",0.333019520266336,-0.144465216603301,0.32700812469857,"PBLUP","not_genotyped"
1,5,"342218",0.0830206765653325,0.0826521433037545,0.554125484605625,"PBLUP","not_genotyped"
1,5,"342231",0.642486440870774,0.338280798317871,0.809754139619741,"PBLUP","genotyped"
1,5,"342325",0.252409409996521,0.104213659290973,0.575687000592844,"PBLUP","not_genotyped"
1,5,"342336",0.561314389036135,0.0128219522861421,0.484295293588013,"PBLUP","not_genotyped"
1,5,"342374",1.075702666946,0.253497768538182,0.724971109840053,"PBLUP","genotyped"
1,5,"343215",0.475402482263425,0.147659166191834,0.619132507493704,"PBLUP","not_genotyped"
1,5,"358856",1.40401499017363,0.144230416578016,0.615703757879887,"PBLUP","not_genotyped"
1,5,"369679",0.824579940115349,0.0973144716985137,0.568787813000384,"PBLUP","genotyped"
1,5,"376790",-1.0649282114001,-0.106319430761204,0.365153910540667,"PBLUP","genotyped"
1,5,"377191",0.812233513850544,0.245368594873876,0.716841936175746,"PBLUP","not_genotyped"
1,5,"377246",1.11277452206301,0.249050015695532,0.720523356997403,"PBLUP","not_genotyped"
1,5,"3827771",-1.56944586356264,-0.204150758551654,0.267322582750217,"PBLUP","genotyped"
1,5,"3830083",-1.82117939644201,-1.50101675458419,-1.02954341328232,"PBLUP","not_genotyped"
1,5,"3830114",-1.8422725653245,-0.201264926017616,0.270208415284254,"PBLUP","genotyped"
1,5,"3830130",-1.50911451411035,-0.0465155120932071,0.424957829208663,"PBLUP","not_genotyped"
1,5,"3831054",-0.0613168647876624,-0.0585736384001381,0.412899702901733,"PBLUP","not_genotyped"
1,5,"3854950",-2.32277332365134,-0.74244912642179,-0.270975785119919,"PBLUP","genotyped"
1,5,"3855646",-1.60297504359708,-0.166653671688826,0.304819669613045,"PBLUP","genotyped"
1,5,"3855675",-1.66940630945593,-0.162125715418617,0.309347625883253,"PBLUP","not_genotyped"
1,5,"390845",0.463976337112026,-0.471473341301871,0,"PBLUP","not_genotyped"
1,5,"393017",-0.57501289584231,0.00432763178397044,0.475800973085841,"PBLUP","not_genotyped"
1,5,"4057155",-1.02510365702352,-0.344502428154808,0.126970913147062,"PBLUP","genotyped"
1,5,"4069854",-0.902396793875885,-0.204796933321497,0.266676407980374,"PBLUP","not_genotyped"
1,5,"41263",0.565606319538478,-0.143223023912496,0.328250317389375,"PBLUP","not_genotyped"
1,5,"41418",0.12124899113459,0.109158973506521,0.580632314808392,"PBLUP","genotyped"
1,5,"41484",0.282216745174085,0.184839238867901,0.656312580169771,"PBLUP","genotyped"
1,5,"41660",-1.27526538233752,0.189559083620436,0.661032424922307,"PBLUP","genotyped"
1,5,"41686",0.409679751421092,0.380365253726569,0.851838595028439,"PBLUP","not_genotyped"
1,5,"41800",0.686040984184875,0.00119375469855265,0.472667096000423,"PBLUP","genotyped"
1,5,"419150",-0.1259401447423,-0.137112696131378,0.334360645170493,"PBLUP","genotyped"
1,5,"419380",0.939240451581174,-0.118328536775714,0.353144804526157,"PBLUP","not_genotyped"
1,5,"41948",0.5807135891435,0.404769446324924,0.876242787626795,"PBLUP","genotyped"
1,5,"420125",0.301453063668456,0.479233008428367,0.950706349730237,"PBLUP","not_genotyped"
1,5,"42076",0.0253850178080586,-0.0576147449434319,0.413858596358439,"PBLUP","genotyped"
1,5,"421064",0.142985542388393,0.343713439901097,0.815186781202968,"PBLUP","not_genotyped"
1,5,"421337",0.918302020231034,0.215803404846405,0.687276746148275,"PBLUP","not_genotyped"
1,5,"421340",1.00852214566739,0.215803404846405,0.687276746148275,"PBLUP","not_genotyped"
1,5,"421442",0.84616989791746,0.233568165491424,0.705041506793295,"PBLUP","genotyped"
1,5,"42174",-0.365522709292455,0.23719561435243,0.7086689556543,"PBLUP","genotyped"
1,5,"422005",0.127161593686205,0.0573506124010356,0.528823953702906,"PBLUP","genotyped"
1,5,"422181",1.75413716138091,0.211712538414164,0.683185879716035,"PBLUP","genotyped"
1,5,"42274",0.449406576829877,0.234831938567695,0.706305279869565,"PBLUP","not_genotyped"
1,5,"423143",-1.25577659734301,-0.216110577340705,0.255362763961166,"PBLUP","not_genotyped"
1,5,"424673",1.15622319232867,0.555359062498593,1.02683240380046,"PBLUP","genotyped"
1,5,"424689",1.4606977914949,0.555359062498593,1.02683240380046,"PBLUP","not_genotyped"
1,5,"427520",-0.0624000275140612,0.102391041055399,0.57386438235727,"PBLUP","genotyped"
1,5,"427918",-0.258297743459721,-0.347164794498571,0.124308546803299,"PBLUP","not_genotyped"
1,5,"428988",0.0947807290233647,0.338531823646677,0.810005164948547,"PBLUP","not_genotyped"
1,5,"430174",0.174861474050957,0.183057322655028,0.654530663956898,"PBLUP","genotyped"
1,5,"430433",0.211509836974191,0.0992882752342054,0.570761616536076,"PBLUP","genotyped"
1,5,"455538",0.893796481556365,0.209489431319874,0.680962772621744,"PBLUP","genotyped"
1,5,"460689",0.966873317225293,0.00411002242914282,0.475583363731013,"PBLUP","genotyped"
1,5,"460960",-0.381265217188148,-0.18348818352551,0.287985157776361,"PBLUP","not_genotyped"
1,5,"536162",0.398147733221247,0.288311405032824,0.759784746334695,"PBLUP","genotyped"
1,5,"609368",1.70775662208139,0.374213336935472,0.845686678237343,"PBLUP","not_genotyped"
1,5,"62256",0.502253516165182,0.20631294697186,0.677786288273731,"PBLUP","not_genotyped"
1,5,"625454",0.42732797418879,0.199218069658459,0.670691410960329,"PBLUP","genotyped"
1,5,"62576",1.23914622150297,-0.0409780466859549,0.430495294615916,"PBLUP","genotyped"
1,5,"6387",-1.05082266371498,-0.250628859135744,0.220844482166127,"PBLUP","not_genotyped"
1,5,"64869",0.525871350049044,0.176840018170227,0.648313359472097,"PBLUP","genotyped"
1,5,"65315",0.873330406883901,0.0990612678609608,0.570534609162831,"PBLUP","not_genotyped"
1,5,"669426",1.50597887990672,-0.0814109370260829,0.390062404275788,"PBLUP","genotyped"
1,5,"70761",-0.135403566457144,-0.15105341765561,0.320419923646261,"PBLUP","genotyped"
1,5,"77205",-1.57563536485635,0.0631391281628879,0.534612469464758,"PBLUP","not_genotyped"
1,5,"784135",-0.0531727841380565,0.272005567379891,0.743478908681761,"PBLUP","genotyped"
1,5,"85244",0.907828732515639,0.333452547296229,0.804925888598099,"PBLUP","not_genotyped"
1,5,"85599",0.529967822615795,-0.125026922175778,0.346446419126093,"PBLUP","not_genotyped"
1,5,"85685",1.71138073797047,-0.642863032256369,-0.171389690954499,"PBLUP","not_genotyped"
1,5,"85786",1.44805003424606,-0.106745869306244,0.364727471995627,"PBLUP","genotyped"
1,5,"85899",0.852628153872598,0.0184154370086242,0.489888778310495,"PBLUP","not_genotyped"
1,5,"86783",-1.08113493189282,-0.104813544625623,0.366659796676248,"PBLUP","not_genotyped"
1,5,"89242",-0.470361459494854,-0.229001505716843,0.242471835585028,"PBLUP","not_genotyped"
1,5,"900613",0.745851112475593,-0.0536802255909663,0.417793115710904,"PBLUP","not_genotyped"
1,5,"96638",2.39853754278111,0.189007879851436,0.660481221153306,"PBLUP","genotyped"
1,5,"106875",1.61799256516142,0.326837150323372,0.800320547862766,"ssGBLUP","genotyped"
1,5,"107052",1.20011164294941,0.200151926915339,0.673635324454733,"ssGBLUP","not_genotyped"
1,5,"107059",1.25938426191725,0.295604277203823,0.769087674743217,"ssGBLUP","genotyped"
1,5,"1079616",0.712370796925057,0.251310334028488,0.724793731567882,"ssGBLUP","not_genotyped"
1,5,"1290408",-0.336269171599065,-0.401783045418042,0.0717003521213519,"ssGBLUP","genotyped"
1,5,"1290414",-0.332376301048552,-0.520130980403673,-0.0466475828642793,"ssGBLUP","genotyped"
1,5,"1291474",-0.0135518317777139,-0.331663596976049,0.141819800563345,"ssGBLUP","genotyped"
1,5,"1295300",-0.854232700914106,-0.782743079459773,-0.309259681920378,"ssGBLUP","genotyped"
1,5,"1301798",-0.843441794053377,-0.317433007661992,0.156050389877403,"ssGBLUP","not_genotyped"
1,5,"1302304",-0.380581114413579,-0.172135903830908,0.301347493708486,"ssGBLUP","genotyped"
1,5,"13569",1.81367039092954,0.440670925803998,0.914154323343392,"ssGBLUP","not_genotyped"
1,5,"13767",1.84236198705811,-0.291382307425426,0.182101090113969,"ssGBLUP","not_genotyped"
1,5,"143058",0.638056060997389,-0.254923106387258,0.218560291152137,"ssGBLUP","genotyped"
1,5,"143844",-0.075365403908236,0.226071029332837,0.699554426872231,"ssGBLUP","genotyped"
1,5,"14431",1.65097609179233,-0.0533917613592818,0.420091636180112,"ssGBLUP","genotyped"
1,5,"1507236",-1.28624360305319,-0.404901168785113,0.0685822287542812,"ssGBLUP","not_genotyped"
1,5,"15292",-1.12723857245025,-0.418241940198974,0.0552414573404202,"ssGBLUP","genotyped"
1,5,"1542708",-0.319158458154239,0.51127025807368,0.984753655613074,"ssGBLUP","not_genotyped"
1,5,"1563726",1.47973050797303,0.247241604962018,0.720725002501412,"ssGBLUP","genotyped"
1,5,"1586793",2.08261236622153,-0.0884624157554901,0.385020981783904,"ssGBLUP","genotyped"
1,5,"16262",2.59396290204909,-0.104132205289857,0.369351192249537,"ssGBLUP","not_genotyped"
1,5,"1642335",-0.334257583678611,-0.0282578558187245,0.44522554172067,"ssGBLUP","not_genotyped"
1,5,"168945",0.926380948235444,0.473852979072414,0.947336376611809,"ssGBLUP","genotyped"
1,5,"1790751",0.0698516981549165,0.24539845117562,0.718881848715015,"ssGBLUP","not_genotyped"
1,5,"1812547",0.2621904508567,-0.0468887946794465,0.426594602859948,"ssGBLUP","genotyped"
1,5,"1816173",-0.0502409151041959,0.248035454380708,0.721518851920103,"ssGBLUP","not_genotyped"
1,5,"1817540",0.0796490271763938,0.158294481790557,0.631777879329951,"ssGBLUP","genotyped"
1,5,"1987795",0.0771325062556649,-0.257808068518152,0.215675329021242,"ssGBLUP","genotyped"
1,5,"2167",0.341815127367912,-0.175451036512913,0.298032361026481,"ssGBLUP","genotyped"
1,5,"218794",0.156537292589339,0.0102073625435966,0.483690760082991,"ssGBLUP","not_genotyped"
1,5,"2448313",0.167621386353455,0.425149372167164,0.898632769706558,"ssGBLUP","genotyped"
1,5,"2448314",0.700333845724937,0.379718490779935,0.853201888319329,"ssGBLUP","not_genotyped"
1,5,"2448315",0.0113283346068357,0.379718490779935,0.853201888319329,"ssGBLUP","not_genotyped"
1,5,"2450184",-1.89225278827114,-0.0566312552380759,0.416852142301318,"ssGBLUP","not_genotyped"
1,5,"2484301",-2.02592158397315,-0.425986409175631,0.047496988363763,"ssGBLUP","genotyped"
1,5,"2485148",-1.82192050778113,-0.567986597900567,-0.0945032003611724,"ssGBLUP","genotyped"
1,5,"2586622",-0.103641651923674,0.00670193917768258,0.480185336717077,"ssGBLUP","not_genotyped"
1,5,"2588632",-0.466631470557333,-0.0331513152377275,0.440332082301667,"ssGBLUP","not_genotyped"
1,5,"294745",0.374236712434001,-0.639098154662272,-0.165614757122878,"ssGBLUP","not_genotyped"
1,5,"320849",-0.682832379562464,-0.473483397539394,0,"ssGBLUP","not_genotyped"
1,5,"321487",0.590209587180944,0.0385096809385342,0.511993078477928,"ssGBLUP","genotyped"
1,5,"321822",0.861635507071064,-0.253280026135945,0.220203371403449,"ssGBLUP","not_genotyped"
1,5,"321833",1.02641469085457,0.510613374766893,0.984096772306287,"ssGBLUP","not_genotyped"
1,5,"326413",0.516912861334475,0.347509500823347,0.820992898362741,"ssGBLUP","not_genotyped"
1,5,"342202",0.333019520266336,-0.158352582875226,0.315130814664169,"ssGBLUP","not_genotyped"
1,5,"342218",0.0830206765653325,-0.111625054766824,0.36185834277257,"ssGBLUP","not_genotyped"
1,5,"342231",0.642486440870774,0.121923144255853,0.595406541795248,"ssGBLUP","genotyped"
1,5,"342325",0.252409409996521,-0.0339282227123687,0.439555174827025,"ssGBLUP","not_genotyped"
1,5,"342336",0.561314389036135,0.273906416995124,0.747389814534518,"ssGBLUP","not_genotyped"
1,5,"342374",1.075702666946,0.248589879341079,0.722073276880474,"ssGBLUP","genotyped"
1,5,"343215",0.475402482263425,0.0345876840226484,0.508071081562043,"ssGBLUP","not_genotyped"
1,5,"358856",1.40401499017363,0.101419929599984,0.574903327139379,"ssGBLUP","not_genotyped"
1,5,"369679",0.824579940115349,0.177555713359615,0.651039110899009,"ssGBLUP","genotyped"
1,5,"376790",-1.0649282114001,-0.25713001444646,0.216353383092934,"ssGBLUP","genotyped"
1,5,"377191",0.812233513850544,0.223919550114411,0.697402947653805,"ssGBLUP","not_genotyped"
1,5,"377246",1.11277452206301,0.510613374766894,0.984096772306288,"ssGBLUP","not_genotyped"
1,5,"3827771",-1.56944586356264,-0.24333025165652,0.230153145882875,"ssGBLUP","genotyped"
1,5,"3830083",-1.82117939644201,-1.39887470107026,-0.925391303530862,"ssGBLUP","not_genotyped"
1,5,"3830114",-1.8422725653245,-0.476774272123594,-0.00329087458419958,"ssGBLUP","genotyped"
1,5,"3830130",-1.50911451411035,0.0349361424267648,0.508419539966159,"ssGBLUP","not_genotyped"
1,5,"3831054",-0.0613168647876624,-0.138258329494324,0.33522506804507,"ssGBLUP","not_genotyped"
1,5,"3854950",-2.32277332365134,-1.33830847892506,-0.864825081385664,"ssGBLUP","genotyped"
1,5,"3855646",-1.60297504359708,-1.10890246812639,-0.635419070586991,"ssGBLUP","genotyped"
1,5,"3855675",-1.66940630945593,-0.226619730408342,0.246863667131052,"ssGBLUP","not_genotyped"
1,5,"390845",0.463976337112026,-0.473483397539394,0,"ssGBLUP","not_genotyped"
1,5,"393017",-0.57501289584231,0.0632213781914279,0.536704775730822,"ssGBLUP","not_genotyped"
1,5,"4057155",-1.02510365702352,-0.325573253451959,0.147910144087435,"ssGBLUP","genotyped"
1,5,"4069854",-0.902396793875885,-0.238312431837829,0.235170965701565,"ssGBLUP","not_genotyped"
1,5,"41263",0.565606319538478,0.0009121536472253,0.474395551186619,"ssGBLUP","not_genotyped"
1,5,"41418",0.12124899113459,-0.0261126027757365,0.447370794763658,"ssGBLUP","genotyped"
1,5,"41484",0.282216745174085,-0.545553180606772,-0.0720697830673776,"ssGBLUP","genotyped"
1,5,"41660",-1.27526538233752,-0.276627481549693,0.196855915989701,"ssGBLUP","genotyped"
1,5,"41686",0.409679751421092,0.0843460952264056,0.5578294927658,"ssGBLUP","not_genotyped"
1,5,"41800",0.686040984184875,0.0694010235263598,0.542884421065754,"ssGBLUP","genotyped"
1,5,"419150",-0.1259401447423,0.227854356420449,0.701337753959843,"ssGBLUP","genotyped"
1,5,"419380",0.939240451581174,-0.0932592090213185,0.380224188518076,"ssGBLUP","not_genotyped"
1,5,"41948",0.5807135891435,0.311828695081213,0.785312092620608,"ssGBLUP","genotyped"
1,5,"420125",0.301453063668456,0.451380313005759,0.924863710545153,"ssGBLUP","not_genotyped"
1,5,"42076",0.0253850178080586,0.325279973156562,0.798763370695956,"ssGBLUP","genotyped"
1,5,"421064",0.142985542388393,0.447747485204847,0.921230882744241,"ssGBLUP","not_genotyped"
1,5,"421337",0.918302020231034,0.144392960393975,0.617876357933369,"ssGBLUP","not_genotyped"
1,5,"421340",1.00852214566739,0.144392960393976,0.61787635793337,"ssGBLUP","not_genotyped"
1,5,"421442",0.84616989791746,0.668160984930285,1.14164438246968,"ssGBLUP","genotyped"
1,5,"42174",-0.365522709292455,0.676386066680795,1.14986946422019,"ssGBLUP","genotyped"
1,5,"422005",0.127161593686205,0.270488578778155,0.74397197631755,"ssGBLUP","genotyped"
1,5,"422181",1.75413716138091,0.00438140545893956,0.477864802998334,"ssGBLUP","genotyped"
1,5,"42274",0.449406576829877,0.296365950017933,0.769849347557327,"ssGBLUP","not_genotyped"
1,5,"423143",-1.25577659734301,-0.276587876570442,0.196895520968952,"ssGBLUP","not_genotyped"
1,5,"424673",1.15622319232867,0.492394829593532,0.965878227132926,"ssGBLUP","genotyped"
1,5,"424689",1.4606977914949,0.497922747829402,0.971406145368796,"ssGBLUP","not_genotyped"
1,5,"427520",-0.0624000275140612,0.363718863249213,0.837202260788607,"ssGBLUP","genotyped"
1,5,"427918",-0.258297743459721,-0.323199395122517,0.150284002416877,"ssGBLUP","not_genotyped"
1,5,"428988",0.0947807290233647,0.378209261777852,0.851692659317246,"ssGBLUP","not_genotyped"
1,5,"430174",0.174861474050957,0.286049638007243,0.759533035546637,"ssGBLUP","genotyped"
1,5,"430433",0.211509836974191,-0.268317304199455,0.20516609333994,"ssGBLUP","genotyped"
1,5,"455538",0.893796481556365,-0.157932901353207,0.315550496186187,"ssGBLUP","genotyped"
1,5,"460689",0.966873317225293,0.216897733967535,0.690381131506929,"ssGBLUP","genotyped"
1,5,"460960",-0.381265217188148,-0.193129320623744,0.28035407691565,"ssGBLUP","not_genotyped"
1,5,"536162",0.398147733221247,0.306253243935545,0.77973664147494,"ssGBLUP","genotyped"
1,5,"609368",1.70775662208139,0.396839548557801,0.870322946097195,"ssGBLUP","not_genotyped"
1,5,"62256",0.502253516165182,0.326991073372039,0.800474470911433,"ssGBLUP","not_genotyped"
1,5,"625454",0.42732797418879,0.0702640216082174,0.543747419147612,"ssGBLUP","genotyped"
1,5,"62576",1.23914622150297,0.343750396398238,0.817233793937632,"ssGBLUP","genotyped"
1,5,"6387",-1.05082266371498,-0.327487989227023,0.145995408312371,"ssGBLUP","not_genotyped"
1,5,"64869",0.525871350049044,0.0349492204741537,0.508432618013548,"ssGBLUP","genotyped"
1,5,"65315",0.873330406883901,0.0773000829941304,0.550783480533525,"ssGBLUP","not_genotyped"
1,5,"669426",1.50597887990672,0.125584797139692,0.599068194679086,"ssGBLUP","genotyped"
1,5,"70761",-0.135403566457144,-0.0074708073354991,0.466012590203895,"ssGBLUP","genotyped"
1,5,"77205",-1.57563536485635,0.0609111990705093,0.534394596609904,"ssGBLUP","not_genotyped"
1,5,"784135",-0.0531727841380565,0.95113597159354,1.42461936913293,"ssGBLUP","genotyped"
1,5,"85244",0.907828732515639,0.330073718498699,0.803557116038093,"ssGBLUP","not_genotyped"
1,5,"85599",0.529967822615795,-0.064320493093885,0.409162904445509,"ssGBLUP","not_genotyped"
1,5,"85685",1.71138073797047,-0.575937679703223,-0.102454282163829,"ssGBLUP","not_genotyped"
1,5,"85786",1.44805003424606,-0.198518698106019,0.274964699433375,"ssGBLUP","genotyped"
1,5,"85899",0.852628153872598,0.0693410628608505,0.542824460400245,"ssGBLUP","not_genotyped"
1,5,"86783",-1.08113493189282,-0.111906640114669,0.361576757424726,"ssGBLUP","not_genotyped"
1,5,"89242",-0.470361459494854,-0.229873346064643,0.243610051474752,"ssGBLUP","not_genotyped"
1,5,"900613",0.745851112475593,-0.107186313189162,0.366297084350233,"ssGBLUP","not_genotyped"
1,5,"96638",2.39853754278111,0.125759785035008,0.599243182574402,"ssGBLUP","genotyped"
2,1,"1047493",0.654661841441938,0.17719352467688,0.65696707705505,"PBLUP","not_genotyped"
2,1,"1066279",-0.0723113736646331,0.338287981971378,0.818061534349549,"PBLUP","genotyped"
2,1,"107131",0.186100305347415,-0.47977355237817,0,"PBLUP","genotyped"
2,1,"1093268",0.393733641509161,-0.182717981312565,0.297055571065605,"PBLUP","not_genotyped"
2,1,"1101307",0.849134343273915,0.25981698360551,0.739590535983681,"PBLUP","genotyped"
2,1,"1290408",-0.336269171599065,-0.131085191297792,0.348688361080379,"PBLUP","genotyped"
2,1,"1291474",-0.0135518317777139,-0.436414597237742,0.0433589551404286,"PBLUP","genotyped"
2,1,"1298199",-1.01373452043667,-0.096127054691205,0.383646497686965,"PBLUP","genotyped"
2,1,"1301796",-0.598541144839027,-0.348489215622622,0.131284336755548,"PBLUP","not_genotyped"
2,1,"1301936",-1.04376988987242,-0.405038373145862,0.0747351792323087,"PBLUP","not_genotyped"
2,1,"1302304",-0.380581114413579,-0.192081830912266,0.287691721465904,"PBLUP","genotyped"
2,1,"13396",0.797614889084498,-0.354435827228493,0.125337725149677,"PBLUP","not_genotyped"
2,1,"13728",0.950023214361255,0.181360052028948,0.661133604407118,"PBLUP","not_genotyped"
2,1,"13954",0.665868096415797,-0.226536109614092,0.253237442764078,"PBLUP","genotyped"
2,1,"143067",0.584313272790627,0.330795355112593,0.810568907490763,"PBLUP","not_genotyped"
2,1,"143808",0.0375359861372731,0.28997964874069,0.76975320111886,"PBLUP","not_genotyped"
2,1,"1439621",-0.00867352746859992,-0.0178240992399318,0.461949453138239,"PBLUP","not_genotyped"
2,1,"14431",1.65097609179233,-0.096602995243844,0.383170557134326,"PBLUP","genotyped"
2,1,"1504972",0.381517520534749,-0.0308347972662893,0.448938755111881,"PBLUP","not_genotyped"
2,1,"1507236",-1.28624360305319,-0.101017184321427,0.378756368056743,"PBLUP","not_genotyped"
2,1,"15200",-0.401527689844371,-0.166001871615232,0.313771680762938,"PBLUP","genotyped"
2,1,"1542708",-0.319158458154239,0.327689554715199,0.80746310709337,"PBLUP","not_genotyped"
2,1,"1637620",0.296908666665976,-0.290171573349089,0.189601979029081,"PBLUP","not_genotyped"
2,1,"1651705",-0.265073618560194,0.0393042377888069,0.519077790166977,"PBLUP","not_genotyped"
2,1,"1672866",-0.491755959361372,-0.452391949753051,0.0273816026251192,"PBLUP","genotyped"
2,1,"1831374",0.414558055730206,-0.47977355237817,0,"PBLUP","not_genotyped"
2,1,"1838323",-1.76676064954134,0.199633075364215,0.679406627742385,"PBLUP","genotyped"
2,1,"19630",-0.519046773618208,0.020197355033288,0.499970907411458,"PBLUP","not_genotyped"
2,1,"1982528",-0.731957474040898,-0.386988772398438,0.0927847799797322,"PBLUP","genotyped"
2,1,"2031157",0.728031864014252,-0.218896192668727,0.260877359709443,"PBLUP","genotyped"
2,1,"20585",-1.30511343791833,0.0160763979091273,0.495849950287298,"PBLUP","not_genotyped"
2,1,"2099196",1.6878769212157,-0.153243031318088,0.326530521060082,"PBLUP","not_genotyped"
2,1,"214589",0.623722479054078,0.375528881299348,0.855302433677518,"PBLUP","not_genotyped"
2,1,"2163607",0.440545817083104,-0.110817130876824,0.368956421501346,"PBLUP","not_genotyped"
2,1,"217451",-0.997039155104975,-0.0249141677791314,0.454859384599039,"PBLUP","genotyped"
2,1,"217748",0.578498399206806,0.253468808183373,0.733242360561543,"PBLUP","genotyped"
2,1,"218794",0.156537292589339,-0.0132790670880318,0.466494485290139,"PBLUP","not_genotyped"
2,1,"2465",0.785439488513336,0.141910930310833,0.621684482689004,"PBLUP","genotyped"
2,1,"2485913",-2.15730189301262,-1.40289382394429,-0.923120271566117,"PBLUP","genotyped"
2,1,"2487807",-2.07697682556554,-0.85361840978264,-0.373844857404469,"PBLUP","not_genotyped"
2,1,"294724",0.965651705127852,0.16854606367684,0.64831961605501,"PBLUP","genotyped"
2,1,"294818",0.514005424542565,-0.049460948991985,0.430312603386185,"PBLUP","genotyped"
2,1,"295091",0.609291168142973,0.208585304103916,0.688358856482086,"PBLUP","not_genotyped"
2,1,"295146",1.00396960458425,0.162078830121522,0.641852382499692,"PBLUP","genotyped"
2,1,"295191",0.107982283756379,0.072638989815,0.55241254219317,"PBLUP","genotyped"
2,1,"295296",0.80610916520204,-0.47977355237817,0,"PBLUP","genotyped"
2,1,"31089",-1.40101813164811,-0.47977355237817,0,"PBLUP","not_genotyped"
2,1,"321397",0.364545256460967,0.373772222186424,0.853545774564595,"PBLUP","not_genotyped"
2,1,"321487",0.590209587180944,0.0537445843341217,0.533518136712292,"PBLUP","genotyped"
2,1,"321833",1.02641469085457,0.408774654493913,0.888548206872083,"PBLUP","not_genotyped"
2,1,"323172",1.15157292227774,0.172183835620521,0.651957387998692,"PBLUP","genotyped"
2,1,"326413",0.516912861334475,0.237055364011395,0.716828916389565,"PBLUP","not_genotyped"
2,1,"342294",0.689583659267455,0.686937267917573,1.16671082029574,"PBLUP","genotyped"
2,1,"345434",2.52690454198022,0.314949352130684,0.794722904508855,"PBLUP","not_genotyped"
2,1,"353782",-0.467209700283455,-0.182717981312565,0.297055571065605,"PBLUP","genotyped"
2,1,"355408",0.759125963934455,0.491186420904298,0.970959973282469,"PBLUP","genotyped"
2,1,"355411",0.893902354604809,0.278564027251559,0.758337579629729,"PBLUP","genotyped"
2,1,"3578390",-1.48235306509574,0.0537530985684049,0.533526650946575,"PBLUP","not_genotyped"
2,1,"358060",-0.459033043311249,0.285149957972091,0.764923510350261,"PBLUP","genotyped"
2,1,"369670",0.105807814222934,-0.0909414393324801,0.38883211304569,"PBLUP","not_genotyped"
2,1,"369679",0.824579940115349,0.0912412493992611,0.571014801777431,"PBLUP","genotyped"
2,1,"3826178",-1.22189722184064,-0.513237131443305,-0.0334635790651349,"PBLUP","genotyped"
2,1,"3830034",-2.00663640099488,-0.00228897017339574,0.477484582204775,"PBLUP","genotyped"
2,1,"3830109",-2.41866172921982,-0.0819800295230597,0.397793522855111,"PBLUP","genotyped"
2,1,"3830130",-1.50911451411035,-0.066931865686095,0.412841686692075,"PBLUP","not_genotyped"
2,1,"3830167",-1.78563862848713,-0.281573191369332,0.198200361008838,"PBLUP","not_genotyped"
2,1,"3831054",-0.0613168647876624,-0.0773087820029688,0.402464770375202,"PBLUP","not_genotyped"
2,1,"3848142",-1.64571517884622,-0.81025458697843,-0.33048103460026,"PBLUP","not_genotyped"
2,1,"3855110",-1.74344414664151,-0.335645066131984,0.144128486246186,"PBLUP","not_genotyped"
2,1,"3864287",-2.26872920446055,0.000718139085124914,0.480491691463295,"PBLUP","genotyped"
2,1,"3868700",-2.00590343373641,-0.269120230428118,0.210653321950052,"PBLUP","genotyped"
2,1,"3868812",-2.13250316743456,0.182586807476532,0.662360359854702,"PBLUP","not_genotyped"
2,1,"392884",0.568171704943104,-0.143302892433764,0.336470659944406,"PBLUP","genotyped"
2,1,"393017",-0.57501289584231,0.0121665619663947,0.491940114344565,"PBLUP","not_genotyped"
2,1,"4057155",-1.02510365702352,-0.117093457807695,0.362680094570476,"PBLUP","genotyped"
2,1,"4059227",-0.490371465650939,-0.161885295398535,0.317888256979635,"PBLUP","not_genotyped"
2,1,"4062993",-1.24850393332291,-0.117093457807695,0.362680094570476,"PBLUP","not_genotyped"
2,1,"412956",0.406967772564773,-0.0859201582954822,0.393853394082688,"PBLUP","genotyped"
2,1,"413317",-0.769851881303522,-0.0684051442607722,0.411368408117398,"PBLUP","not_genotyped"
2,1,"414940",1.19555095778562,-0.047582646664017,0.432190905714153,"PBLUP","genotyped"
2,1,"416396",2.27981313507113,0.679400858192013,1.15917441057018,"PBLUP","not_genotyped"
2,1,"41709",0.00451173910311468,0.215260714761407,0.695034267139577,"PBLUP","not_genotyped"
2,1,"41804",-0.456435081584024,-0.138653966901563,0.341119585476607,"PBLUP","genotyped"
2,1,"418273",-0.9041722034575,-0.139478187065821,0.340295365312349,"PBLUP","not_genotyped"
2,1,"420071",1.23562797866234,0.13814546929784,0.61791902167601,"PBLUP","not_genotyped"
2,1,"42083",0.309238804769481,0.027808276258028,0.507581828636198,"PBLUP","not_genotyped"
2,1,"421018",0.561705304907316,0.441380730537403,0.921154282915574,"PBLUP","not_genotyped"
2,1,"421340",1.00852214566739,0.31524533607418,0.79501888845235,"PBLUP","not_genotyped"
2,1,"422983",0.411675051180245,0.0719102184432532,0.551683770821424,"PBLUP","genotyped"
2,1,"424673",1.15622319232867,0.368456433265033,0.848229985643204,"PBLUP","genotyped"
2,1,"424689",1.4606977914949,0.368456433265033,0.848229985643204,"PBLUP","not_genotyped"
2,1,"424702",0.939248595661824,0.321597002427842,0.801370554806012,"PBLUP","not_genotyped"
2,1,"430048",-0.567732087741562,0.0884197315170992,0.56819328389527,"PBLUP","genotyped"
2,1,"438163",0.788835570144222,-0.0499708970065443,0.429802655371626,"PBLUP","genotyped"
2,1,"447647",0.81275473501212,0.323080734929256,0.802854287307426,"PBLUP","genotyped"
2,1,"455538",0.893796481556365,0.215084601726938,0.694858154105109,"PBLUP","genotyped"
2,1,"460693",-0.0645744970475065,0.444697238147123,0.924470790525293,"PBLUP","genotyped"
2,1,"464211",0.902209316867409,-0.144298411777922,0.335475140600249,"PBLUP","not_genotyped"
2,1,"60900",0.257466884079927,-0.170745446766705,0.309028105611465,"PBLUP","not_genotyped"
2,1,"609448",1.15351121347235,0.47828573939491,0.958059291773081,"PBLUP","not_genotyped"
2,1,"62150",1.12297091103632,0.291388162803284,0.771161715181454,"PBLUP","not_genotyped"
2,1,"62526",0.824197168324818,-0.518169783366407,-0.0383962309882364,"PBLUP","not_genotyped"
2,1,"62603",0.702777069919819,-0.0672577272114762,0.412515825166694,"PBLUP","genotyped"
2,1,"62627",0.560687294826115,-0.0154084103728538,0.464365142005317,"PBLUP","genotyped"
2,1,"6387",-1.05082266371498,-0.12206354783265,0.35771000454552,"PBLUP","not_genotyped"
2,1,"64869",0.525871350049044,0.272785499794284,0.752559052172455,"PBLUP","genotyped"
2,1,"65315",0.873330406883901,0.258416864289281,0.738190416667451,"PBLUP","not_genotyped"
2,1,"67055",-0.934574056522484,0.104158559014778,0.583932111392949,"PBLUP","not_genotyped"
2,1,"673831",0.29330898301885,-0.250528744020876,0.229244808357295,"PBLUP","not_genotyped"
2,1,"68460",1.04727168139822,0.372105998623023,0.851879551001193,"PBLUP","genotyped"
2,1,"77310",-0.0753409716662881,-0.414832054217944,0.0649414981602267,"PBLUP","not_genotyped"
2,1,"80662",0.145094859276641,-0.137030709972772,0.342742842405399,"PBLUP","not_genotyped"
2,1,"855587",-0.0389206430012417,0.240498586587567,0.720272138965737,"PBLUP","not_genotyped"
2,1,"85587",0.475850406699153,-0.295047289141942,0.184726263236228,"PBLUP","genotyped"
2,1,"85599",0.529967822615795,-0.28011800935805,0.19965554302012,"PBLUP","not_genotyped"
2,1,"85646",1.96339116959193,0.479682003869098,0.959455556247268,"PBLUP","genotyped"
2,1,"86230",0.268111197488963,0.317397508106433,0.797171060484603,"PBLUP","genotyped"
2,1,"86954",-0.571950721518058,0.306810082150512,0.786583634528682,"PBLUP","genotyped"
2,1,"96495",1.10011862073352,0.0156684078986087,0.495441960276779,"PBLUP","not_genotyped"
2,1,"96638",2.39853754278111,0.258194116416995,0.737967668795165,"PBLUP","genotyped"
2,1,"1047493",0.654661841441938,0.122972349735278,0.594766748809141,"ssGBLUP","not_genotyped"
2,1,"1066279",-0.0723113736646331,0.311849628347199,0.783644027421063,"ssGBLUP","genotyped"
2,1,"107131",0.186100305347415,-0.563566650629814,-0.0917722515559508,"ssGBLUP","genotyped"
2,1,"1093268",0.393733641509161,-0.0159514821625715,0.455842916911292,"ssGBLUP","not_genotyped"
2,1,"1101307",0.849134343273915,0.244262038048717,0.71605643712258,"ssGBLUP","genotyped"
2,1,"1290408",-0.336269171599065,-0.291191043632598,0.180603355441266,"ssGBLUP","genotyped"
2,1,"1291474",-0.0135518317777139,-0.38666680817408,0.0851275908997837,"ssGBLUP","genotyped"
2,1,"1298199",-1.01373452043667,-0.211854323119078,0.259940075954785,"ssGBLUP","genotyped"
2,1,"1301796",-0.598541144839027,-0.302587296381214,0.16920710269265,"ssGBLUP","not_genotyped"
2,1,"1301936",-1.04376988987242,-0.284501930403813,0.187292468670051,"ssGBLUP","not_genotyped"
2,1,"1302304",-0.380581114413579,-0.153164353711523,0.318630045362341,"ssGBLUP","genotyped"
2,1,"13396",0.797614889084498,-0.475623302357197,-0.00382890328333367,"ssGBLUP","not_genotyped"
2,1,"13728",0.950023214361255,0.064512900873521,0.536307299947385,"ssGBLUP","not_genotyped"
2,1,"13954",0.665868096415797,0.0824588732267251,0.554253272300589,"ssGBLUP","genotyped"
2,1,"143067",0.584313272790627,0.178698450452464,0.650492849526328,"ssGBLUP","not_genotyped"
2,1,"143808",0.0375359861372731,0.232190982626178,0.703985381700042,"ssGBLUP","not_genotyped"
2,1,"1439621",-0.00867352746859992,0.0652705358842308,0.537064934958094,"ssGBLUP","not_genotyped"
2,1,"14431",1.65097609179233,0.178354761966976,0.65014916104084,"ssGBLUP","genotyped"
2,1,"1504972",0.381517520534749,-0.00581054387275176,0.465983855201112,"ssGBLUP","not_genotyped"
2,1,"1507236",-1.28624360305319,-0.349029865633505,0.122764533440359,"ssGBLUP","not_genotyped"
2,1,"15200",-0.401527689844371,-0.338755116594507,0.133039282479357,"ssGBLUP","genotyped"
2,1,"1542708",-0.319158458154239,0.490632451971289,0.962426851045153,"ssGBLUP","not_genotyped"
2,1,"1637620",0.296908666665976,-0.378350937805141,0.0934434612687223,"ssGBLUP","not_genotyped"
2,1,"1651705",-0.265073618560194,0.0459199941912562,0.51771439326512,"ssGBLUP","not_genotyped"
2,1,"1672866",-0.491755959361372,-0.673773027093903,-0.201978628020039,"ssGBLUP","genotyped"
2,1,"1831374",0.414558055730206,-0.471794399073864,0,"ssGBLUP","not_genotyped"
2,1,"1838323",-1.76676064954134,-0.477988094643245,-0.00619369556938145,"ssGBLUP","genotyped"
2,1,"19630",-0.519046773618208,-0.00688190897329516,0.464912490100569,"ssGBLUP","not_genotyped"
2,1,"1982528",-0.731957474040898,-0.668132603922769,-0.196338204848905,"ssGBLUP","genotyped"
2,1,"2031157",0.728031864014252,-0.284097230177605,0.187697168896259,"ssGBLUP","genotyped"
2,1,"20585",-1.30511343791833,0.0320828729817094,0.503877272055573,"ssGBLUP","not_genotyped"
2,1,"2099196",1.6878769212157,-0.134654125708632,0.337140273365231,"ssGBLUP","not_genotyped"
2,1,"214589",0.623722479054078,0.274978913366284,0.746773312440148,"ssGBLUP","not_genotyped"
2,1,"2163607",0.440545817083104,0.0184429859629572,0.490237385036821,"ssGBLUP","not_genotyped"
2,1,"217451",-0.997039155104975,-0.24409623025625,0.227698168817613,"ssGBLUP","genotyped"
2,1,"217748",0.578498399206806,-0.145938015398966,0.325856383674897,"ssGBLUP","genotyped"
2,1,"218794",0.156537292589339,0.0260571588057271,0.497851557879591,"ssGBLUP","not_genotyped"
2,1,"2465",0.785439488513336,0.118657354434067,0.590451753507931,"ssGBLUP","genotyped"
2,1,"2485913",-2.15730189301262,-1.43392638211738,-0.962131983043515,"ssGBLUP","genotyped"
2,1,"2487807",-2.07697682556554,-1.00333408927349,-0.531539690199626,"ssGBLUP","not_genotyped"
2,1,"294724",0.965651705127852,-0.0730231536928487,0.398771245381015,"ssGBLUP","genotyped"
2,1,"294818",0.514005424542565,0.151902556114926,0.623696955188789,"ssGBLUP","genotyped"
2,1,"295091",0.609291168142973,0.187062045632299,0.658856444706163,"ssGBLUP","not_genotyped"
2,1,"295146",1.00396960458425,0.330755975287577,0.802550374361441,"ssGBLUP","genotyped"
2,1,"295191",0.107982283756379,0.155086056213059,0.626880455286922,"ssGBLUP","genotyped"
2,1,"295296",0.80610916520204,0.290255681763105,0.762050080836969,"ssGBLUP","genotyped"
2,1,"31089",-1.40101813164811,-0.471794399073864,0,"ssGBLUP","not_genotyped"
2,1,"321397",0.364545256460967,0.253822302289539,0.725616701363403,"ssGBLUP","not_genotyped"
2,1,"321487",0.590209587180944,-0.00446631365935102,0.467328085414513,"ssGBLUP","genotyped"
2,1,"321833",1.02641469085457,0.57999842828525,1.05179282735911,"ssGBLUP","not_genotyped"
2,1,"323172",1.15157292227774,-0.396893294941039,0.0749011041328245,"ssGBLUP","genotyped"
2,1,"326413",0.516912861334475,0.293453609064515,0.765248008138379,"ssGBLUP","not_genotyped"
2,1,"342294",0.689583659267455,0.522652172106146,0.99444657118001,"ssGBLUP","genotyped"
2,1,"345434",2.52690454198022,0.259438301973607,0.731232701047471,"ssGBLUP","not_genotyped"
2,1,"353782",-0.467209700283455,-0.003165761591571,0.468628637482293,"ssGBLUP","genotyped"
2,1,"355408",0.759125963934455,0.161304532827869,0.633098931901733,"ssGBLUP","genotyped"
2,1,"355411",0.893902354604809,0.115852240071333,0.587646639145197,"ssGBLUP","genotyped"
2,1,"3578390",-1.48235306509574,0.0392958493569801,0.511090248430844,"ssGBLUP","not_genotyped"
2,1,"358060",-0.459033043311249,-0.140033423759482,0.331760975314382,"ssGBLUP","genotyped"
2,1,"369670",0.105807814222934,0.0377086673810518,0.509503066454915,"ssGBLUP","not_genotyped"
2,1,"369679",0.824579940115349,0.187793310707466,0.65958770978133,"ssGBLUP","genotyped"
2,1,"3826178",-1.22189722184064,-0.493329096004154,-0.0215346969302902,"ssGBLUP","genotyped"
2,1,"3830034",-2.00663640099488,-0.0908464853558472,0.380947913718017,"ssGBLUP","genotyped"
2,1,"3830109",-2.41866172921982,0.0707543704651354,0.542548769538999,"ssGBLUP","genotyped"
2,1,"3830130",-1.50911451411035,0.0062650190990643,0.478059418172928,"ssGBLUP","not_genotyped"
2,1,"3830167",-1.78563862848713,-0.528211251000287,-0.0564168519264234,"ssGBLUP","not_genotyped"
2,1,"3831054",-0.0613168647876624,-0.161296550722043,0.31049784835182,"ssGBLUP","not_genotyped"
2,1,"3848142",-1.64571517884622,-1.2017161978582,-0.729921798784338,"ssGBLUP","not_genotyped"
2,1,"3855110",-1.74344414664151,-0.362752362127152,0.109042036946712,"ssGBLUP","not_genotyped"
2,1,"3864287",-2.26872920446055,-0.872516155373368,-0.400721756299504,"ssGBLUP","genotyped"
2,1,"3868700",-2.00590343373641,-1.00570142754997,-0.53390702847611,"ssGBLUP","genotyped"
2,1,"3868812",-2.13250316743456,0.174912221401127,0.646706620474991,"ssGBLUP","not_genotyped"
2,1,"392884",0.568171704943104,-0.281746912778638,0.190047486295226,"ssGBLUP","genotyped"
2,1,"393017",-0.57501289584231,0.139011116298835,0.610805515372699,"ssGBLUP","not_genotyped"
2,1,"4057155",-1.02510365702352,-0.0332715705941131,0.438522828479751,"ssGBLUP","genotyped"
2,1,"4059227",-0.490371465650939,0.00386661498935298,0.475661014063217,"ssGBLUP","not_genotyped"
2,1,"4062993",-1.24850393332291,-0.0343004635264683,0.437493935547395,"ssGBLUP","not_genotyped"
2,1,"412956",0.406967772564773,0.290433852311971,0.762228251385834,"ssGBLUP","genotyped"
2,1,"413317",-0.769851881303522,-0.0996283062944124,0.372166092779451,"ssGBLUP","not_genotyped"
2,1,"414940",1.19555095778562,-0.38209585114323,0.0896985479306339,"ssGBLUP","genotyped"
2,1,"416396",2.27981313507113,1.01587044834491,1.48766484741878,"ssGBLUP","not_genotyped"
2,1,"41709",0.00451173910311468,0.106975881506972,0.578770280580836,"ssGBLUP","not_genotyped"
2,1,"41804",-0.456435081584024,0.187909781253781,0.659704180327645,"ssGBLUP","genotyped"
2,1,"418273",-0.9041722034575,-0.0020297516990142,0.46976464737485,"ssGBLUP","not_genotyped"
2,1,"420071",1.23562797866234,0.0853620016509751,0.557156400724839,"ssGBLUP","not_genotyped"
2,1,"42083",0.309238804769481,-0.0657930992397212,0.406001299834143,"ssGBLUP","not_genotyped"
2,1,"421018",0.561705304907316,0.50976324083364,0.981557639907503,"ssGBLUP","not_genotyped"
2,1,"421340",1.00852214566739,0.344431454178203,0.816225853252066,"ssGBLUP","not_genotyped"
2,1,"422983",0.411675051180245,-0.100005439938427,0.371788959135437,"ssGBLUP","genotyped"
2,1,"424673",1.15622319232867,0.580869863684144,1.05266426275801,"ssGBLUP","genotyped"
2,1,"424689",1.4606977914949,0.583412335240607,1.05520673431447,"ssGBLUP","not_genotyped"
2,1,"424702",0.939248595661824,0.546014095762335,1.0178084948362,"ssGBLUP","not_genotyped"
2,1,"430048",-0.567732087741562,-0.11954656148692,0.352247837586944,"ssGBLUP","genotyped"
2,1,"438163",0.788835570144222,0.266635271889983,0.738429670963847,"ssGBLUP","genotyped"
2,1,"447647",0.81275473501212,0.339580795807122,0.811375194880985,"ssGBLUP","genotyped"
2,1,"455538",0.893796481556365,-0.198241804494094,0.27355259457977,"ssGBLUP","genotyped"
2,1,"460693",-0.0645744970475065,0.457986798242685,0.929781197316549,"ssGBLUP","genotyped"
2,1,"464211",0.902209316867409,-0.12718273123044,0.344611667843423,"ssGBLUP","not_genotyped"
2,1,"60900",0.257466884079927,-0.253202363571437,0.218592035502427,"ssGBLUP","not_genotyped"
2,1,"609448",1.15351121347235,0.463423053296117,0.935217452369981,"ssGBLUP","not_genotyped"
2,1,"62150",1.12297091103632,0.263110883523045,0.734905282596909,"ssGBLUP","not_genotyped"
2,1,"62526",0.824197168324818,-0.383143193253917,0.0886512058199469,"ssGBLUP","not_genotyped"
2,1,"62603",0.702777069919819,-0.202952879684965,0.268841519388898,"ssGBLUP","genotyped"
2,1,"62627",0.560687294826115,0.0970215225014097,0.568815921575273,"ssGBLUP","genotyped"
2,1,"6387",-1.05082266371498,-0.178792047887631,0.293002351186233,"ssGBLUP","not_genotyped"
2,1,"64869",0.525871350049044,0.0321647040952327,0.503959103169096,"ssGBLUP","genotyped"
2,1,"65315",0.873330406883901,0.2371838467151,0.708978245788964,"ssGBLUP","not_genotyped"
2,1,"67055",-0.934574056522484,0.181754690205031,0.653549089278894,"ssGBLUP","not_genotyped"
2,1,"673831",0.29330898301885,-0.248854181670232,0.222940217403631,"ssGBLUP","not_genotyped"
2,1,"68460",1.04727168139822,0.248638915049205,0.720433314123069,"ssGBLUP","genotyped"
2,1,"77310",-0.0753409716662881,-0.350919162865975,0.120875236207889,"ssGBLUP","not_genotyped"
2,1,"80662",0.145094859276641,0.00128165516027662,0.47307605423414,"ssGBLUP","not_genotyped"
2,1,"855587",-0.0389206430012417,0.408780592030641,0.880574991104505,"ssGBLUP","not_genotyped"
2,1,"85587",0.475850406699153,-0.132569648456846,0.339224750617018,"ssGBLUP","genotyped"
2,1,"85599",0.529967822615795,-0.135016237161873,0.336778161911991,"ssGBLUP","not_genotyped"
2,1,"85646",1.96339116959193,0.255878745473888,0.727673144547752,"ssGBLUP","genotyped"
2,1,"86230",0.268111197488963,-0.0735866330435157,0.398207766030348,"ssGBLUP","genotyped"
2,1,"86954",-0.571950721518058,-0.290381900284614,0.18141249878925,"ssGBLUP","genotyped"
2,1,"96495",1.10011862073352,-0.0587351001725336,0.41305929890133,"ssGBLUP","not_genotyped"
2,1,"96638",2.39853754278111,0.0763424883219126,0.548136887395776,"ssGBLUP","genotyped"
2,2,"107017",1.73852495877561,0.57455648668779,1.01167946452874,"PBLUP","not_genotyped"
2,2,"1079616",0.712370796925057,0.414524855784671,0.851647833625624,"PBLUP","not_genotyped"
2,2,"1082612",1.48183982486128,0.351941773731925,0.789064751572878,"PBLUP","genotyped"
2,2,"1210458",-1.53023211523478,-0.189281155590805,0.247841822250148,"PBLUP","genotyped"
2,2,"1290414",-0.332376301048552,-0.0649749546689468,0.372148023172007,"PBLUP","genotyped"
2,2,"1295736",-1.67898374829987,-0.386172231343948,0.0509507464970058,"PBLUP","genotyped"
2,2,"1298211",-0.0176238721025183,-0.337866770425294,0.0992562074156593,"PBLUP","genotyped"
2,2,"1300939",-0.969707620444892,0.193977646705697,0.63110062454665,"PBLUP","genotyped"
2,2,"13350",0.316022823950605,0.328256739114034,0.765379716954987,"PBLUP","genotyped"
2,2,"13569",1.81367039092954,0.557468100589159,0.994591078430113,"PBLUP","not_genotyped"
2,2,"1402346",-0.162702524794628,-0.373359732328927,0.0637632455120265,"PBLUP","not_genotyped"
2,2,"143989",1.07711159289838,-0.589052728212842,-0.151929750371889,"PBLUP","not_genotyped"
2,2,"144880",1.72531525996195,0.254559376102328,0.691682353943282,"PBLUP","not_genotyped"
2,2,"1478078",0.125092997201205,-0.117888933521457,0.319234044319496,"PBLUP","not_genotyped"
2,2,"15292",-1.12723857245025,-0.437122977840953,0,"PBLUP","genotyped"
2,2,"1563726",1.47973050797303,0.430006917254745,0.867129895095699,"PBLUP","genotyped"
2,2,"1630957",0.152864312216366,-0.232678078472423,0.204444899368531,"PBLUP","not_genotyped"
2,2,"1637606",0.0470156960134162,-0.212506390769466,0.224616587071487,"PBLUP","genotyped"
2,2,"168060",-0.434926564588412,0.424412675685394,0.861535653526348,"PBLUP","not_genotyped"
2,2,"168924",0.175985357180603,0.311415741814315,0.748538719655269,"PBLUP","not_genotyped"
2,2,"170744",-2.22424623595239,-1.08231683872329,-0.645193860882339,"PBLUP","not_genotyped"
2,2,"1766345",-0.623869235659307,-0.467708511560788,-0.0305855337198343,"PBLUP","genotyped"
2,2,"1817540",0.0796490271763938,0.251916777834133,0.689039755675086,"PBLUP","genotyped"
2,2,"1823515",0.462616275643541,0.16374620145161,0.600869179292564,"PBLUP","not_genotyped"
2,2,"2117143",0.0567723046316471,0.143630220854619,0.580753198695572,"PBLUP","genotyped"
2,2,"2151597",0.577415236480409,0.0557812039357808,0.492904181776734,"PBLUP","genotyped"
2,2,"2151603",-1.00835942720793,-0.0985790264133109,0.338543951427642,"PBLUP","genotyped"
2,2,"2167",0.341815127367912,-0.0254921591181649,0.411630818722788,"PBLUP","genotyped"
2,2,"2201662",-1.78674622345547,0.399935678104528,0.837058655945481,"PBLUP","not_genotyped"
2,2,"220384",-0.76760411504423,-0.437122977840953,0,"PBLUP","not_genotyped"
2,2,"222490",0.822315885694759,0.0904560711475434,0.527579048988497,"PBLUP","genotyped"
2,2,"222693",-0.973934398302038,-0.437122977840953,0,"PBLUP","genotyped"
2,2,"2448313",0.167621386353455,0.268007249616302,0.705130227457256,"PBLUP","genotyped"
2,2,"2460025",-0.086099302204419,0.142676285553619,0.579799263394572,"PBLUP","genotyped"
2,2,"2464631",-0.140656498476139,-0.332597666576186,0.104525311264768,"PBLUP","genotyped"
2,2,"2484313",-1.06314465773784,-0.393775348534731,0.043347629306222,"PBLUP","not_genotyped"
2,2,"2485043",-1.35715411326932,-0.49817271014245,-0.0610497323014968,"PBLUP","genotyped"
2,2,"2485148",-1.82192050778113,-0.256471461123082,0.180651516717872,"PBLUP","genotyped"
2,2,"2485260",-1.10190233754932,-0.867064890680513,-0.42994191283956,"PBLUP","genotyped"
2,2,"2485890",-2.06419061894565,-0.404947087684779,0.0321758901561744,"PBLUP","not_genotyped"
2,2,"2588632",-0.466631470557333,0.0414543869745094,0.478577364815463,"PBLUP","not_genotyped"
2,2,"2588696",0.0402805413161911,0.0401046362013578,0.477227614042311,"PBLUP","not_genotyped"
2,2,"2668072",-0.291427863542325,-0.437122977840953,0,"PBLUP","not_genotyped"
2,2,"292703",0.642038516435046,0.801707895448888,1.23883087328984,"PBLUP","not_genotyped"
2,2,"294745",0.374236712434001,-0.830614509862592,-0.393491532021639,"PBLUP","not_genotyped"
2,2,"294897",0.50474560484396,0.281950749588112,0.719073727429066,"PBLUP","not_genotyped"
2,2,"295190",0.249534549527208,0.187204654282399,0.624327632123353,"PBLUP","not_genotyped"
2,2,"320849",-0.682832379562464,-0.437122977840953,0,"PBLUP","not_genotyped"
2,2,"321822",0.861635507071064,-0.343613599205069,0.0935093786358841,"PBLUP","not_genotyped"
2,2,"342253",1.07641120196251,0.792947492746668,1.23007047058762,"PBLUP","genotyped"
2,2,"342263",0.0796897475796432,0.39025900918736,0.827381987028313,"PBLUP","genotyped"
2,2,"373101",-0.44842130622481,-0.397547371656443,0.0395756061845106,"PBLUP","genotyped"
2,2,"376790",-1.0649282114001,0.0132332774092482,0.450356255250202,"PBLUP","genotyped"
2,2,"3825285",-0.503573020383953,-0.00551307937339979,0.431609898467554,"PBLUP","genotyped"
2,2,"3826179",-1.44924737725509,-0.803702467319845,-0.366579489478892,"PBLUP","genotyped"
2,2,"3827748",-1.44840039286753,0.314863847020993,0.751986824861946,"PBLUP","genotyped"
2,2,"3827770",-2.31129831401605,-0.781192050139484,-0.34406907229853,"PBLUP","genotyped"
2,2,"3827774",-2.05032124959937,-0.146165233209005,0.290957744631948,"PBLUP","genotyped"
2,2,"3830068",-1.1770559137839,-0.623259722598409,-0.186136744757456,"PBLUP","genotyped"
2,2,"3830128",-2.00145676570173,-0.386130851105801,0.050992126735152,"PBLUP","not_genotyped"
2,2,"3830184",-1.42619148493605,0.122750356839827,0.55987333468078,"PBLUP","genotyped"
2,2,"3855646",-1.60297504359708,-0.205081841578427,0.232041136262526,"PBLUP","genotyped"
2,2,"3855675",-1.66940630945593,-0.0112895048456083,0.425833472995345,"PBLUP","not_genotyped"
2,2,"3863186",-1.46247336423005,0.232849467991965,0.669972445832919,"PBLUP","genotyped"
2,2,"3865255",-1.92223929322299,-0.55372045646373,-0.116597478622777,"PBLUP","genotyped"
2,2,"3889",2.33609687644057,0.320216011837876,0.757338989678829,"PBLUP","genotyped"
2,2,"3895",0.617410816550632,0.196917957744528,0.634040935585482,"PBLUP","genotyped"
2,2,"392036",0.331048652749132,-0.271017060403796,0.166105917437158,"PBLUP","genotyped"
2,2,"392956",0.556664118985209,0.0776581671785685,0.514781145019522,"PBLUP","not_genotyped"
2,2,"393281",1.14763118724333,0.104084072537166,0.54120705037812,"PBLUP","genotyped"
2,2,"393298",-0.151805744885452,0.121760530005644,0.558883507846597,"PBLUP","not_genotyped"
2,2,"4066585",-1.05212571661892,-0.213147095536944,0.223975882304009,"PBLUP","not_genotyped"
2,2,"412450",-0.371948388924996,0.200518152584323,0.637641130425277,"PBLUP","genotyped"
2,2,"413235",-0.454749256889555,-0.0156655788412596,0.421457398999694,"PBLUP","genotyped"
2,2,"41418",0.12124899113459,0.0957574647885727,0.532880442629526,"PBLUP","genotyped"
2,2,"416019",-0.58579565862239,0.205453258723576,0.642576236564529,"PBLUP","not_genotyped"
2,2,"41660",-1.27526538233752,0.353448388246494,0.790571366087448,"PBLUP","genotyped"
2,2,"41669",-0.280189032245867,-0.012403959089911,0.424719018751042,"PBLUP","genotyped"
2,2,"420158",1.51528756408922,0.375411499197713,0.812534477038666,"PBLUP","not_genotyped"
2,2,"42076",0.0253850178080586,0.0561263872419506,0.493249365082904,"PBLUP","genotyped"
2,2,"421337",0.918302020231034,0.482114647092589,0.919237624933542,"PBLUP","not_genotyped"
2,2,"422212",-0.278486919390099,0.561641106930019,0.998764084770972,"PBLUP","genotyped"
2,2,"42237",-1.09225974606019,0.209250987286557,0.64637396512751,"PBLUP","genotyped"
2,2,"422381",-0.397260191583976,0.136397922988292,0.573520900829246,"PBLUP","not_genotyped"
2,2,"42274",0.449406576829877,0.247948284584284,0.685071262425237,"PBLUP","not_genotyped"
2,2,"423133",-0.80039218373955,-0.319993570839232,0.117129407001721,"PBLUP","not_genotyped"
2,2,"423348",-1.47401352651054,0.0600626501272247,0.497185627968178,"PBLUP","not_genotyped"
2,2,"423409",0.221396750882815,0.0664337068536938,0.503556684694647,"PBLUP","genotyped"
2,2,"4248",0.647218151728196,0.139464467000672,0.576587444841626,"PBLUP","not_genotyped"
2,2,"429101",-1.68124780272046,-0.0708812833474248,0.366241694493529,"PBLUP","genotyped"
2,2,"429726",0.361499370298013,0.29346450040908,0.730587478250033,"PBLUP","genotyped"
2,2,"430433",0.211509836974191,0.153864755131821,0.590987732972775,"PBLUP","genotyped"
2,2,"438323",-0.30088314117652,0.285677921649475,0.722800899490428,"PBLUP","not_genotyped"
2,2,"450770",0.934068960368675,0.414796456004168,0.851919433845122,"PBLUP","genotyped"
2,2,"454059",1.54804305646194,0.73979573877021,1.17691871661116,"PBLUP","genotyped"
2,2,"458835",0.881148724307524,0.658209760018753,1.09533273785971,"PBLUP","not_genotyped"
2,2,"471785",-0.572480086760283,0.261306750435898,0.698429728276851,"PBLUP","genotyped"
2,2,"480143",0.202347746243382,0.460038082480604,0.897161060321558,"PBLUP","not_genotyped"
2,2,"609307",1.1992076499973,0.394886557325899,0.832009535166853,"PBLUP","not_genotyped"
2,2,"664062",2.23440988544957,-0.203081339178103,0.234041638662851,"PBLUP","genotyped"
2,2,"665788",1.08817125442055,-0.203081339178103,0.234041638662851,"PBLUP","genotyped"
2,2,"670602",0.367517845898074,-0.0150457060142984,0.422077271826655,"PBLUP","genotyped"
2,2,"70761",-0.135403566457144,-0.021498846095691,0.415624131745262,"PBLUP","genotyped"
2,2,"743034",0.0299619911331384,0.225783183972804,0.662906161813757,"PBLUP","genotyped"
2,2,"77205",-1.57563536485635,0.173006601326365,0.610129579167319,"PBLUP","not_genotyped"
2,2,"77230",-0.321023452622998,-0.0880282090861126,0.349094768754841,"PBLUP","genotyped"
2,2,"83123",1.29932283342292,0.31626907131001,0.753392049150963,"PBLUP","not_genotyped"
2,2,"85331",-0.016524421214821,-0.0529316433089146,0.384191334532039,"PBLUP","genotyped"
2,2,"855168",-1.10036310630655,0.254878287268989,0.692001265109942,"PBLUP","not_genotyped"
2,2,"85676",1.25576829010882,0.153620255665061,0.590743233506015,"PBLUP","genotyped"
2,2,"85711",0.512392896573941,0.120563441089947,0.5576864189309,"PBLUP","not_genotyped"
2,2,"85888",0.103739217737934,0.153620255665061,0.590743233506015,"PBLUP","genotyped"
2,2,"86394",0.108348767385612,0.0370123609459695,0.474135338786923,"PBLUP","not_genotyped"
2,2,"87107",0.0043977219740216,0.155976356653781,0.593099334494734,"PBLUP","genotyped"
2,2,"878573",0.0873126070676752,0.125023388062428,0.562146365903381,"PBLUP","not_genotyped"
2,2,"89762",1.31910480532082,-0.0030515667279109,0.434071411113042,"PBLUP","not_genotyped"
2,2,"909658",-0.170976910734629,0.332361096943333,0.769484074784286,"PBLUP","not_genotyped"
2,2,"92207",1.8092807314594,0.273741527873579,0.710864505714532,"PBLUP","genotyped"
2,2,"97127",0.36759928670457,-0.0701822142884628,0.366940763552491,"PBLUP","genotyped"
2,2,"984151",1.24695639484595,0.327700463190835,0.764823441031788,"PBLUP","not_genotyped"
2,2,"107017",1.73852495877561,0.73723462537899,1.19608330917816,"ssGBLUP","not_genotyped"
2,2,"1079616",0.712370796925057,0.285899877423364,0.744748561222536,"ssGBLUP","not_genotyped"
2,2,"1082612",1.48183982486128,0.0506661110114892,0.509514794810662,"ssGBLUP","genotyped"
2,2,"1210458",-1.53023211523478,-0.206272347282644,0.252576336516528,"ssGBLUP","genotyped"
2,2,"1290414",-0.332376301048552,-0.51356328613427,-0.0547146023350981,"ssGBLUP","genotyped"
2,2,"1295736",-1.67898374829987,-0.38623904340628,0.0726096403928921,"ssGBLUP","genotyped"
2,2,"1298211",-0.0176238721025183,-0.189438605063274,0.269410078735898,"ssGBLUP","genotyped"
2,2,"1300939",-0.969707620444892,0.32864903081499,0.787497714614163,"ssGBLUP","genotyped"
2,2,"13350",0.316022823950605,0.16503572902096,0.623884412820133,"ssGBLUP","genotyped"
2,2,"13569",1.81367039092954,0.532024505302533,0.990873189101706,"ssGBLUP","not_genotyped"
2,2,"1402346",-0.162702524794628,-0.31134689965626,0.147501784142913,"ssGBLUP","not_genotyped"
2,2,"143989",1.07711159289838,-0.448751375280992,0.0100973085181804,"ssGBLUP","not_genotyped"
2,2,"144880",1.72531525996195,0.383030319942795,0.841879003741967,"ssGBLUP","not_genotyped"
2,2,"1478078",0.125092997201205,-0.103404756878072,0.3554439269211,"ssGBLUP","not_genotyped"
2,2,"15292",-1.12723857245025,-0.371455430995223,0.0873932528039495,"ssGBLUP","genotyped"
2,2,"1563726",1.47973050797303,0.366064300850842,0.824912984650014,"ssGBLUP","genotyped"
2,2,"1630957",0.152864312216366,-0.245841555588735,0.213007128210437,"ssGBLUP","not_genotyped"
2,2,"1637606",0.0470156960134162,-0.586577836363228,-0.127729152564056,"ssGBLUP","genotyped"
2,2,"168060",-0.434926564588412,0.440236865129482,0.899085548928655,"ssGBLUP","not_genotyped"
2,2,"168924",0.175985357180603,0.208393099427859,0.667241783227031,"ssGBLUP","not_genotyped"
2,2,"170744",-2.22424623595239,-0.961888376498171,-0.503039692698999,"ssGBLUP","not_genotyped"
2,2,"1766345",-0.623869235659307,-0.789113663875471,-0.330264980076299,"ssGBLUP","genotyped"
2,2,"1817540",0.0796490271763938,0.36695170047294,0.825800384272112,"ssGBLUP","genotyped"
2,2,"1823515",0.462616275643541,0.1327780814138,0.591626765212973,"ssGBLUP","not_genotyped"
2,2,"2117143",0.0567723046316471,-0.309924865736825,0.148923818062347,"ssGBLUP","genotyped"
2,2,"2151597",0.577415236480409,-0.117881963687865,0.340966720111308,"ssGBLUP","genotyped"
2,2,"2151603",-1.00835942720793,0.653786694206374,1.11263537800555,"ssGBLUP","genotyped"
2,2,"2167",0.341815127367912,-0.157865696406256,0.300982987392916,"ssGBLUP","genotyped"
2,2,"2201662",-1.78674622345547,-0.268015728754125,0.190832955045048,"ssGBLUP","not_genotyped"
2,2,"220384",-0.76760411504423,-0.458848683799172,0,"ssGBLUP","not_genotyped"
2,2,"222490",0.822315885694759,0.268121577651643,0.726970261450815,"ssGBLUP","genotyped"
2,2,"222693",-0.973934398302038,-0.368914973319604,0.0899337104795684,"ssGBLUP","genotyped"
2,2,"2448313",0.167621386353455,0.321004576889073,0.779853260688246,"ssGBLUP","genotyped"
2,2,"2460025",-0.086099302204419,-0.135317977174831,0.323530706624342,"ssGBLUP","genotyped"
2,2,"2464631",-0.140656498476139,-0.454890428541092,0.00395825525807993,"ssGBLUP","genotyped"
2,2,"2484313",-1.06314465773784,-0.423504525878951,0.0353441579202213,"ssGBLUP","not_genotyped"
2,2,"2485043",-1.35715411326932,-0.119596016206319,0.339252667592853,"ssGBLUP","genotyped"
2,2,"2485148",-1.82192050778113,-0.314613740669179,0.144234943129994,"ssGBLUP","genotyped"
2,2,"2485260",-1.10190233754932,-1.32866050190588,-0.869811818106704,"ssGBLUP","genotyped"
2,2,"2485890",-2.06419061894565,-0.347016918290343,0.111831765508829,"ssGBLUP","not_genotyped"
2,2,"2588632",-0.466631470557333,0.0156055955116705,0.474454279310843,"ssGBLUP","not_genotyped"
2,2,"2588696",0.0402805413161911,0.0407269526494072,0.499575636448579,"ssGBLUP","not_genotyped"
2,2,"2668072",-0.291427863542325,-0.458848683799172,0,"ssGBLUP","not_genotyped"
2,2,"292703",0.642038516435046,0.736775816222665,1.19562450002184,"ssGBLUP","not_genotyped"
2,2,"294745",0.374236712434001,-0.620120029224017,-0.161271345424844,"ssGBLUP","not_genotyped"
2,2,"294897",0.50474560484396,0.38328419324853,0.842132877047702,"ssGBLUP","not_genotyped"
2,2,"295190",0.249534549527208,0.255161186550413,0.714009870349586,"ssGBLUP","not_genotyped"
2,2,"320849",-0.682832379562464,-0.458848683799172,0,"ssGBLUP","not_genotyped"
2,2,"321822",0.861635507071064,-0.383530648275751,0.0753180355234209,"ssGBLUP","not_genotyped"
2,2,"342253",1.07641120196251,0.841251465261457,1.30010014906063,"ssGBLUP","genotyped"
2,2,"342263",0.0796897475796432,0.259307062418987,0.718155746218159,"ssGBLUP","genotyped"
2,2,"373101",-0.44842130622481,0.00708791018285115,0.465936593982023,"ssGBLUP","genotyped"
2,2,"376790",-1.0649282114001,-0.313624256565182,0.14522442723399,"ssGBLUP","genotyped"
2,2,"3825285",-0.503573020383953,-0.178032886468702,0.280815797330471,"ssGBLUP","genotyped"
2,2,"3826179",-1.44924737725509,-0.895885667763959,-0.437036983964786,"ssGBLUP","genotyped"
2,2,"3827748",-1.44840039286753,-0.275883110218994,0.182965573580178,"ssGBLUP","genotyped"
2,2,"3827770",-2.31129831401605,-0.340959827734677,0.117888856064495,"ssGBLUP","genotyped"
2,2,"3827774",-2.05032124959937,-0.286218253677324,0.172630430121849,"ssGBLUP","genotyped"
2,2,"3830068",-1.1770559137839,-0.6864218691979,-0.227573185398728,"ssGBLUP","genotyped"
2,2,"3830128",-2.00145676570173,-0.581970888770943,-0.123122204971771,"ssGBLUP","not_genotyped"
2,2,"3830184",-1.42619148493605,-0.680478269350552,-0.22162958555138,"ssGBLUP","genotyped"
2,2,"3855646",-1.60297504359708,-0.734432419014233,-0.275583735215061,"ssGBLUP","genotyped"
2,2,"3855675",-1.66940630945593,-0.053751530383323,0.405097153415849,"ssGBLUP","not_genotyped"
2,2,"3863186",-1.46247336423005,-0.740378371828845,-0.281529688029673,"ssGBLUP","genotyped"
2,2,"3865255",-1.92223929322299,-0.629153693859539,-0.170305010060367,"ssGBLUP","genotyped"
2,2,"3889",2.33609687644057,0.364113448872303,0.822962132671475,"ssGBLUP","genotyped"
2,2,"3895",0.617410816550632,0.260760024182285,0.719608707981458,"ssGBLUP","genotyped"
2,2,"392036",0.331048652749132,0.555197962001711,1.01404664580088,"ssGBLUP","genotyped"
2,2,"392956",0.556664118985209,0.10319928597114,0.562047969770312,"ssGBLUP","not_genotyped"
2,2,"393281",1.14763118724333,0.255991922826039,0.714840606625211,"ssGBLUP","genotyped"
2,2,"393298",-0.151805744885452,-0.104965567428707,0.353883116370466,"ssGBLUP","not_genotyped"
2,2,"4066585",-1.05212571661892,-0.265706541933962,0.193142141865211,"ssGBLUP","not_genotyped"
2,2,"412450",-0.371948388924996,-0.217155981035439,0.241692702763733,"ssGBLUP","genotyped"
2,2,"413235",-0.454749256889555,0.140350801169779,0.599199484968951,"ssGBLUP","genotyped"
2,2,"41418",0.12124899113459,-0.05536520410389,0.403483479695282,"ssGBLUP","genotyped"
2,2,"416019",-0.58579565862239,0.177861443899498,0.63671012769867,"ssGBLUP","not_genotyped"
2,2,"41660",-1.27526538233752,-0.00841086254731405,0.450437821251858,"ssGBLUP","genotyped"
2,2,"41669",-0.280189032245867,-0.294711961863172,0.164136721936,"ssGBLUP","genotyped"
2,2,"420158",1.51528756408922,0.305745856601146,0.764594540400318,"ssGBLUP","not_genotyped"
2,2,"42076",0.0253850178080586,0.40622524843159,0.865073932230762,"ssGBLUP","genotyped"
2,2,"421337",0.918302020231034,0.454815810918131,0.913664494717303,"ssGBLUP","not_genotyped"
2,2,"422212",-0.278486919390099,0.560675176280967,1.01952386008014,"ssGBLUP","genotyped"
2,2,"42237",-1.09225974606019,0.379733854731496,0.838582538530668,"ssGBLUP","genotyped"
2,2,"422381",-0.397260191583976,0.0967994159155453,0.555648099714718,"ssGBLUP","not_genotyped"
2,2,"42274",0.449406576829877,0.27568250917033,0.734531192969503,"ssGBLUP","not_genotyped"
2,2,"423133",-0.80039218373955,-0.402934358684568,0.0559143251146041,"ssGBLUP","not_genotyped"
2,2,"423348",-1.47401352651054,0.0714660070127021,0.530314690811874,"ssGBLUP","not_genotyped"
2,2,"423409",0.221396750882815,0.145258112167217,0.604106795966389,"ssGBLUP","genotyped"
2,2,"4248",0.647218151728196,0.0376176327883539,0.496466316587526,"ssGBLUP","not_genotyped"
2,2,"429101",-1.68124780272046,0.466830910762741,0.925679594561913,"ssGBLUP","genotyped"
2,2,"429726",0.361499370298013,0.399775553358673,0.858624237157846,"ssGBLUP","genotyped"
2,2,"430433",0.211509836974191,-0.137889836856615,0.320958846942558,"ssGBLUP","genotyped"
2,2,"438323",-0.30088314117652,0.248901753189989,0.707750436989161,"ssGBLUP","not_genotyped"
2,2,"450770",0.934068960368675,0.579657477069346,1.03850616086852,"ssGBLUP","genotyped"
2,2,"454059",1.54804305646194,0.160244396069627,0.619093079868799,"ssGBLUP","genotyped"
2,2,"458835",0.881148724307524,0.872866163609643,1.33171484740881,"ssGBLUP","not_genotyped"
2,2,"471785",-0.572480086760283,0.0454421744708513,0.504290858270024,"ssGBLUP","genotyped"
2,2,"480143",0.202347746243382,0.57613607249101,1.03498475629018,"ssGBLUP","not_genotyped"
2,2,"609307",1.1992076499973,0.422027111970137,0.880875795769309,"ssGBLUP","not_genotyped"
2,2,"664062",2.23440988544957,0.92951257165426,1.38836125545343,"ssGBLUP","genotyped"
2,2,"665788",1.08817125442055,0.0765954500788518,0.535444133878024,"ssGBLUP","genotyped"
2,2,"670602",0.367517845898074,0.127430067839594,0.586278751638766,"ssGBLUP","genotyped"
2,2,"70761",-0.135403566457144,0.13847047874894,0.597319162548112,"ssGBLUP","genotyped"
2,2,"743034",0.0299619911331384,0.120999074616743,0.579847758415915,"ssGBLUP","genotyped"
2,2,"77205",-1.57563536485635,0.109859426637094,0.568708110436266,"ssGBLUP","not_genotyped"
2,2,"77230",-0.321023452622998,-0.0202485600424183,0.438600123756754,"ssGBLUP","genotyped"
2,2,"83123",1.29932283342292,0.254667882051602,0.713516565850775,"ssGBLUP","not_genotyped"
2,2,"85331",-0.016524421214821,0.374899713996178,0.833748397795351,"ssGBLUP","genotyped"
2,2,"855168",-1.10036310630655,0.218351125354844,0.677199809154016,"ssGBLUP","not_genotyped"
2,2,"85676",1.25576829010882,-0.279202815706207,0.179645868092965,"ssGBLUP","genotyped"
2,2,"85711",0.512392896573941,0.126496010676033,0.585344694475205,"ssGBLUP","not_genotyped"
2,2,"85888",0.103739217737934,0.150328443518009,0.609177127317181,"ssGBLUP","genotyped"
2,2,"86394",0.108348767385612,-0.0131823932408797,0.445666290558293,"ssGBLUP","not_genotyped"
2,2,"87107",0.0043977219740216,0.653926051059114,1.11277473485829,"ssGBLUP","genotyped"
2,2,"878573",0.0873126070676752,0.0704725587040385,0.529321242503211,"ssGBLUP","not_genotyped"
2,2,"89762",1.31910480532082,0.0289461074594833,0.487794791258656,"ssGBLUP","not_genotyped"
2,2,"909658",-0.170976910734629,0.305187602729014,0.764036286528186,"ssGBLUP","not_genotyped"
2,2,"92207",1.8092807314594,0.286836307351978,0.74568499115115,"ssGBLUP","genotyped"
2,2,"97127",0.36759928670457,0.126297910994961,0.585146594794133,"ssGBLUP","genotyped"
2,2,"984151",1.24695639484595,0.296775425690208,0.75562410948938,"ssGBLUP","not_genotyped"
2,3,"1058137",-1.22708500121444,0.150119733857615,0.610214326717914,"PBLUP","genotyped"
2,3,"1064007",1.13284153678365,0.181861473202722,0.641956066063021,"PBLUP","genotyped"
2,3,"106875",1.61799256516142,0.147763454677096,0.607858047537394,"PBLUP","genotyped"
2,3,"107052",1.20011164294941,0.283591073271309,0.743685666131608,"PBLUP","not_genotyped"
2,3,"107066",0.640882056982801,-0.0935032037164933,0.366591389143805,"PBLUP","not_genotyped"
2,3,"107103",0.29973466265139,-0.163016323346891,0.297078269513408,"PBLUP","genotyped"
2,3,"108014",0.988813470495336,0.0113477503129613,0.47144234317326,"PBLUP","not_genotyped"
2,3,"1195398",-0.610822418458635,0.270117386515463,0.730211979375761,"PBLUP","not_genotyped"
2,3,"126114",1.67147474278739,0.150530334892645,0.610624927752944,"PBLUP","not_genotyped"
2,3,"126308",-0.72547478584381,-0.460094592860299,0,"PBLUP","genotyped"
2,3,"12867",1.68576760432745,0.276739683581731,0.736834276442029,"PBLUP","genotyped"
2,3,"1296766",0.183298741603949,0.153146604706411,0.613241197566709,"PBLUP","not_genotyped"
2,3,"130562",-0.781090712599981,0.152354219096231,0.612448811956529,"PBLUP","not_genotyped"
2,3,"1306534",-0.958965578068058,-0.0881974262688398,0.371897166591459,"PBLUP","not_genotyped"
2,3,"1311265",-0.879609656218283,0.119521363363224,0.579615956223523,"PBLUP","not_genotyped"
2,3,"1342417",-0.105140162763201,0.289402383940591,0.74949697680089,"PBLUP","genotyped"
2,3,"1343502",-0.704397905122626,-0.494392274144943,-0.034297681284644,"PBLUP","not_genotyped"
2,3,"13469",2.33971284824899,0.269953190160577,0.730047783020875,"PBLUP","not_genotyped"
2,3,"1360815",0.567332864636195,0.0860731271568935,0.546167720017192,"PBLUP","genotyped"
2,3,"13767",1.84236198705811,-0.104950289697302,0.355144303162997,"PBLUP","not_genotyped"
2,3,"1393230",-0.140526193185747,0.0435263107221427,0.503620903582441,"PBLUP","not_genotyped"
2,3,"14103",-0.437956162590065,0.205992117319002,0.666086710179301,"PBLUP","not_genotyped"
2,3,"143058",0.638056060997389,-0.0847768870694567,0.375317705790842,"PBLUP","genotyped"
2,3,"1477994",1.17454737379029,0.11597893919477,0.576073532055069,"PBLUP","not_genotyped"
2,3,"1491661",-0.267622715803522,0.274051399066157,0.734145991926456,"PBLUP","not_genotyped"
2,3,"1500224",-0.189520982373785,-0.254256892102622,0.205837700757676,"PBLUP","not_genotyped"
2,3,"16122",0.858573332746812,0.344068941972671,0.80416353483297,"PBLUP","genotyped"
2,3,"16262",2.59396290204909,-0.0145706610577617,0.445523931802537,"PBLUP","not_genotyped"
2,3,"1630947",0.133668714125241,-0.25789837371308,0.202196219147218,"PBLUP","genotyped"
2,3,"1635496",-0.848865751766015,-0.357744482563383,0.102350110296916,"PBLUP","not_genotyped"
2,3,"1635819",-0.549196160183055,-0.183061942492072,0.277032650368227,"PBLUP","genotyped"
2,3,"1636586",-0.384001628286413,-0.325077407559335,0.135017185300964,"PBLUP","not_genotyped"
2,3,"168524",0.867116473348251,0.305632804530681,0.76572739739098,"PBLUP","not_genotyped"
2,3,"168912",-0.450848242258393,0.209250885205497,0.669345478065796,"PBLUP","genotyped"
2,3,"1766332",-0.555393805557406,-0.490020423416537,-0.029925830556238,"PBLUP","not_genotyped"
2,3,"1796426",-0.449993113790185,-0.438310575542841,0.021784017317458,"PBLUP","not_genotyped"
2,3,"1812547",0.2621904508567,0.231027960997168,0.691122553857467,"PBLUP","genotyped"
2,3,"1816016",-0.218693079260679,0.0785517451744778,0.538646338034776,"PBLUP","not_genotyped"
2,3,"1816173",-0.0502409151041959,0.384518925132348,0.844613517992647,"PBLUP","not_genotyped"
2,3,"19627",0.967549275919211,-0.513298457098549,-0.0532038642382505,"PBLUP","genotyped"
2,3,"20010",0.985775728413032,-0.531897802696351,-0.0718032098360527,"PBLUP","genotyped"
2,3,"20424",3.27892080508434,0.190389371499808,0.650483964360107,"PBLUP","genotyped"
2,3,"2114149",1.08853773804978,-0.298148453687624,0.161946139172675,"PBLUP","not_genotyped"
2,3,"217385",0.955186561493106,0.217925680525043,0.678020273385341,"PBLUP","not_genotyped"
2,3,"217754",-0.26662913796427,-0.251334758636315,0.208759834223984,"PBLUP","genotyped"
2,3,"2200733",0.204334901921886,0.294276295301531,0.75437088816183,"PBLUP","not_genotyped"
2,3,"220399",-0.881059302573914,-0.460094592860299,0,"PBLUP","genotyped"
2,3,"2430154",0.559522691293221,-0.00733768737216539,0.452756905488133,"PBLUP","genotyped"
2,3,"2450184",-1.89225278827114,-0.0440329683227126,0.416061624537586,"PBLUP","not_genotyped"
2,3,"2464236",0.0910588841664946,-0.25476845512645,0.205326137733848,"PBLUP","not_genotyped"
2,3,"2484320",-1.39759761777528,0.124204323785904,0.584298916646203,"PBLUP","genotyped"
2,3,"2485915",-1.84783497240818,-1.53577248897223,-1.07567789611193,"PBLUP","not_genotyped"
2,3,"2588634",0.216599887380195,-0.25476845512645,0.205326137733848,"PBLUP","genotyped"
2,3,"2600794",-0.27764807908319,0.171771446595919,0.631866039456217,"PBLUP","not_genotyped"
2,3,"2620837",-0.706295475913985,0.109491992203901,0.5695865850642,"PBLUP","not_genotyped"
2,3,"292717",0.615765712259412,0.777247965426545,1.23734255828684,"PBLUP","genotyped"
2,3,"294614",1.49951247987093,0.305030757172591,0.76512535003289,"PBLUP","genotyped"
2,3,"294670",0.886857724842899,0.0787125686666554,0.538807161526954,"PBLUP","genotyped"
2,3,"294834",-0.157009812420551,0.259319107928203,0.719413700788502,"PBLUP","not_genotyped"
2,3,"295788",-1.68811326270808,-0.460094592860299,0,"PBLUP","not_genotyped"
2,3,"342202",0.333019520266336,-0.19193709831539,0.268157494544908,"PBLUP","not_genotyped"
2,3,"342231",0.642486440870774,0.31529325776161,0.775387850621909,"PBLUP","genotyped"
2,3,"342325",0.252409409996521,0.242258879719092,0.702353472579391,"PBLUP","not_genotyped"
2,3,"3578468",-1.70247942097398,-0.206503006247705,0.253591586612594,"PBLUP","genotyped"
2,3,"369564",0.0694933586063328,0.117974949240517,0.578069542100816,"PBLUP","genotyped"
2,3,"369673",1.21913621534689,0.104760429423537,0.564855022283836,"PBLUP","genotyped"
2,3,"371007",-1.1563536607726,0.0887568647803048,0.548851457640604,"PBLUP","genotyped"
2,3,"377165",1.43900196064434,0.347735359097843,0.807829951958142,"PBLUP","not_genotyped"
2,3,"377276",0.137292830014317,-0.227838426876733,0.232256165983566,"PBLUP","not_genotyped"
2,3,"3827759",-2.1265824208023,0.257519870761245,0.717614463621543,"PBLUP","not_genotyped"
2,3,"3830083",-1.82117939644201,-1.53902611245879,-1.07893151959849,"PBLUP","not_genotyped"
2,3,"3830114",-1.8422725653245,0.0193311030525125,0.479425695912811,"PBLUP","genotyped"
2,3,"3830162",-1.80525771877203,-0.432368825252912,0.0277257676073863,"PBLUP","not_genotyped"
2,3,"3830165",-1.84079848672692,-0.88128523261547,-0.421190639755172,"PBLUP","not_genotyped"
2,3,"3854950",-2.32277332365134,-0.944407196155346,-0.484312603295047,"PBLUP","genotyped"
2,3,"39359",1.49504952367494,1.05503820011671,1.51513279297701,"PBLUP","not_genotyped"
2,3,"4057141",-0.841470926536171,0.300727232362775,0.760821825223074,"PBLUP","genotyped"
2,3,"4057142",-0.895572054291514,0.31145820385544,0.771552796715738,"PBLUP","genotyped"
2,3,"41471",0.748286192589826,0.339386424943069,0.799481017803368,"PBLUP","not_genotyped"
2,3,"415066",0.240014119247817,0.335377358105931,0.795471950966229,"PBLUP","not_genotyped"
2,3,"41542",1.1421909413694,0.187062594279129,0.647157187139428,"PBLUP","not_genotyped"
2,3,"419150",-0.1259401447423,0.020956331784028,0.481050924644327,"PBLUP","genotyped"
2,3,"419380",0.939240451581174,-0.0971312420912083,0.36296335076909,"PBLUP","not_genotyped"
2,3,"419525",0.918261299827786,0.298391515686092,0.758486108546391,"PBLUP","not_genotyped"
2,3,"421064",0.142985542388393,0.190389371499808,0.650483964360107,"PBLUP","not_genotyped"
2,3,"421747",0.0844621788403119,-0.49187437606786,-0.0317797832075613,"PBLUP","genotyped"
2,3,"421749",0.130883438543077,-0.513298457098549,-0.0532038642382505,"PBLUP","genotyped"
2,3,"421919",0.0629292296027502,0.307253523022862,0.76734811588316,"PBLUP","not_genotyped"
2,3,"422181",1.75413716138091,0.187062594279129,0.647157187139428,"PBLUP","genotyped"
2,3,"423200",1.34527988052866,0.120509953601009,0.580604546461308,"PBLUP","genotyped"
2,3,"423673",0.256986383321601,0.206135636749754,0.666230229610053,"PBLUP","not_genotyped"
2,3,"427520",-0.0624000275140612,0.181027496742261,0.64112208960256,"PBLUP","genotyped"
2,3,"43154",0.0307112465529028,-0.0314374186320668,0.428657174228232,"PBLUP","genotyped"
2,3,"433740",-0.395224171421573,-0.065896268029024,0.394198324831275,"PBLUP","not_genotyped"
2,3,"43789",-0.670200910474924,-0.103209835408367,0.356884757451932,"PBLUP","genotyped"
2,3,"457982",-1.10227696525921,-0.0195779014763842,0.440516691383915,"PBLUP","not_genotyped"
2,3,"460689",0.966873317225293,0.241737284031893,0.701831876892191,"PBLUP","genotyped"
2,3,"512731",-0.111875317460428,0.0052469645927759,0.465341557453075,"PBLUP","genotyped"
2,3,"5131",-0.967639023959892,-0.122553094165366,0.337541498694933,"PBLUP","genotyped"
2,3,"536162",0.398147733221247,0.283988638294396,0.744083231154695,"PBLUP","genotyped"
2,3,"625454",0.42732797418879,0.242115031210731,0.70220962407103,"PBLUP","genotyped"
2,3,"62633",0.381183613228116,-0.000425867224519372,0.459668725635779,"PBLUP","genotyped"
2,3,"653215",1.16681049717316,0.0653906519729688,0.525485244833268,"PBLUP","genotyped"
2,3,"675238",0.418499790764617,0.0623271973281537,0.522421790188452,"PBLUP","not_genotyped"
2,3,"692904",-1.4323891303104,-0.433749818628781,0.026344774231518,"PBLUP","genotyped"
2,3,"76718",-0.40858860776758,0.209250885205497,0.669345478065796,"PBLUP","not_genotyped"
2,3,"77331",0.929996920043869,-0.186217626343166,0.273876966517133,"PBLUP","not_genotyped"
2,3,"775",1.67162948031973,0.232045273344567,0.692139866204866,"PBLUP","not_genotyped"
2,3,"80836",0.898780658913924,-0.0230107029181758,0.437083889942123,"PBLUP","genotyped"
2,3,"85899",0.852628153872598,0.0056697201067471,0.465764312967046,"PBLUP","not_genotyped"
2,3,"86162",-0.760966689314801,0.318881546989152,0.778976139849451,"PBLUP","not_genotyped"
2,3,"86490",0.790757573177529,0.212247470471084,0.672342063331382,"PBLUP","not_genotyped"
2,3,"86783",-1.08113493189282,-0.0152572433805482,0.444837349479751,"PBLUP","not_genotyped"
2,3,"87507",-0.0755690059244772,0.18324454808484,0.643339140945138,"PBLUP","genotyped"
2,3,"876108",0.549358878642511,-0.394586730481486,0.065507862378813,"PBLUP","genotyped"
2,3,"877657",1.26586695011434,0.190868244339117,0.650962837199416,"PBLUP","not_genotyped"
2,3,"909641",0.615659839210966,0.0539937454489395,0.514088338309238,"PBLUP","not_genotyped"
2,3,"916978",-0.0828905344284735,-0.19193709831539,0.268157494544908,"PBLUP","not_genotyped"
2,3,"96413",0.107485494836752,0.327877870321378,0.787972463181676,"PBLUP","genotyped"
2,3,"96501",1.01414970539627,-0.15370642318127,0.306388169679029,"PBLUP","genotyped"
2,3,"1058137",-1.22708500121444,-0.413390076755441,-0.00745407638580655,"ssGBLUP","genotyped"
2,3,"1064007",1.13284153678365,0.271385006659272,0.677321007028907,"ssGBLUP","genotyped"
2,3,"106875",1.61799256516142,0.0494392290304552,0.45537522940009,"ssGBLUP","genotyped"
2,3,"107052",1.20011164294941,0.32026258508188,0.726198585451515,"ssGBLUP","not_genotyped"
2,3,"107066",0.640882056982801,0.0291989049442865,0.435134905313921,"ssGBLUP","not_genotyped"
2,3,"107103",0.29973466265139,-0.368043548091872,0.0378924522777627,"ssGBLUP","genotyped"
2,3,"108014",0.988813470495336,-0.0201084727752002,0.385827527594435,"ssGBLUP","not_genotyped"
2,3,"1195398",-0.610822418458635,0.327038597992468,0.732974598362102,"ssGBLUP","not_genotyped"
2,3,"126114",1.67147474278739,0.398874971403973,0.804810971773608,"ssGBLUP","not_genotyped"
2,3,"126308",-0.72547478584381,-0.0778858025775829,0.328050197792052,"ssGBLUP","genotyped"
2,3,"12867",1.68576760432745,0.94052690863297,1.3464629090026,"ssGBLUP","genotyped"
2,3,"1296766",0.183298741603949,0.23406770313829,0.640003703507924,"ssGBLUP","not_genotyped"
2,3,"130562",-0.781090712599981,-0.0390607336330598,0.366875266736575,"ssGBLUP","not_genotyped"
2,3,"1306534",-0.958965578068058,0.0423740375939795,0.448310037963614,"ssGBLUP","not_genotyped"
2,3,"1311265",-0.879609656218283,0.325863803947803,0.731799804317437,"ssGBLUP","not_genotyped"
2,3,"1342417",-0.105140162763201,0.330964745734022,0.736900746103657,"ssGBLUP","genotyped"
2,3,"1343502",-0.704397905122626,-0.703882859649941,-0.297946859280306,"ssGBLUP","not_genotyped"
2,3,"13469",2.33971284824899,0.66198842226928,1.06792442263891,"ssGBLUP","not_genotyped"
2,3,"1360815",0.567332864636195,0.139484111559685,0.545420111929319,"ssGBLUP","genotyped"
2,3,"13767",1.84236198705811,-0.344961580284843,0.0609744200847922,"ssGBLUP","not_genotyped"
2,3,"1393230",-0.140526193185747,0.13292409105049,0.538860091420125,"ssGBLUP","not_genotyped"
2,3,"14103",-0.437956162590065,0.222866642806468,0.628802643176103,"ssGBLUP","not_genotyped"
2,3,"143058",0.638056060997389,-0.257458504933787,0.148477495435847,"ssGBLUP","genotyped"
2,3,"1477994",1.17454737379029,0.0674567541941631,0.473392754563798,"ssGBLUP","not_genotyped"
2,3,"1491661",-0.267622715803522,0.228806872124572,0.634742872494206,"ssGBLUP","not_genotyped"
2,3,"1500224",-0.189520982373785,-0.232821124046196,0.173114876323439,"ssGBLUP","not_genotyped"
2,3,"16122",0.858573332746812,0.486512281573468,0.892448281943103,"ssGBLUP","genotyped"
2,3,"16262",2.59396290204909,-0.144902694938671,0.261033305430964,"ssGBLUP","not_genotyped"
2,3,"1630947",0.133668714125241,0.0555252868139448,0.461461287183579,"ssGBLUP","genotyped"
2,3,"1635496",-0.848865751766015,-0.41058846659329,-0.00465246622365488,"ssGBLUP","not_genotyped"
2,3,"1635819",-0.549196160183055,-0.349922713329832,0.0560132870398027,"ssGBLUP","genotyped"
2,3,"1636586",-0.384001628286413,-0.242328612628063,0.163607387741572,"ssGBLUP","not_genotyped"
2,3,"168524",0.867116473348251,0.381347246052266,0.787283246421901,"ssGBLUP","not_genotyped"
2,3,"168912",-0.450848242258393,0.161119991209665,0.5670559915793,"ssGBLUP","genotyped"
2,3,"1766332",-0.555393805557406,-0.604098296815311,-0.198162296445676,"ssGBLUP","not_genotyped"
2,3,"1796426",-0.449993113790185,-0.562273898462279,-0.156337898092644,"ssGBLUP","not_genotyped"
2,3,"1812547",0.2621904508567,0.121748595500394,0.527684595870029,"ssGBLUP","genotyped"
2,3,"1816016",-0.218693079260679,0.0598338539940616,0.465769854363696,"ssGBLUP","not_genotyped"
2,3,"1816173",-0.0502409151041959,0.366078851935927,0.772014852305562,"ssGBLUP","not_genotyped"
2,3,"19627",0.967549275919211,-0.325119041442898,0.0808169589267368,"ssGBLUP","genotyped"
2,3,"20010",0.985775728413032,-0.480760202408116,-0.0748242020384809,"ssGBLUP","genotyped"
2,3,"20424",3.27892080508434,0.320681172156334,0.726617172525968,"ssGBLUP","genotyped"
2,3,"2114149",1.08853773804978,-0.19969028208264,0.206245718286994,"ssGBLUP","not_genotyped"
2,3,"217385",0.955186561493106,0.121174172535541,0.527110172905175,"ssGBLUP","not_genotyped"
2,3,"217754",-0.26662913796427,-0.503414107981181,-0.0974781076115461,"ssGBLUP","genotyped"
2,3,"2200733",0.204334901921886,-0.140299524976497,0.265636475393138,"ssGBLUP","not_genotyped"
2,3,"220399",-0.881059302573914,0.297539621199932,0.703475621569567,"ssGBLUP","genotyped"
2,3,"2430154",0.559522691293221,0.449266254873581,0.855202255243216,"ssGBLUP","genotyped"
2,3,"2450184",-1.89225278827114,-0.0361686180074782,0.369767382362157,"ssGBLUP","not_genotyped"
2,3,"2464236",0.0910588841664946,-0.272595647304961,0.133340353064674,"ssGBLUP","not_genotyped"
2,3,"2484320",-1.39759761777528,0.0441890693333959,0.450125069703031,"ssGBLUP","genotyped"
2,3,"2485915",-1.84783497240818,-1.42616249502434,-1.0202264946547,"ssGBLUP","not_genotyped"
2,3,"2588634",0.216599887380195,-0.277667208813701,0.128268791555934,"ssGBLUP","genotyped"
2,3,"2600794",-0.27764807908319,0.394572751206455,0.800508751576089,"ssGBLUP","not_genotyped"
2,3,"2620837",-0.706295475913985,0.225919121473099,0.631855121842734,"ssGBLUP","not_genotyped"
2,3,"292717",0.615765712259412,0.616777560112748,1.02271356048238,"ssGBLUP","genotyped"
2,3,"294614",1.49951247987093,0.173333681131711,0.579269681501346,"ssGBLUP","genotyped"
2,3,"294670",0.886857724842899,0.051231578920293,0.457167579289928,"ssGBLUP","genotyped"
2,3,"294834",-0.157009812420551,0.437747406741725,0.84368340711136,"ssGBLUP","not_genotyped"
2,3,"295788",-1.68811326270808,-0.405936000369635,0,"ssGBLUP","not_genotyped"
2,3,"342202",0.333019520266336,-0.155137992982288,0.250798007387346,"ssGBLUP","not_genotyped"
2,3,"342231",0.642486440870774,0.30995763874072,0.715893639110354,"ssGBLUP","genotyped"
2,3,"342325",0.252409409996521,0.0434366236235288,0.449372623993164,"ssGBLUP","not_genotyped"
2,3,"3578468",-1.70247942097398,-0.245986899719631,0.159949100650004,"ssGBLUP","genotyped"
2,3,"369564",0.0694933586063328,-0.149824404734738,0.256111595634896,"ssGBLUP","genotyped"
2,3,"369673",1.21913621534689,0.0178088443563517,0.423744844725986,"ssGBLUP","genotyped"
2,3,"371007",-1.1563536607726,-0.295224356961111,0.110711643408524,"ssGBLUP","genotyped"
2,3,"377165",1.43900196064434,0.527896685057857,0.933832685427492,"ssGBLUP","not_genotyped"
2,3,"377276",0.137292830014317,-0.201334983401819,0.204601016967816,"ssGBLUP","not_genotyped"
2,3,"3827759",-2.1265824208023,0.245467717138506,0.65140371750814,"ssGBLUP","not_genotyped"
2,3,"3830083",-1.82117939644201,-1.41033285628564,-1.004396855916,"ssGBLUP","not_genotyped"
2,3,"3830114",-1.8422725653245,-0.0968060148337657,0.309129985535869,"ssGBLUP","genotyped"
2,3,"3830162",-1.80525771877203,-0.368749805426654,0.0371861949429806,"ssGBLUP","not_genotyped"
2,3,"3830165",-1.84079848672692,-1.16496188283209,-0.759025882462457,"ssGBLUP","not_genotyped"
2,3,"3854950",-2.32277332365134,-1.2763853461972,-0.87044934582757,"ssGBLUP","genotyped"
2,3,"39359",1.49504952367494,1.0175961781473,1.42353217851694,"ssGBLUP","not_genotyped"
2,3,"4057141",-0.841470926536171,0.121408800269656,0.527344800639291,"ssGBLUP","genotyped"
2,3,"4057142",-0.895572054291514,0.379622007691723,0.785558008061358,"ssGBLUP","genotyped"
2,3,"41471",0.748286192589826,0.441157323872131,0.847093324241766,"ssGBLUP","not_genotyped"
2,3,"415066",0.240014119247817,-0.0133948076869873,0.392541192682647,"ssGBLUP","not_genotyped"
2,3,"41542",1.1421909413694,0.0233477568753162,0.429283757244951,"ssGBLUP","not_genotyped"
2,3,"419150",-0.1259401447423,0.387970778462888,0.793906778832523,"ssGBLUP","genotyped"
2,3,"419380",0.939240451581174,-0.162225001477052,0.243710998892582,"ssGBLUP","not_genotyped"
2,3,"419525",0.918261299827786,0.305734448511091,0.711670448880726,"ssGBLUP","not_genotyped"
2,3,"421064",0.142985542388393,0.344172854516607,0.750108854886241,"ssGBLUP","not_genotyped"
2,3,"421747",0.0844621788403119,-0.456568349236201,-0.0506323488665661,"ssGBLUP","genotyped"
2,3,"421749",0.130883438543077,0.381968591549953,0.787904591919588,"ssGBLUP","genotyped"
2,3,"421919",0.0629292296027502,0.185676818829908,0.591612819199542,"ssGBLUP","not_genotyped"
2,3,"422181",1.75413716138091,0.00998394229606525,0.4159199426657,"ssGBLUP","genotyped"
2,3,"423200",1.34527988052866,-0.147866226126219,0.258069774243416,"ssGBLUP","genotyped"
2,3,"423673",0.256986383321601,0.51297828063802,0.918914281007654,"ssGBLUP","not_genotyped"
2,3,"427520",-0.0624000275140612,0.32321871012822,0.729154710497855,"ssGBLUP","genotyped"
2,3,"43154",0.0307112465529028,0.331244948004247,0.737180948373882,"ssGBLUP","genotyped"
2,3,"433740",-0.395224171421573,-0.152448812807821,0.253487187561814,"ssGBLUP","not_genotyped"
2,3,"43789",-0.670200910474924,0.278297154049218,0.684233154418853,"ssGBLUP","genotyped"
2,3,"457982",-1.10227696525921,-0.0672644623984401,0.338671537971195,"ssGBLUP","not_genotyped"
2,3,"460689",0.966873317225293,0.384700766199679,0.790636766569314,"ssGBLUP","genotyped"
2,3,"512731",-0.111875317460428,0.157677915143776,0.563613915513411,"ssGBLUP","genotyped"
2,3,"5131",-0.967639023959892,-0.345643282963584,0.0602927174060507,"ssGBLUP","genotyped"
2,3,"536162",0.398147733221247,0.46365618656116,0.869592186930795,"ssGBLUP","genotyped"
2,3,"625454",0.42732797418879,0.112080935566179,0.518016935935814,"ssGBLUP","genotyped"
2,3,"62633",0.381183613228116,-0.20230062746631,0.203635372903324,"ssGBLUP","genotyped"
2,3,"653215",1.16681049717316,-0.216850334179436,0.189085666190199,"ssGBLUP","genotyped"
2,3,"675238",0.418499790764617,0.168164385067543,0.574100385437177,"ssGBLUP","not_genotyped"
2,3,"692904",-1.4323891303104,-0.332894401161465,0.0730415992081693,"ssGBLUP","genotyped"
2,3,"76718",-0.40858860776758,0.206282458104929,0.612218458474564,"ssGBLUP","not_genotyped"
2,3,"77331",0.929996920043869,-0.0602440551953251,0.34569194517431,"ssGBLUP","not_genotyped"
2,3,"775",1.67162948031973,0.156608473770293,0.562544474139928,"ssGBLUP","not_genotyped"
2,3,"80836",0.898780658913924,-0.319297846256197,0.0866381541134382,"ssGBLUP","genotyped"
2,3,"85899",0.852628153872598,-0.00104662663714067,0.404889373732494,"ssGBLUP","not_genotyped"
2,3,"86162",-0.760966689314801,0.403914131970236,0.809850132339871,"ssGBLUP","not_genotyped"
2,3,"86490",0.790757573177529,0.142393824329691,0.548329824699326,"ssGBLUP","not_genotyped"
2,3,"86783",-1.08113493189282,0.0133071800333311,0.419243180402966,"ssGBLUP","not_genotyped"
2,3,"87507",-0.0755690059244772,0.612275424278544,1.01821142464818,"ssGBLUP","genotyped"
2,3,"876108",0.549358878642511,0.482041097006839,0.887977097376473,"ssGBLUP","genotyped"
2,3,"877657",1.26586695011434,0.27811779506896,0.684053795438595,"ssGBLUP","not_genotyped"
2,3,"909641",0.615659839210966,0.0137706249211283,0.419706625290763,"ssGBLUP","not_genotyped"
2,3,"916978",-0.0828905344284735,-0.155137992982287,0.250798007387348,"ssGBLUP","not_genotyped"
2,3,"96413",0.107485494836752,0.211201106107591,0.617137106477226,"ssGBLUP","genotyped"
2,3,"96501",1.01414970539627,0.424079017713346,0.830015018082981,"ssGBLUP","genotyped"
2,4,"103122",-0.561477433802664,-0.568031358226972,0,"PBLUP","not_genotyped"
2,4,"1066175",0.208789714037222,0.474945582599693,1.04297694082667,"PBLUP","genotyped"
2,4,"1081265",1.56569127922964,-0.457142202455986,0.110889155770987,"PBLUP","not_genotyped"
2,4,"1127595",0.712093898182969,0.221065349470724,0.789096707697696,"PBLUP","genotyped"
2,4,"1193118",-1.27799364935514,-0.0593252279818941,0.508706130245078,"PBLUP","not_genotyped"
2,4,"1291739",-0.949941936708294,-0.14495254846956,0.423078809757412,"PBLUP","not_genotyped"
2,4,"1295300",-0.854232700914106,0.354005450965708,0.92203680919268,"PBLUP","genotyped"
2,4,"1295755",-1.01605558342181,-0.730855604434255,-0.162824246207283,"PBLUP","genotyped"
2,4,"1296234",-0.732226228702336,0.15020375236121,0.718235110588182,"PBLUP","genotyped"
2,4,"1298205",-0.951635905483413,-0.156854605804683,0.411176752422289,"PBLUP","not_genotyped"
2,4,"1301798",-0.843441794053377,-0.331276563918458,0.236754794308515,"PBLUP","not_genotyped"
2,4,"1301802",-0.857237866673811,-0.331276563918458,0.236754794308515,"PBLUP","genotyped"
2,4,"133128",0.32484286329413,0.559673249580781,1.12770460780775,"PBLUP","genotyped"
2,4,"1410845",-1.38193655068608,-0.0894610457372894,0.478570312489683,"PBLUP","not_genotyped"
2,4,"143844",-0.075365403908236,0.414554213940859,0.982585572167831,"PBLUP","genotyped"
2,4,"1477928",-0.894342298113424,0.127769684401255,0.695801042628227,"PBLUP","genotyped"
2,4,"1541045",-0.317448201217821,0.222721425594515,0.790752783821487,"PBLUP","not_genotyped"
2,4,"1563730",0.980278473974546,0.331545364486941,0.899576722713914,"PBLUP","not_genotyped"
2,4,"1586793",2.08261236622153,-0.112447871624563,0.45558348660241,"PBLUP","genotyped"
2,4,"1636202",-0.174201966671873,0.0932787671640389,0.661310125391011,"PBLUP","not_genotyped"
2,4,"1642433",-0.124954710983697,0.101764100309141,0.669795458536113,"PBLUP","not_genotyped"
2,4,"1671946",-0.148678417916003,0.142488143773482,0.710519502000454,"PBLUP","genotyped"
2,4,"167864",0.0653317333943847,-0.349519772315661,0.218511585911311,"PBLUP","not_genotyped"
2,4,"168614",-0.438778714735675,0.115973454508977,0.684004812735949,"PBLUP","not_genotyped"
2,4,"168928",0.952971371556413,-0.0857911610348199,0.482240197192152,"PBLUP","genotyped"
2,4,"168939",0.325942314181827,-0.0888745969657173,0.479156761261255,"PBLUP","genotyped"
2,4,"168945",0.926380948235444,0.215956705485792,0.783988063712765,"PBLUP","genotyped"
2,4,"1700001",-1.70234911568359,0.44559406672382,1.01362542495079,"PBLUP","genotyped"
2,4,"1766370",-0.358307053836902,-0.598082840456307,-0.0300514822293344,"PBLUP","genotyped"
2,4,"1799716",-0.931715484214473,-0.938739924734598,-0.370708566507626,"PBLUP","not_genotyped"
2,4,"1815932",-0.263876438704702,0.103681182200692,0.671712540427665,"PBLUP","not_genotyped"
2,4,"2011449",0.0766927259005868,0.0737798184131093,0.641811176640082,"PBLUP","genotyped"
2,4,"20934",0.434111993369914,-0.0843080939031693,0.483723264323803,"PBLUP","genotyped"
2,4,"2163596",0.718584730460706,-0.568031358226972,0,"PBLUP","genotyped"
2,4,"217562",-0.482284393565878,-0.225205932716082,0.342825425510891,"PBLUP","genotyped"
2,4,"217726",-0.630873145017969,0.00614563943845792,0.57417699766543,"PBLUP","not_genotyped"
2,4,"217743",-0.15331239980563,-0.304015749228296,0.264015608998676,"PBLUP","genotyped"
2,4,"217777",0.0452402864318024,0.0570646700092983,0.625096028236271,"PBLUP","genotyped"
2,4,"218554",1.05305397865944,0.176940274265326,0.744971632492298,"PBLUP","genotyped"
2,4,"2485050",-0.81742145637788,-1.00434450036335,-0.436313142136374,"PBLUP","genotyped"
2,4,"2485920",-1.42456266880613,-1.7128432003126,-1.14481184208563,"PBLUP","not_genotyped"
2,4,"2586622",-0.103641651923674,-0.0735776012533508,0.494453756973622,"PBLUP","not_genotyped"
2,4,"2621094",-0.692996192213174,0.182280936091694,0.750312294318667,"PBLUP","not_genotyped"
2,4,"269000",1.24462718778016,0.381381339283207,0.949412697510179,"PBLUP","genotyped"
2,4,"27001",0.26570869369733,-0.0655158907943958,0.502515467432577,"PBLUP","genotyped"
2,4,"292907",-0.32430551712479,0.223570194469033,0.791601552696006,"PBLUP","not_genotyped"
2,4,"294705",0.782361026027785,-0.926231216935349,-0.358199858708376,"PBLUP","genotyped"
2,4,"294881",0.732445955726339,0.404469363626488,0.97250072185346,"PBLUP","not_genotyped"
2,4,"294910",-0.347442850250326,0.0728052148986198,0.640836573125592,"PBLUP","not_genotyped"
2,4,"295261",0.222887117641691,0.416946988331922,0.984978346558894,"PBLUP","genotyped"
2,4,"321614",-0.152489847660019,0.366469503551347,0.934500861778319,"PBLUP","not_genotyped"
2,4,"341985",-0.539431407484175,0.378985381901335,0.947016740128307,"PBLUP","genotyped"
2,4,"342090",0.610089288046636,0.184814706101745,0.752846064328717,"PBLUP","not_genotyped"
2,4,"342218",0.0830206765653325,0.161171033194176,0.729202391421149,"PBLUP","not_genotyped"
2,4,"342374",1.075702666946,0.221065349470724,0.789096707697696,"PBLUP","genotyped"
2,4,"343215",0.475402482263425,0.224962319353692,0.792993677580664,"PBLUP","not_genotyped"
2,4,"343376",-1.43664034040949,-0.568031358226972,0,"PBLUP","genotyped"
2,4,"358886",1.11577968782272,0.322942596030786,0.890973954257759,"PBLUP","genotyped"
2,4,"359354",0.595723129780728,0.322942596030786,0.890973954257759,"PBLUP","not_genotyped"
2,4,"368747",1.46796231143435,0.198295495753849,0.766326853980821,"PBLUP","genotyped"
2,4,"369682",1.30000693619749,0.687211324888908,1.25524268311588,"PBLUP","not_genotyped"
2,4,"3826177",-0.880505505089741,0.42536399855283,0.993395356779803,"PBLUP","genotyped"
2,4,"3827762",-2.04514161430622,0.115064718011959,0.683096076238931,"PBLUP","not_genotyped"
2,4,"3830032",-1.50356025110732,0.0633315870932345,0.631362945320207,"PBLUP","not_genotyped"
2,4,"3848815",-1.70271559931282,-1.2748450774425,-0.706813719215533,"PBLUP","not_genotyped"
2,4,"3881",0.998317612613427,0.959770784484961,1.52780214271193,"PBLUP","genotyped"
2,4,"390845",0.463976337112026,-0.568031358226972,0,"PBLUP","not_genotyped"
2,4,"390866",0.477267476732186,0.434591393688319,1.00262275191529,"PBLUP","genotyped"
2,4,"391994",0.227317497515078,-0.0277745993400406,0.540256758886932,"PBLUP","genotyped"
2,4,"392959",0.26048019392028,0.798144840863326,1.3661761990903,"PBLUP","not_genotyped"
2,4,"393205",0.523151227112074,0.340813394765481,0.908844752992454,"PBLUP","not_genotyped"
2,4,"4057151",-1.10752175319755,0.101764100309141,0.669795458536113,"PBLUP","not_genotyped"
2,4,"4059217",-1.14887739473626,-0.196032453120801,0.371998905106171,"PBLUP","not_genotyped"
2,4,"4069736",-1.20997428776961,-0.586578025687148,-0.0185466674601755,"PBLUP","genotyped"
2,4,"4069854",-0.902396793875885,0.112188816895669,0.680220175122641,"PBLUP","not_genotyped"
2,4,"41263",0.565606319538478,-0.153538991230386,0.414492366996586,"PBLUP","not_genotyped"
2,4,"41484",0.282216745174085,0.220041551382923,0.788072909609895,"PBLUP","genotyped"
2,4,"415173",-0.00198723725527206,0.0924421075656385,0.660473465792611,"PBLUP","genotyped"
2,4,"41686",0.409679751421092,0.533517351295571,1.10154870952254,"PBLUP","not_genotyped"
2,4,"419152",-0.16824864371701,-0.140407640817046,0.427623717409927,"PBLUP","genotyped"
2,4,"420125",0.301453063668456,0.5696244524407,1.13765581066767,"PBLUP","not_genotyped"
2,4,"420213",-0.75600694419919,0.323119651597908,0.89115100982488,"PBLUP","not_genotyped"
2,4,"42066",0.139231121208924,0.582494776577739,1.15052613480471,"PBLUP","genotyped"
2,4,"421442",0.84616989791746,0.339077474149387,0.90710883237636,"PBLUP","genotyped"
2,4,"42174",-0.365522709292455,0.368094056973891,0.936125415200863,"PBLUP","genotyped"
2,4,"423671",0.529128982308885,0.324040418590653,0.892071776817626,"PBLUP","genotyped"
2,4,"427258",0.105180720012913,-0.028062144232553,0.539969213994419,"PBLUP","not_genotyped"
2,4,"427918",-0.258297743459721,-0.29052012396885,0.277511234258123,"PBLUP","not_genotyped"
2,4,"428988",0.0947807290233647,0.415964387626484,0.983995745853457,"PBLUP","not_genotyped"
2,4,"429247",-1.04267858306538,0.671219669296193,1.23925102752317,"PBLUP","not_genotyped"
2,4,"430154",0.869437536333388,-0.00314747365887946,0.564883884568093,"PBLUP","not_genotyped"
2,4,"430174",0.174861474050957,0.177475162129154,0.745506520356126,"PBLUP","genotyped"
2,4,"431424",0.771415381634711,0.43133701744463,0.999368375671602,"PBLUP","not_genotyped"
2,4,"432043",-0.726167032699027,0.0971748315275657,0.665206189754538,"PBLUP","not_genotyped"
2,4,"434148",1.18010978087397,-0.802063501794459,-0.234032143567486,"PBLUP","genotyped"
2,4,"438770",0.342629535432872,0.000661606748121324,0.568692964975094,"PBLUP","not_genotyped"
2,4,"443483",0.658522135669852,0.00926988573960386,0.577301243966576,"PBLUP","not_genotyped"
2,4,"460142",1.63380836978296,0.592157907797163,1.16018926602414,"PBLUP","genotyped"
2,4,"460960",-0.381265217188148,-0.0872010632554202,0.480830294971552,"PBLUP","not_genotyped"
2,4,"480914",0.360823411604095,0.300483843684494,0.868515201911467,"PBLUP","not_genotyped"
2,4,"62114",0.142285151452527,0.365961874824313,0.933993233051285,"PBLUP","genotyped"
2,4,"62221",1.08326037378884,0.280178196967586,0.848209555194558,"PBLUP","genotyped"
2,4,"62576",1.23914622150297,0.0312080203181712,0.599239378545144,"PBLUP","genotyped"
2,4,"62587",-0.879796970073224,0.323119651597908,0.89115100982488,"PBLUP","not_genotyped"
2,4,"65038",0.334575039670411,0.177475162129154,0.745506520356126,"PBLUP","not_genotyped"
2,4,"669426",1.50597887990672,0.00135762086327007,0.569388979090242,"PBLUP","genotyped"
2,4,"67929",1.70620110267732,0.098397019414149,0.666428377641121,"PBLUP","not_genotyped"
2,4,"692876",-0.85955892965895,-0.586553689635032,-0.0185223314080596,"PBLUP","not_genotyped"
2,4,"701166",-0.948679604207606,-0.510301785042598,0.0577295731843745,"PBLUP","genotyped"
2,4,"743023",-0.0986411864048143,0.125133936234552,0.693165294461524,"PBLUP","not_genotyped"
2,4,"770285",-0.722681366180996,0.542161004909316,1.11019236313629,"PBLUP","genotyped"
2,4,"77534",0.859933394215296,-1.48486600317997,-0.916834644952996,"PBLUP","genotyped"
2,4,"77587",1.49285062189955,0.364995241934307,0.933026600161279,"PBLUP","not_genotyped"
2,4,"784135",-0.0531727841380565,0.365761792862301,0.933793151089273,"PBLUP","genotyped"
2,4,"78690",-0.722958264923082,-0.568031358226972,0,"PBLUP","not_genotyped"
2,4,"80506",-0.60552876603639,0.00107292499321965,0.569104283220192,"PBLUP","genotyped"
2,4,"82710",-0.0599079388352816,0.437266104983949,1.00529746321092,"PBLUP","not_genotyped"
2,4,"85637",0.149215764085342,0.523728023020019,1.09175938124699,"PBLUP","genotyped"
2,4,"96458",-0.128994174985903,0.437266104983949,1.00529746321092,"PBLUP","not_genotyped"
2,4,"97487",-0.677009361897995,0.0467915522055323,0.614822910432505,"PBLUP","genotyped"
2,4,"103122",-0.561477433802664,-0.554964487221089,0,"ssGBLUP","not_genotyped"
2,4,"1066175",0.208789714037222,0.448997231695153,1.00396171891624,"ssGBLUP","genotyped"
2,4,"1081265",1.56569127922964,-0.53267474381223,0.022289743408859,"ssGBLUP","not_genotyped"
2,4,"1127595",0.712093898182969,-0.103079765665096,0.451884721555993,"ssGBLUP","genotyped"
2,4,"1193118",-1.27799364935514,0.0252719376721114,0.580236424893201,"ssGBLUP","not_genotyped"
2,4,"1291739",-0.949941936708294,-0.0918080479785457,0.463156439242544,"ssGBLUP","not_genotyped"
2,4,"1295300",-0.854232700914106,-0.68056732925224,-0.125602842031151,"ssGBLUP","genotyped"
2,4,"1295755",-1.01605558342181,-0.644301103102666,-0.0893366158815762,"ssGBLUP","genotyped"
2,4,"1296234",-0.732226228702336,0.267831115072419,0.822795602293509,"ssGBLUP","genotyped"
2,4,"1298205",-0.951635905483413,-0.208962699324692,0.346001787896398,"ssGBLUP","not_genotyped"
2,4,"1301798",-0.843441794053377,-0.42451922603643,0.13044526118466,"ssGBLUP","not_genotyped"
2,4,"1301802",-0.857237866673811,-0.420778953669359,0.13418553355173,"ssGBLUP","genotyped"
2,4,"133128",0.32484286329413,0.594294274603243,1.14925876182433,"ssGBLUP","genotyped"
2,4,"1410845",-1.38193655068608,0.0461845145592761,0.601149001780365,"ssGBLUP","not_genotyped"
2,4,"143844",-0.075365403908236,0.323959234931703,0.878923722152792,"ssGBLUP","genotyped"
2,4,"1477928",-0.894342298113424,0.404388015405011,0.9593525026261,"ssGBLUP","genotyped"
2,4,"1541045",-0.317448201217821,0.297330211870034,0.852294699091124,"ssGBLUP","not_genotyped"
2,4,"1563730",0.980278473974546,0.600450887028855,1.15541537424994,"ssGBLUP","not_genotyped"
2,4,"1586793",2.08261236622153,-0.0971934883519935,0.457770998869096,"ssGBLUP","genotyped"
2,4,"1636202",-0.174201966671873,0.0476819753550847,0.602646462576174,"ssGBLUP","not_genotyped"
2,4,"1642433",-0.124954710983697,-0.0842975861663829,0.470666901054706,"ssGBLUP","not_genotyped"
2,4,"1671946",-0.148678417916003,0.076338905025124,0.631303392246213,"ssGBLUP","genotyped"
2,4,"167864",0.0653317333943847,-0.469161103779759,0.0858033834413309,"ssGBLUP","not_genotyped"
2,4,"168614",-0.438778714735675,0.0395341222609988,0.594498609482088,"ssGBLUP","not_genotyped"
2,4,"168928",0.952971371556413,-0.0463220205180751,0.508642466703014,"ssGBLUP","genotyped"
2,4,"168939",0.325942314181827,-0.229896751643168,0.325067735577921,"ssGBLUP","genotyped"
2,4,"168945",0.926380948235444,0.48614115770986,1.04110564493095,"ssGBLUP","genotyped"
2,4,"1700001",-1.70234911568359,0.534719682145388,1.08968416936648,"ssGBLUP","genotyped"
2,4,"1766370",-0.358307053836902,-0.677863341333116,-0.122898854112027,"ssGBLUP","genotyped"
2,4,"1799716",-0.931715484214473,-0.906812202975774,-0.351847715754685,"ssGBLUP","not_genotyped"
2,4,"1815932",-0.263876438704702,0.0546186253273437,0.609583112548433,"ssGBLUP","not_genotyped"
2,4,"2011449",0.0766927259005868,0.22581277494619,0.780777262167279,"ssGBLUP","genotyped"
2,4,"20934",0.434111993369914,0.743011993856928,1.29797648107802,"ssGBLUP","genotyped"
2,4,"2163596",0.718584730460706,0.480427695929296,1.03539218315039,"ssGBLUP","genotyped"
2,4,"217562",-0.482284393565878,-0.10861864328267,0.44634584393842,"ssGBLUP","genotyped"
2,4,"217726",-0.630873145017969,0.0160653336759345,0.571029820897024,"ssGBLUP","not_genotyped"
2,4,"217743",-0.15331239980563,-0.0838802523962175,0.471084234824872,"ssGBLUP","genotyped"
2,4,"217777",0.0452402864318024,0.540984854496434,1.09594934171752,"ssGBLUP","genotyped"
2,4,"218554",1.05305397865944,-0.208677890068247,0.346286597152843,"ssGBLUP","genotyped"
2,4,"2485050",-0.81742145637788,-0.673908461824581,-0.118943974603492,"ssGBLUP","genotyped"
2,4,"2485920",-1.42456266880613,-1.63251980588485,-1.07755531866376,"ssGBLUP","not_genotyped"
2,4,"2586622",-0.103641651923674,0.0331820518377086,0.588146539058798,"ssGBLUP","not_genotyped"
2,4,"2621094",-0.692996192213174,0.422879670807208,0.977844158028297,"ssGBLUP","not_genotyped"
2,4,"269000",1.24462718778016,0.024725323731811,0.5796898109529,"ssGBLUP","genotyped"
2,4,"27001",0.26570869369733,-0.142504801993946,0.412459685227143,"ssGBLUP","genotyped"
2,4,"292907",-0.32430551712479,0.217709066675726,0.772673553896815,"ssGBLUP","not_genotyped"
2,4,"294705",0.782361026027785,-0.108359668004903,0.446604819216186,"ssGBLUP","genotyped"
2,4,"294881",0.732445955726339,0.49924799221446,1.05421247943555,"ssGBLUP","not_genotyped"
2,4,"294910",-0.347442850250326,-0.223352545156016,0.331611942065073,"ssGBLUP","not_genotyped"
2,4,"295261",0.222887117641691,0.483511615284404,1.03847610250549,"ssGBLUP","genotyped"
2,4,"321614",-0.152489847660019,0.311564313808784,0.866528801029873,"ssGBLUP","not_genotyped"
2,4,"341985",-0.539431407484175,0.17882609836631,0.7337905855874,"ssGBLUP","genotyped"
2,4,"342090",0.610089288046636,0.136528083856351,0.69149257107744,"ssGBLUP","not_genotyped"
2,4,"342218",0.0830206765653325,-0.073178168883653,0.481786318337436,"ssGBLUP","not_genotyped"
2,4,"342374",1.075702666946,0.295811991279182,0.850776478500271,"ssGBLUP","genotyped"
2,4,"343215",0.475402482263425,0.309146375194765,0.864110862415854,"ssGBLUP","not_genotyped"
2,4,"343376",-1.43664034040949,0.979091496716933,1.53405598393802,"ssGBLUP","genotyped"
2,4,"358886",1.11577968782272,0.304187979624526,0.859152466845615,"ssGBLUP","genotyped"
2,4,"359354",0.595723129780728,0.560380750786749,1.11534523800784,"ssGBLUP","not_genotyped"
2,4,"368747",1.46796231143435,0.30651921158002,0.86148369880111,"ssGBLUP","genotyped"
2,4,"369682",1.30000693619749,0.643053238754196,1.19801772597529,"ssGBLUP","not_genotyped"
2,4,"3826177",-0.880505505089741,-0.47156521308454,0.0833992741365497,"ssGBLUP","genotyped"
2,4,"3827762",-2.04514161430622,0.285526011685652,0.840490498906741,"ssGBLUP","not_genotyped"
2,4,"3830032",-1.50356025110732,0.0604961758259762,0.615460663047066,"ssGBLUP","not_genotyped"
2,4,"3848815",-1.70271559931282,-1.49483103993371,-0.939866552712619,"ssGBLUP","not_genotyped"
2,4,"3881",0.998317612613427,0.737950114171848,1.29291460139294,"ssGBLUP","genotyped"
2,4,"390845",0.463976337112026,-0.554964487221089,0,"ssGBLUP","not_genotyped"
2,4,"390866",0.477267476732186,0.152650212697454,0.707614699918543,"ssGBLUP","genotyped"
2,4,"391994",0.227317497515078,0.568120572720394,1.12308505994148,"ssGBLUP","genotyped"
2,4,"392959",0.26048019392028,0.930537339383963,1.48550182660505,"ssGBLUP","not_genotyped"
2,4,"393205",0.523151227112074,0.628045356910316,1.18300984413141,"ssGBLUP","not_genotyped"
2,4,"4057151",-1.10752175319755,-0.0842975861663805,0.470666901054709,"ssGBLUP","not_genotyped"
2,4,"4059217",-1.14887739473626,-0.285132003244165,0.269832483976924,"ssGBLUP","not_genotyped"
2,4,"4069736",-1.20997428776961,0.321982573604905,0.876947060825995,"ssGBLUP","genotyped"
2,4,"4069854",-0.902396793875885,0.0259076708544734,0.580872158075563,"ssGBLUP","not_genotyped"
2,4,"41263",0.565606319538478,-0.0151033086366424,0.539861178584447,"ssGBLUP","not_genotyped"
2,4,"41484",0.282216745174085,-0.700628619509562,-0.145664132288473,"ssGBLUP","genotyped"
2,4,"415173",-0.00198723725527206,-0.385855658294,0.16910882892709,"ssGBLUP","genotyped"
2,4,"41686",0.409679751421092,0.0992189437627935,0.654183430983883,"ssGBLUP","not_genotyped"
2,4,"419152",-0.16824864371701,-0.206168443866421,0.348796043354669,"ssGBLUP","genotyped"
2,4,"420125",0.301453063668456,0.601064964820268,1.15602945204136,"ssGBLUP","not_genotyped"
2,4,"420213",-0.75600694419919,0.348315495526445,0.903279982747535,"ssGBLUP","not_genotyped"
2,4,"42066",0.139231121208924,0.457510727713783,1.01247521493487,"ssGBLUP","genotyped"
2,4,"421442",0.84616989791746,1.05165208973726,1.60661657695835,"ssGBLUP","genotyped"
2,4,"42174",-0.365522709292455,0.879369253331392,1.43433374055248,"ssGBLUP","genotyped"
2,4,"423671",0.529128982308885,0.640174036127735,1.19513852334882,"ssGBLUP","genotyped"
2,4,"427258",0.105180720012913,-0.0624109471739003,0.492553540047189,"ssGBLUP","not_genotyped"
2,4,"427918",-0.258297743459721,-0.220000607148957,0.334963880072133,"ssGBLUP","not_genotyped"
2,4,"428988",0.0947807290233647,0.436699553704257,0.991664040925347,"ssGBLUP","not_genotyped"
2,4,"429247",-1.04267858306538,0.755047479559643,1.31001196678073,"ssGBLUP","not_genotyped"
2,4,"430154",0.869437536333388,-0.25729704056186,0.297667446659229,"ssGBLUP","not_genotyped"
2,4,"430174",0.174861474050957,0.379400060447786,0.934364547668875,"ssGBLUP","genotyped"
2,4,"431424",0.771415381634711,0.354373821338297,0.909338308559387,"ssGBLUP","not_genotyped"
2,4,"432043",-0.726167032699027,0.0719727884206315,0.626937275641721,"ssGBLUP","not_genotyped"
2,4,"434148",1.18010978087397,-0.169090884959311,0.385873602261779,"ssGBLUP","genotyped"
2,4,"438770",0.342629535432872,0.0601914762059317,0.615155963427021,"ssGBLUP","not_genotyped"
2,4,"443483",0.658522135669852,0.0114482962046398,0.566412783425729,"ssGBLUP","not_genotyped"
2,4,"460142",1.63380836978296,0.764609429344205,1.31957391656529,"ssGBLUP","genotyped"
2,4,"460960",-0.381265217188148,-0.0167320523995969,0.538232434821493,"ssGBLUP","not_genotyped"
2,4,"480914",0.360823411604095,0.272440931368257,0.827405418589347,"ssGBLUP","not_genotyped"
2,4,"62114",0.142285151452527,0.752086249779689,1.30705073700078,"ssGBLUP","genotyped"
2,4,"62221",1.08326037378884,0.480127069521295,1.03509155674238,"ssGBLUP","genotyped"
2,4,"62576",1.23914622150297,0.678319801371426,1.23328428859252,"ssGBLUP","genotyped"
2,4,"62587",-0.879796970073224,0.348315495526448,0.903279982747538,"ssGBLUP","not_genotyped"
2,4,"65038",0.334575039670411,0.35125540358075,0.906219890801839,"ssGBLUP","not_genotyped"
2,4,"669426",1.50597887990672,0.748057451290707,1.3030219385118,"ssGBLUP","genotyped"
2,4,"67929",1.70620110267732,-0.359315991495318,0.195648495725772,"ssGBLUP","not_genotyped"
2,4,"692876",-0.85955892965895,-0.454231277932231,0.100733209288858,"ssGBLUP","not_genotyped"
2,4,"701166",-0.948679604207606,-0.0386065607800919,0.516357926440997,"ssGBLUP","genotyped"
2,4,"743023",-0.0986411864048143,0.208284776058222,0.763249263279311,"ssGBLUP","not_genotyped"
2,4,"770285",-0.722681366180996,0.674586156239736,1.22955064346083,"ssGBLUP","genotyped"
2,4,"77534",0.859933394215296,-1.45683710566615,-0.901872618445056,"ssGBLUP","genotyped"
2,4,"77587",1.49285062189955,0.431630265376772,0.986594752597861,"ssGBLUP","not_genotyped"
2,4,"784135",-0.0531727841380565,1.04458940997198,1.59955389719307,"ssGBLUP","genotyped"
2,4,"78690",-0.722958264923082,-0.554964487221089,0,"ssGBLUP","not_genotyped"
2,4,"80506",-0.60552876603639,0.626973638966059,1.18193812618715,"ssGBLUP","genotyped"
2,4,"82710",-0.0599079388352816,0.535908362546085,1.09087284976717,"ssGBLUP","not_genotyped"
2,4,"85637",0.149215764085342,0.740595086414875,1.29555957363596,"ssGBLUP","genotyped"
2,4,"96458",-0.128994174985903,0.535908362546085,1.09087284976717,"ssGBLUP","not_genotyped"
2,4,"97487",-0.677009361897995,-0.35769844438818,0.197266042832909,"ssGBLUP","genotyped"
2,5,"1066569",0.0567723046316471,0.419826133898735,0.889393701435025,"PBLUP","genotyped"
2,5,"106657",0.354935241294429,-0.239648557784997,0.229919009751293,"PBLUP","not_genotyped"
2,5,"106844",0.600617722251142,0.215479467306881,0.685047034843171,"PBLUP","genotyped"
2,5,"107059",1.25938426191725,0.16487309514707,0.634440662683361,"PBLUP","genotyped"
2,5,"126309",-0.85354045405889,-0.46956756753629,0,"PBLUP","not_genotyped"
2,5,"1291472",-0.666690811714943,-0.142939076510102,0.326628491026188,"PBLUP","genotyped"
2,5,"1293839",-0.0380492263717348,0.0683385439820527,0.537906111518343,"PBLUP","genotyped"
2,5,"1301800",-1.04135924200014,-0.350583172122159,0.118984395414131,"PBLUP","not_genotyped"
2,5,"1302311",-0.892656473418955,-0.101220651791839,0.368346915744451,"PBLUP","not_genotyped"
2,5,"13098",0.891019350054848,0.452762656806179,0.922330224342469,"PBLUP","not_genotyped"
2,5,"13302",1.17418089016105,-0.329157616717598,0.140409950818692,"PBLUP","not_genotyped"
2,5,"13421",1.00136349877638,0.426438573484293,0.896006141020583,"PBLUP","genotyped"
2,5,"1390242",0.0430088083338105,-0.296806505325429,0.172761062210862,"PBLUP","not_genotyped"
2,5,"1390246",-1.64690421462106,-0.296806505325429,0.172761062210862,"PBLUP","genotyped"
2,5,"1399978",-1.50500989746295,0.321248812267954,0.790816379804245,"PBLUP","not_genotyped"
2,5,"143023",-0.135460575021689,0.101235385739168,0.570802953275459,"PBLUP","genotyped"
2,5,"1437563",-0.551834842313526,-0.482057979578933,-0.0124904120426421,"PBLUP","genotyped"
2,5,"1478148",-0.880179741863756,0.0525489921339552,0.522116559670246,"PBLUP","genotyped"
2,5,"1507248",-0.200816822234791,-0.274789251760686,0.194778315775604,"PBLUP","not_genotyped"
2,5,"1541043",0.354414020132854,-0.0620551223319445,0.407512445204346,"PBLUP","not_genotyped"
2,5,"16004",-0.485240694841686,0.0732856967481045,0.542853264284395,"PBLUP","genotyped"
2,5,"1642335",-0.334257583678611,-0.068964241877661,0.400603325658629,"PBLUP","not_genotyped"
2,5,"1642486",-0.246480682437141,-0.268602924138003,0.200964643398287,"PBLUP","genotyped"
2,5,"1649008",-1.20229441971703,0.199109426346038,0.668676993882328,"PBLUP","genotyped"
2,5,"1671942",0.181808374845072,0.0792566367438269,0.548824204280117,"PBLUP","genotyped"
2,5,"1673085",-1.12012879004314,-0.80861778833712,-0.33905022080083,"PBLUP","not_genotyped"
2,5,"168154",1.4005456118169,0.692346952394182,1.16191451993047,"PBLUP","not_genotyped"
2,5,"168979",0.200645633387613,0.432137023041355,0.901704590577646,"PBLUP","not_genotyped"
2,5,"169164",-0.143881554413385,-0.449241658901361,0.0203259086349292,"PBLUP","not_genotyped"
2,5,"170862",0.323262911648107,-0.308574883802067,0.160992683734223,"PBLUP","not_genotyped"
2,5,"1790751",0.0698516981549165,0.380257524530958,0.849825092067248,"PBLUP","not_genotyped"
2,5,"1815954",0.394873812800106,-0.103274813593967,0.366292753942323,"PBLUP","genotyped"
2,5,"1987795",0.0771325062556649,-0.151161645356844,0.318405922179447,"PBLUP","genotyped"
2,5,"2163595",0.229736289468012,-0.46956756753629,0,"PBLUP","genotyped"
2,5,"2166",-0.25270276005344,0.12078600382993,0.590353571366221,"PBLUP","genotyped"
2,5,"2201664",-1.46839411086231,0.360867862959614,0.830435430495904,"PBLUP","genotyped"
2,5,"2448314",0.700333845724937,0.263302412982176,0.732869980518467,"PBLUP","not_genotyped"
2,5,"2448315",0.0113283346068357,0.263302412982176,0.732869980518467,"PBLUP","not_genotyped"
2,5,"2464628",-0.356083719819559,-0.298625234489871,0.17094233304642,"PBLUP","not_genotyped"
2,5,"2484301",-2.02592158397315,-0.422033424158117,0.047534143378173,"PBLUP","genotyped"
2,5,"2601500",0.294286272696802,0.293837293853367,0.763404861389657,"PBLUP","not_genotyped"
2,5,"2621166",-0.628633522839326,0.150572919003546,0.620140486539836,"PBLUP","genotyped"
2,5,"2668073",-0.593304500981329,-0.46956756753629,0,"PBLUP","genotyped"
2,5,"294940",-0.428965097552897,0.117933758927309,0.5875013264636,"PBLUP","genotyped"
2,5,"295026",1.44896217127881,0.59616863001353,1.06573619754982,"PBLUP","not_genotyped"
2,5,"305029",1.2708185511493,1.10312698327734,1.57269455081363,"PBLUP","genotyped"
2,5,"30709",0.345105335950353,-0.114864434145536,0.354703133390754,"PBLUP","genotyped"
2,5,"321131",0.159412153058651,0.423784283296754,0.893351850833044,"PBLUP","genotyped"
2,5,"321840",1.09444219652075,0.400786603778856,0.870354171315147,"PBLUP","not_genotyped"
2,5,"342284",0.958330176623854,0.607600529980942,1.07716809751723,"PBLUP","not_genotyped"
2,5,"342336",0.561314389036135,-0.00851371139273394,0.461053856143556,"PBLUP","not_genotyped"
2,5,"358856",1.40401499017363,0.214659380662269,0.68422694819856,"PBLUP","not_genotyped"
2,5,"367751",1.8362539265709,0.574235165119101,1.04380273265539,"PBLUP","genotyped"
2,5,"367789",1.33162225727927,0.451358544737295,0.920926112273586,"PBLUP","genotyped"
2,5,"373045",-0.665941556295178,-0.0365507449569656,0.433016822579325,"PBLUP","not_genotyped"
2,5,"376770",0.552209306869873,0.425845708471483,0.895413276007774,"PBLUP","genotyped"
2,5,"376804",-0.154615452709568,-0.46956756753629,0,"PBLUP","genotyped"
2,5,"377191",0.812233513850544,0.347624112999863,0.817191680536154,"PBLUP","not_genotyped"
2,5,"377246",1.11277452206301,0.486741919767302,0.956309487303593,"PBLUP","not_genotyped"
2,5,"3822784",-0.562658325496856,-0.72197750486554,-0.25240993732925,"PBLUP","genotyped"
2,5,"3825284",-1.51471764159728,0.175540914796027,0.645108482332318,"PBLUP","genotyped"
2,5,"3827757",-1.21925853971017,0.0376161343562678,0.507183701892558,"PBLUP","genotyped"
2,5,"3827768",-2.28909755016522,-0.608748818975998,-0.139181251439708,"PBLUP","not_genotyped"
2,5,"3827771",-1.56944586356264,0.0376161343562678,0.507183701892558,"PBLUP","genotyped"
2,5,"3830069",-1.63645535914761,-0.571820791961545,-0.102253224425254,"PBLUP","not_genotyped"
2,5,"3830198",-2.0155215929836,-1.52214910428778,-1.05258153675149,"PBLUP","not_genotyped"
2,5,"3830201",-1.69475068843751,-0.267744956727433,0.201822610808858,"PBLUP","genotyped"
2,5,"3830206",-1.74084618491428,-0.128904643211003,0.340662924325287,"PBLUP","not_genotyped"
2,5,"3849968",-1.45247243319233,0.00587859890777942,0.47544616644407,"PBLUP","genotyped"
2,5,"3855090",-2.01515510935437,0.363399835646022,0.832967403182312,"PBLUP","not_genotyped"
2,5,"3863169",-2.14879132873378,-0.660591405474762,-0.191023837938471,"PBLUP","not_genotyped"
2,5,"390604",0.852253526162716,0.398647173019478,0.868214740555769,"PBLUP","not_genotyped"
2,5,"391721",-1.09107885436599,-0.46956756753629,0,"PBLUP","not_genotyped"
2,5,"41761",0.535644246828573,0.0815520596068453,0.551119627143136,"PBLUP","genotyped"
2,5,"41800",0.686040984184875,0.290568094065134,0.760135661601424,"PBLUP","genotyped"
2,5,"41948",0.5807135891435,0.623348156243104,1.09291572377939,"PBLUP","genotyped"
2,5,"419528",1.06256626485818,0.209242733314158,0.678810300850449,"PBLUP","not_genotyped"
2,5,"422005",0.127161593686205,0.0802956696126194,0.54986323714891,"PBLUP","genotyped"
2,5,"423143",-1.25577659734301,-0.228602528860964,0.240965038675327,"PBLUP","not_genotyped"
2,5,"424700",1.6245078296811,0.686676562212095,1.15624412974839,"PBLUP","genotyped"
2,5,"427650",-0.151585854707912,-0.00277981494823176,0.466787752588059,"PBLUP","not_genotyped"
2,5,"428238",-0.293797791011361,0.0822132906187267,0.551780858155017,"PBLUP","genotyped"
2,5,"429168",-0.217951967921566,-0.638810017931842,-0.169242450395551,"PBLUP","not_genotyped"
2,5,"430390",-0.390231849983365,0.290424225571593,0.759991793107883,"PBLUP","not_genotyped"
2,5,"431742",-1.65755667211075,0.126651071173574,0.596218638709864,"PBLUP","not_genotyped"
2,5,"433924",-0.430691642650614,-0.0132913576234225,0.456276209912868,"PBLUP","genotyped"
2,5,"438273",-1.23332336699204,0.646591830755236,1.11615939829153,"PBLUP","not_genotyped"
2,5,"438760",-0.670640690830003,0.147511651340634,0.617079218876925,"PBLUP","not_genotyped"
2,5,"450448",1.42136188195729,0.392986821907146,0.862554389443436,"PBLUP","genotyped"
2,5,"471420",-0.766496520075884,0.193017413459654,0.662584980995945,"PBLUP","genotyped"
2,5,"4937014",0.222276311592972,-0.305450481934462,0.164117085601829,"PBLUP","genotyped"
2,5,"520702",-0.151577710627263,0.017450752898494,0.487018320434784,"PBLUP","genotyped"
2,5,"601577",0.10942378603136,0.423784283296754,0.893351850833044,"PBLUP","not_genotyped"
2,5,"609368",1.70775662208139,0.422873603952411,0.892441171488701,"PBLUP","not_genotyped"
2,5,"62256",0.502253516165182,0.361345354220845,0.830912921757135,"PBLUP","not_genotyped"
2,5,"623960",0.796075657841723,0.0239287201407318,0.493496287677022,"PBLUP","not_genotyped"
2,5,"624629",0.195669600110703,0.19314994350597,0.66271751104226,"PBLUP","not_genotyped"
2,5,"64873",0.160755926365836,-0.486297886136605,-0.0167303186003148,"PBLUP","genotyped"
2,5,"68052",-0.150641141352559,0.218566767844827,0.688134335381117,"PBLUP","not_genotyped"
2,5,"692864",-0.987640886035329,-0.542317973999481,-0.0727504064631901,"PBLUP","genotyped"
2,5,"730613",-0.860454778530405,0.176871316581118,0.646438884117409,"PBLUP","not_genotyped"
2,5,"770505",-0.471574927511644,0.0876756028249144,0.557243170361205,"PBLUP","genotyped"
2,5,"77128",1.30970653625117,0.652580225941698,1.12214779347799,"PBLUP","genotyped"
2,5,"77246",0.938141000693478,-0.0663507914464424,0.403216776089848,"PBLUP","genotyped"
2,5,"835884",0.0390507851381006,-0.132616072764633,0.336951494771658,"PBLUP","genotyped"
2,5,"85244",0.907828732515639,0.438587617832795,0.908155185369086,"PBLUP","not_genotyped"
2,5,"85465",0.41013581993747,0.243045810256009,0.7126133777923,"PBLUP","not_genotyped"
2,5,"85685",1.71138073797047,-0.681598207493028,-0.212030639956738,"PBLUP","not_genotyped"
2,5,"85741",0.620521855358782,0.0635374983350839,0.533105065871374,"PBLUP","genotyped"
2,5,"85786",1.44805003424606,-0.20024772144476,0.269319846091531,"PBLUP","genotyped"
2,5,"88809",-0.115605306397947,-0.0571477781528043,0.412419789383486,"PBLUP","genotyped"
2,5,"89242",-0.470361459494854,-0.013298487196344,0.456269080339946,"PBLUP","not_genotyped"
2,5,"89491",-1.06303878468939,0.0997848775093262,0.569352445045617,"PBLUP","not_genotyped"
2,5,"897095",0.599518271363445,-0.337430818494824,0.132136749041466,"PBLUP","genotyped"
2,5,"900613",0.745851112475593,0.0209341041758582,0.490501671712149,"PBLUP","not_genotyped"
2,5,"904516",0.578807874271491,-0.539718740321807,-0.0701511727855163,"PBLUP","genotyped"
2,5,"934019",0.0447272093508763,-0.0502729813252201,0.41929458621107,"PBLUP","genotyped"
2,5,"96619",0.703550757581531,0.425845708471483,0.895413276007774,"PBLUP","genotyped"
2,5,"97120",-0.430341447182682,0.424182748354123,0.893750315890414,"PBLUP","not_genotyped"
2,5,"1066569",0.0567723046316471,0.695843346490265,1.11755300410023,"ssGBLUP","genotyped"
2,5,"106657",0.354935241294429,-0.416247997734066,0.0054616598758961,"ssGBLUP","not_genotyped"
2,5,"106844",0.600617722251142,-0.579585371911808,-0.157875714301845,"ssGBLUP","genotyped"
2,5,"107059",1.25938426191725,0.39727946505757,0.818989122667533,"ssGBLUP","genotyped"
2,5,"126309",-0.85354045405889,-0.421709657609962,0,"ssGBLUP","not_genotyped"
2,5,"1291472",-0.666690811714943,-0.300029523225966,0.121680134383997,"ssGBLUP","genotyped"
2,5,"1293839",-0.0380492263717348,-0.0127877108667426,0.40892194674322,"ssGBLUP","genotyped"
2,5,"1301800",-1.04135924200014,-0.292295857919161,0.129413799690802,"ssGBLUP","not_genotyped"
2,5,"1302311",-0.892656473418955,0.0905889155977476,0.51229857320771,"ssGBLUP","not_genotyped"
2,5,"13098",0.891019350054848,0.694392213577644,1.11610187118761,"ssGBLUP","not_genotyped"
2,5,"13302",1.17418089016105,-0.583229998679926,-0.161520341069964,"ssGBLUP","not_genotyped"
2,5,"13421",1.00136349877638,0.198748708921591,0.620458366531553,"ssGBLUP","genotyped"
2,5,"1390242",0.0430088083338105,0.352783031418206,0.774492689028168,"ssGBLUP","not_genotyped"
2,5,"1390246",-1.64690421462106,0.362974410746834,0.784684068356796,"ssGBLUP","genotyped"
2,5,"1399978",-1.50500989746295,0.318613893299617,0.740323550909579,"ssGBLUP","not_genotyped"
2,5,"143023",-0.135460575021689,0.38381521152308,0.805524869133042,"ssGBLUP","genotyped"
2,5,"1437563",-0.551834842313526,0.0359979144157784,0.457707572025741,"ssGBLUP","genotyped"
2,5,"1478148",-0.880179741863756,0.659751647140482,1.08146130475044,"ssGBLUP","genotyped"
2,5,"1507248",-0.200816822234791,-0.627766234370251,-0.206056576760289,"ssGBLUP","not_genotyped"
2,5,"1541043",0.354414020132854,-0.0260424061959565,0.395667251414006,"ssGBLUP","not_genotyped"
2,5,"16004",-0.485240694841686,-0.170181442651999,0.251528214957963,"ssGBLUP","genotyped"
2,5,"1642335",-0.334257583678611,0.0641868696283788,0.485896527238341,"ssGBLUP","not_genotyped"
2,5,"1642486",-0.246480682437141,0.0365029738256082,0.458212631435571,"ssGBLUP","genotyped"
2,5,"1649008",-1.20229441971703,0.56104092628939,0.982750583899353,"ssGBLUP","genotyped"
2,5,"1671942",0.181808374845072,0.355990447752199,0.777700105362162,"ssGBLUP","genotyped"
2,5,"1673085",-1.12012879004314,-0.764800413668517,-0.343090756058555,"ssGBLUP","not_genotyped"
2,5,"168154",1.4005456118169,0.945567734937585,1.36727739254755,"ssGBLUP","not_genotyped"
2,5,"168979",0.200645633387613,0.527830615478677,0.94954027308864,"ssGBLUP","not_genotyped"
2,5,"169164",-0.143881554413385,-0.274195394345578,0.147514263264384,"ssGBLUP","not_genotyped"
2,5,"170862",0.323262911648107,-0.49894960246267,-0.0772399448527073,"ssGBLUP","not_genotyped"
2,5,"1790751",0.0698516981549165,0.416019614273703,0.837729271883666,"ssGBLUP","not_genotyped"
2,5,"1815954",0.394873812800106,-0.0546285717323901,0.367081085877572,"ssGBLUP","genotyped"
2,5,"1987795",0.0771325062556649,-0.606054712659849,-0.184345055049886,"ssGBLUP","genotyped"
2,5,"2163595",0.229736289468012,0.928567490875825,1.35027714848579,"ssGBLUP","genotyped"
2,5,"2166",-0.25270276005344,-0.110769591890668,0.310940065719294,"ssGBLUP","genotyped"
2,5,"2201664",-1.46839411086231,-0.638224756071213,-0.216515098461251,"ssGBLUP","genotyped"
2,5,"2448314",0.700333845724937,0.49899914621907,0.920708803829032,"ssGBLUP","not_genotyped"
2,5,"2448315",0.0113283346068357,0.49899914621907,0.920708803829033,"ssGBLUP","not_genotyped"
2,5,"2464628",-0.356083719819559,-0.64089333913227,-0.219183681522308,"ssGBLUP","not_genotyped"
2,5,"2484301",-2.02592158397315,-0.31113930227024,0.110570355339723,"ssGBLUP","genotyped"
2,5,"2601500",0.294286272696802,0.567581567105133,0.989291224715096,"ssGBLUP","not_genotyped"
2,5,"2621166",-0.628633522839326,0.414763603645651,0.836473261255613,"ssGBLUP","genotyped"
2,5,"2668073",-0.593304500981329,-0.213810146422731,0.207899511187231,"ssGBLUP","genotyped"
2,5,"294940",-0.428965097552897,-0.129063934873473,0.29264572273649,"ssGBLUP","genotyped"
2,5,"295026",1.44896217127881,0.579307864996888,1.00101752260685,"ssGBLUP","not_genotyped"
2,5,"305029",1.2708185511493,1.26824345905245,1.68995311666241,"ssGBLUP","genotyped"
2,5,"30709",0.345105335950353,-0.383731020262278,0.0379786373476847,"ssGBLUP","genotyped"
2,5,"321131",0.159412153058651,0.271540026905067,0.693249684515029,"ssGBLUP","genotyped"
2,5,"321840",1.09444219652075,0.575665419816376,0.997375077426338,"ssGBLUP","not_genotyped"
2,5,"342284",0.958330176623854,0.597418356025792,1.01912801363575,"ssGBLUP","not_genotyped"
2,5,"342336",0.561314389036135,0.127014191430546,0.548723849040509,"ssGBLUP","not_genotyped"
2,5,"358856",1.40401499017363,0.200717636185325,0.622427293795288,"ssGBLUP","not_genotyped"
2,5,"367751",1.8362539265709,0.648660525676172,1.07037018328613,"ssGBLUP","genotyped"
2,5,"367789",1.33162225727927,0.69887759618982,1.12058725379978,"ssGBLUP","genotyped"
2,5,"373045",-0.665941556295178,0.0994035543573967,0.521113211967359,"ssGBLUP","not_genotyped"
2,5,"376770",0.552209306869873,0.502809093913971,0.924518751523934,"ssGBLUP","genotyped"
2,5,"376804",-0.154615452709568,0.137136480021768,0.558846137631731,"ssGBLUP","genotyped"
2,5,"377191",0.812233513850544,0.369567635234993,0.791277292844956,"ssGBLUP","not_genotyped"
2,5,"377246",1.11277452206301,0.698225990484812,1.11993564809477,"ssGBLUP","not_genotyped"
2,5,"3822784",-0.562658325496856,-0.688566675081923,-0.266857017471961,"ssGBLUP","genotyped"
2,5,"3825284",-1.51471764159728,0.128901509784231,0.550611167394194,"ssGBLUP","genotyped"
2,5,"3827757",-1.21925853971017,-0.222954286199935,0.198755371410028,"ssGBLUP","genotyped"
2,5,"3827768",-2.28909755016522,-0.570696257061598,-0.148986599451635,"ssGBLUP","not_genotyped"
2,5,"3827771",-1.56944586356264,-0.40771958815502,0.0139900694549428,"ssGBLUP","genotyped"
2,5,"3830069",-1.63645535914761,-0.619716229728709,-0.198006572118746,"ssGBLUP","not_genotyped"
2,5,"3830198",-2.0155215929836,-1.3853126088698,-0.963602951259835,"ssGBLUP","not_genotyped"
2,5,"3830201",-1.69475068843751,-1.49366341865226,-1.0719537610423,"ssGBLUP","genotyped"
2,5,"3830206",-1.74084618491428,0.0460141369463673,0.46772379455633,"ssGBLUP","not_genotyped"
2,5,"3849968",-1.45247243319233,0.343745222723127,0.76545488033309,"ssGBLUP","genotyped"
2,5,"3855090",-2.01515510935437,0.294073155969313,0.715782813579275,"ssGBLUP","not_genotyped"
2,5,"3863169",-2.14879132873378,-0.52146561414043,-0.0997559565304675,"ssGBLUP","not_genotyped"
2,5,"390604",0.852253526162716,0.577180448518336,0.998890106128298,"ssGBLUP","not_genotyped"
2,5,"391721",-1.09107885436599,-0.421709657609962,0,"ssGBLUP","not_genotyped"
2,5,"41761",0.535644246828573,0.415716531152646,0.837426188762608,"ssGBLUP","genotyped"
2,5,"41800",0.686040984184875,0.380581323624363,0.802290981234326,"ssGBLUP","genotyped"
2,5,"41948",0.5807135891435,0.546529891233301,0.968239548843264,"ssGBLUP","genotyped"
2,5,"419528",1.06256626485818,0.236855287972048,0.658564945582011,"ssGBLUP","not_genotyped"
2,5,"422005",0.127161593686205,0.29109346095805,0.712803118568013,"ssGBLUP","genotyped"
2,5,"423143",-1.25577659734301,-0.290242735136655,0.131466922473307,"ssGBLUP","not_genotyped"
2,5,"424700",1.6245078296811,0.641919438238134,1.0636290958481,"ssGBLUP","genotyped"
2,5,"427650",-0.151585854707912,-0.0346274651555971,0.387082192454365,"ssGBLUP","not_genotyped"
2,5,"428238",-0.293797791011361,-0.61616043834591,-0.194450780735947,"ssGBLUP","genotyped"
2,5,"429168",-0.217951967921566,-0.0923770003093233,0.329332657300639,"ssGBLUP","not_genotyped"
2,5,"430390",-0.390231849983365,0.133549129495553,0.555258787105516,"ssGBLUP","not_genotyped"
2,5,"431742",-1.65755667211075,0.0778277028731397,0.499537360483102,"ssGBLUP","not_genotyped"
2,5,"433924",-0.430691642650614,0.265330145687376,0.687039803297338,"ssGBLUP","genotyped"
2,5,"438273",-1.23332336699204,0.803472346669859,1.22518200427982,"ssGBLUP","not_genotyped"
2,5,"438760",-0.670640690830003,0.244524726428606,0.666234384038568,"ssGBLUP","not_genotyped"
2,5,"450448",1.42136188195729,0.401477839756124,0.823187497366087,"ssGBLUP","genotyped"
2,5,"471420",-0.766496520075884,0.417631367563316,0.839341025173279,"ssGBLUP","genotyped"
2,5,"4937014",0.222276311592972,0.319286373842769,0.740996031452732,"ssGBLUP","genotyped"
2,5,"520702",-0.151577710627263,0.0734511486162801,0.495160806226243,"ssGBLUP","genotyped"
2,5,"601577",0.10942378603136,0.45140329202197,0.873112949631933,"ssGBLUP","not_genotyped"
2,5,"609368",1.70775662208139,0.513364112764469,0.935073770374432,"ssGBLUP","not_genotyped"
2,5,"62256",0.502253516165182,0.515116925713544,0.936826583323507,"ssGBLUP","not_genotyped"
2,5,"623960",0.796075657841723,-0.0273812736265517,0.394328383983411,"ssGBLUP","not_genotyped"
2,5,"624629",0.195669600110703,0.191537381406234,0.613247039016196,"ssGBLUP","not_genotyped"
2,5,"64873",0.160755926365836,-0.359592626490667,0.0621170311192955,"ssGBLUP","genotyped"
2,5,"68052",-0.150641141352559,0.480574915734371,0.902284573344334,"ssGBLUP","not_genotyped"
2,5,"692864",-0.987640886035329,-0.398242597858561,0.0234670597514019,"ssGBLUP","genotyped"
2,5,"730613",-0.860454778530405,0.0961584330798851,0.517868090689848,"ssGBLUP","not_genotyped"
2,5,"770505",-0.471574927511644,0.243067772530065,0.664777430140027,"ssGBLUP","genotyped"
2,5,"77128",1.30970653625117,1.14438587046045,1.56609552807041,"ssGBLUP","genotyped"
2,5,"77246",0.938141000693478,-0.125609359225906,0.296100298384057,"ssGBLUP","genotyped"
2,5,"835884",0.0390507851381006,-0.168815646796677,0.252894010813286,"ssGBLUP","genotyped"
2,5,"85244",0.907828732515639,0.542498196598301,0.964207854208263,"ssGBLUP","not_genotyped"
2,5,"85465",0.41013581993747,0.152663168673544,0.574372826283506,"ssGBLUP","not_genotyped"
2,5,"85685",1.71138073797047,-0.667715808628386,-0.246006151018423,"ssGBLUP","not_genotyped"
2,5,"85741",0.620521855358782,-0.454312829050557,-0.0326031714405942,"ssGBLUP","genotyped"
2,5,"85786",1.44805003424606,-0.444854161394355,-0.023144503784393,"ssGBLUP","genotyped"
2,5,"88809",-0.115605306397947,0.463630423412937,0.8853400810229,"ssGBLUP","genotyped"
2,5,"89242",-0.470361459494854,-0.00922008483888553,0.412489572771077,"ssGBLUP","not_genotyped"
2,5,"89491",-1.06303878468939,-0.00439772940967059,0.417311928200292,"ssGBLUP","not_genotyped"
2,5,"897095",0.599518271363445,-0.317792480028538,0.103917177581425,"ssGBLUP","genotyped"
2,5,"900613",0.745851112475593,-0.0376908418124687,0.384018815797494,"ssGBLUP","not_genotyped"
2,5,"904516",0.578807874271491,-0.300032092099937,0.121677565510026,"ssGBLUP","genotyped"
2,5,"934019",0.0447272093508763,-0.350702221523095,0.0710074360868676,"ssGBLUP","genotyped"
2,5,"96619",0.703550757581531,0.409152787906679,0.830862445516641,"ssGBLUP","genotyped"
2,5,"97120",-0.430341447182682,0.303740002669934,0.725449660279897,"ssGBLUP","not_genotyped"
3,1,"1064007",1.13284153678365,0.173674979915394,0.791944857517762,"PBLUP","genotyped"
3,1,"107052",1.20011164294941,0.320852778546606,0.939122656148973,"PBLUP","not_genotyped"
3,1,"108014",0.988813470495336,0.0501269280779304,0.668396805680298,"PBLUP","not_genotyped"
3,1,"1195398",-0.610822418458635,0.37253376318709,0.990803640789457,"PBLUP","not_genotyped"
3,1,"1290408",-0.336269171599065,-0.151624661471309,0.466645216131058,"PBLUP","genotyped"
3,1,"1298199",-1.01373452043667,-0.230032463998144,0.388237413604223,"PBLUP","genotyped"
3,1,"1300939",-0.969707620444892,0.213662186158878,0.831932063761245,"PBLUP","genotyped"
3,1,"1302311",-0.892656473418955,-0.130442438407842,0.487827439194526,"PBLUP","not_genotyped"
3,1,"13302",1.17418089016105,-0.895211356665845,-0.276941479063477,"PBLUP","not_genotyped"
3,1,"143058",0.638056060997389,-0.118397631365399,0.499872246236968,"PBLUP","genotyped"
3,1,"1439621",-0.00867352746859992,-0.0304155669726969,0.587854310629671,"PBLUP","not_genotyped"
3,1,"1477994",1.17454737379029,0.157489684860467,0.775759562462835,"PBLUP","not_genotyped"
3,1,"1478078",0.125092997201205,-0.226290065576024,0.391979812026344,"PBLUP","not_genotyped"
3,1,"1541043",0.354414020132854,-0.103829713586531,0.514440164015837,"PBLUP","not_genotyped"
3,1,"16004",-0.485240694841686,0.24890928734368,0.867179164946048,"PBLUP","genotyped"
3,1,"16122",0.858573332746812,0.449476757405754,1.06774663500812,"PBLUP","genotyped"
3,1,"1637620",0.296908666665976,-0.168318540935993,0.449951336666375,"PBLUP","not_genotyped"
3,1,"1642486",-0.246480682437141,-0.0537738306815755,0.564496046920792,"PBLUP","genotyped"
3,1,"1649008",-1.20229441971703,-0.0864163980741265,0.531853479528241,"PBLUP","genotyped"
3,1,"1673085",-1.12012879004314,-0.842718625061364,-0.224448747458996,"PBLUP","not_genotyped"
3,1,"168524",0.867116473348251,0.390319217153264,1.00858909475563,"PBLUP","not_genotyped"
3,1,"168924",0.175985357180603,0.20805562150464,0.826325499107007,"PBLUP","not_genotyped"
3,1,"168939",0.325942314181827,0.197544091936659,0.815813969539026,"PBLUP","genotyped"
3,1,"1700001",-1.70234911568359,0.408021045375769,1.02629092297814,"PBLUP","genotyped"
3,1,"170862",0.323262911648107,-0.479010798449401,0.139259079152967,"PBLUP","not_genotyped"
3,1,"1799716",-0.931715484214473,-0.899164052709723,-0.280894175107355,"PBLUP","not_genotyped"
3,1,"1823515",0.462616275643541,0.408021045375769,1.02629092297814,"PBLUP","not_genotyped"
3,1,"1831374",0.414558055730206,-0.618269877602368,0,"PBLUP","not_genotyped"
3,1,"1987795",0.0771325062556649,-0.0937943300067733,0.524475547595594,"PBLUP","genotyped"
3,1,"20424",3.27892080508434,0.48566821066587,1.10393808826824,"PBLUP","genotyped"
3,1,"214589",0.623722479054078,0.40292901286525,1.02119889046762,"PBLUP","not_genotyped"
3,1,"2163595",0.229736289468012,-0.618269877602368,0,"PBLUP","genotyped"
3,1,"2163607",0.440545817083104,0.0694989108530965,0.687768788455464,"PBLUP","not_genotyped"
3,1,"217748",0.578498399206806,0.291615397615596,0.909885275217964,"PBLUP","genotyped"
3,1,"217754",-0.26662913796427,-0.300886813217668,0.317383064384699,"PBLUP","genotyped"
3,1,"2201664",-1.46839411086231,0.414889437499573,1.03315931510194,"PBLUP","genotyped"
3,1,"2448314",0.700333845724937,0.207979234882968,0.826249112485336,"PBLUP","not_genotyped"
3,1,"2464631",-0.140656498476139,-0.413291055281608,0.20497882232076,"PBLUP","genotyped"
3,1,"2485915",-1.84783497240818,-1.67750641308736,-1.05923653548499,"PBLUP","not_genotyped"
3,1,"2621166",-0.628633522839326,0.0776575284884259,0.695927406090794,"PBLUP","genotyped"
3,1,"2668072",-0.291427863542325,-0.618269877602368,0,"PBLUP","not_genotyped"
3,1,"294670",0.886857724842899,0.0172478730467825,0.63551775064915,"PBLUP","genotyped"
3,1,"294705",0.782361026027785,-0.584688746249217,0.033581131353151,"PBLUP","genotyped"
3,1,"294745",0.374236712434001,-0.93489980060228,-0.316629922999912,"PBLUP","not_genotyped"
3,1,"295190",0.249534549527208,0.228573711803096,0.846843589405463,"PBLUP","not_genotyped"
3,1,"295191",0.107982283756379,0.228573711803096,0.846843589405463,"PBLUP","genotyped"
3,1,"30709",0.345105335950353,-0.196273009776121,0.421996867826246,"PBLUP","genotyped"
3,1,"321131",0.159412153058651,0.486009480048317,1.10427935765068,"PBLUP","genotyped"
3,1,"321614",-0.152489847660019,0.34161975873978,0.959889636342148,"PBLUP","not_genotyped"
3,1,"326413",0.516912861334475,0.392382281574944,1.01065215917731,"PBLUP","not_genotyped"
3,1,"341985",-0.539431407484175,0.358972332768272,0.97724221037064,"PBLUP","genotyped"
3,1,"342263",0.0796897475796432,0.483638749508543,1.10190862711091,"PBLUP","genotyped"
3,1,"342336",0.561314389036135,-0.057236054822387,0.561033822779981,"PBLUP","not_genotyped"
3,1,"355411",0.893902354604809,0.500065182250202,1.11833505985257,"PBLUP","genotyped"
3,1,"358856",1.40401499017363,0.162252588255605,0.780522465857973,"PBLUP","not_genotyped"
3,1,"369564",0.0694933586063328,0.0903248844317428,0.70859476203411,"PBLUP","genotyped"
3,1,"369673",1.21913621534689,0.129600915438551,0.747870793040918,"PBLUP","genotyped"
3,1,"377276",0.137292830014317,-0.273557817751983,0.344712059850385,"PBLUP","not_genotyped"
3,1,"3825284",-1.51471764159728,0.259428507525686,0.877698385128054,"PBLUP","genotyped"
3,1,"3826177",-0.880505505089741,0.415477717294544,1.03374759489691,"PBLUP","genotyped"
3,1,"3826178",-1.22189722184064,-0.663741804618604,-0.0454719270162364,"PBLUP","genotyped"
3,1,"3827757",-1.21925853971017,-0.823854797623507,-0.205584920021139,"PBLUP","genotyped"
3,1,"3827762",-2.04514161430622,-0.147616731016821,0.470653146585547,"PBLUP","not_genotyped"
3,1,"3830114",-1.8422725653245,-0.174052521517565,0.444217356084803,"PBLUP","genotyped"
3,1,"3830162",-1.80525771877203,-0.248433361587102,0.369836516015265,"PBLUP","not_genotyped"
3,1,"3830206",-1.74084618491428,-0.174052521517565,0.444217356084803,"PBLUP","not_genotyped"
3,1,"3855110",-1.74344414664151,-0.201626570329467,0.4166433072729,"PBLUP","not_genotyped"
3,1,"3863169",-2.14879132873378,-0.713162239388254,-0.0948923617858859,"PBLUP","not_genotyped"
3,1,"3863186",-1.46247336423005,0.355387872419094,0.973657750021462,"PBLUP","genotyped"
3,1,"390845",0.463976337112026,-0.618269877602368,0,"PBLUP","not_genotyped"
3,1,"4057142",-0.895572054291514,0.2607788441706,0.879048721772968,"PBLUP","genotyped"
3,1,"4057151",-1.10752175319755,-0.0756052506742624,0.542664626928105,"PBLUP","not_genotyped"
3,1,"412956",0.406967772564773,-0.0958773993895945,0.522392478212773,"PBLUP","genotyped"
3,1,"413317",-0.769851881303522,0.00727834828116058,0.625548225883528,"PBLUP","not_genotyped"
3,1,"41484",0.282216745174085,0.240073618788215,0.858343496390582,"PBLUP","genotyped"
3,1,"41542",1.1421909413694,0.356339340978821,0.974609218581189,"PBLUP","not_genotyped"
3,1,"416396",2.27981313507113,0.926327066265917,1.54459694386828,"PBLUP","not_genotyped"
3,1,"41709",0.00451173910311468,0.179669962750828,0.797939840353196,"PBLUP","not_genotyped"
3,1,"41761",0.535644246828573,0.0966422533540046,0.714912130956372,"PBLUP","genotyped"
3,1,"418273",-0.9041722034575,-0.0658126867680526,0.552457190834315,"PBLUP","not_genotyped"
3,1,"419150",-0.1259401447423,-0.0106520688730347,0.607617808729333,"PBLUP","genotyped"
3,1,"419152",-0.16824864371701,-0.0106520688730347,0.607617808729333,"PBLUP","genotyped"
3,1,"42076",0.0253850178080586,0.0160003448849766,0.634270222487344,"PBLUP","genotyped"
3,1,"421064",0.142985542388393,0.48566821066587,1.10393808826824,"PBLUP","not_genotyped"
3,1,"421340",1.00852214566739,0.444792163063614,1.06306204066598,"PBLUP","not_genotyped"
3,1,"422181",1.75413716138091,0.356339340978821,0.974609218581189,"PBLUP","genotyped"
3,1,"42237",-1.09225974606019,0.275533377503326,0.893803255105693,"PBLUP","genotyped"
3,1,"423143",-1.25577659734301,-0.272670097102947,0.345599780499421,"PBLUP","not_genotyped"
3,1,"423348",-1.47401352651054,0.0242310328773376,0.642500910479705,"PBLUP","not_genotyped"
3,1,"424702",0.939248595661824,0.868515229959481,1.48678510756185,"PBLUP","not_genotyped"
3,1,"427520",-0.0624000275140612,0.329233644311326,0.947503521913693,"PBLUP","genotyped"
3,1,"429101",-1.68124780272046,-0.0558751180235103,0.562394759578857,"PBLUP","genotyped"
3,1,"431424",0.771415381634711,0.340869319235101,0.959139196837469,"PBLUP","not_genotyped"
3,1,"447647",0.81275473501212,0.228531111647368,0.846800989249735,"PBLUP","genotyped"
3,1,"450770",0.934068960368675,0.557708249447757,1.17597812705012,"PBLUP","genotyped"
3,1,"455538",0.893796481556365,0.383616519827599,1.00188639742997,"PBLUP","genotyped"
3,1,"460693",-0.0645744970475065,0.617227620137329,1.2354974977397,"PBLUP","genotyped"
3,1,"471785",-0.572480086760283,0.318433540488042,0.936703418090409,"PBLUP","genotyped"
3,1,"601577",0.10942378603136,0.486009480048317,1.10427935765068,"PBLUP","not_genotyped"
3,1,"624629",0.195669600110703,0.239343110705191,0.857612988307559,"PBLUP","not_genotyped"
3,1,"62526",0.824197168324818,-0.527641270721034,0.0906286068813341,"PBLUP","not_genotyped"
3,1,"62603",0.702777069919819,0.00693675594860432,0.625206633550972,"PBLUP","genotyped"
3,1,"62633",0.381183613228116,0.176282799579922,0.79455267718229,"PBLUP","genotyped"
3,1,"6387",-1.05082266371498,-0.226167264956301,0.392102612646067,"PBLUP","not_genotyped"
3,1,"665788",1.08817125442055,0.0730825593799134,0.691352436982281,"PBLUP","genotyped"
3,1,"670602",0.367517845898074,-0.115311731548244,0.502958146054123,"PBLUP","genotyped"
3,1,"743034",0.0299619911331384,0.259162723435865,0.877432601038233,"PBLUP","genotyped"
3,1,"770285",-0.722681366180996,0.250812061123206,0.869081938725573,"PBLUP","genotyped"
3,1,"77331",0.929996920043869,0.0554961655346718,0.673766043137039,"PBLUP","not_genotyped"
3,1,"80506",-0.60552876603639,-0.00517210803556001,0.613097769566808,"PBLUP","genotyped"
3,1,"80662",0.145094859276641,-0.210062180511102,0.408207697091265,"PBLUP","not_genotyped"
3,1,"80836",0.898780658913924,0.251955889940471,0.870225767542838,"PBLUP","genotyped"
3,1,"835884",0.0390507851381006,-0.162756288720091,0.455513588882277,"PBLUP","genotyped"
3,1,"85646",1.96339116959193,0.805868495805333,1.4241383734077,"PBLUP","genotyped"
3,1,"85685",1.71138073797047,-1.0120382996101,-0.393768422007733,"PBLUP","not_genotyped"
3,1,"85711",0.512392896573941,0.0363987610429798,0.654668638645347,"PBLUP","not_genotyped"
3,1,"89762",1.31910480532082,0.0454418787928996,0.663711756395267,"PBLUP","not_genotyped"
3,1,"916978",-0.0828905344284735,-0.0540667816263143,0.564203095976053,"PBLUP","not_genotyped"
3,1,"96501",1.01414970539627,-0.270477422289806,0.347792455312562,"PBLUP","genotyped"
3,1,"96638",2.39853754278111,0.41003083746362,1.02830071506599,"PBLUP","genotyped"
3,1,"1064007",1.13284153678365,0.332290336342222,1.03764218018727,"ssGBLUP","genotyped"
3,1,"107052",1.20011164294941,0.346402822694306,1.05175466653935,"ssGBLUP","not_genotyped"
3,1,"108014",0.988813470495336,-0.0190037430938285,0.686348100751214,"ssGBLUP","not_genotyped"
3,1,"1195398",-0.610822418458635,0.309997789973782,1.01534963381882,"ssGBLUP","not_genotyped"
3,1,"1290408",-0.336269171599065,-0.33602723599962,0.369324607845422,"ssGBLUP","genotyped"
3,1,"1298199",-1.01373452043667,-0.300651828044243,0.4047000158008,"ssGBLUP","genotyped"
3,1,"1300939",-0.969707620444892,0.200583883628764,0.905935727473807,"ssGBLUP","genotyped"
3,1,"1302311",-0.892656473418955,-0.053266317984585,0.652085525860458,"ssGBLUP","not_genotyped"
3,1,"13302",1.17418089016105,-0.867699415962231,-0.162347572117188,"ssGBLUP","not_genotyped"
3,1,"143058",0.638056060997389,-0.44612156801474,0.259230275830303,"ssGBLUP","genotyped"
3,1,"1439621",-0.00867352746859992,-0.00720746088506929,0.698144382959973,"ssGBLUP","not_genotyped"
3,1,"1477994",1.17454737379029,0.11557600597569,0.820927849820733,"ssGBLUP","not_genotyped"
3,1,"1478078",0.125092997201205,-0.253908787494536,0.451443056350506,"ssGBLUP","not_genotyped"
3,1,"1541043",0.354414020132854,-0.120157279700847,0.585194564144196,"ssGBLUP","not_genotyped"
3,1,"16004",-0.485240694841686,-0.503203738431671,0.202148105413372,"ssGBLUP","genotyped"
3,1,"16122",0.858573332746812,0.521527069453975,1.22687891329902,"ssGBLUP","genotyped"
3,1,"1637620",0.296908666665976,-0.0440227384994469,0.661329105345596,"ssGBLUP","not_genotyped"
3,1,"1642486",-0.246480682437141,-0.324299200162759,0.381052643682284,"ssGBLUP","genotyped"
3,1,"1649008",-1.20229441971703,0.522292793938324,1.22764463778337,"ssGBLUP","genotyped"
3,1,"1673085",-1.12012879004314,-0.752138652434963,-0.0467868085899199,"ssGBLUP","not_genotyped"
3,1,"168524",0.867116473348251,0.501138927444676,1.20649077128972,"ssGBLUP","not_genotyped"
3,1,"168924",0.175985357180603,0.15404057785731,0.859392421702352,"ssGBLUP","not_genotyped"
3,1,"168939",0.325942314181827,-0.141571665187485,0.563780178657558,"ssGBLUP","genotyped"
3,1,"1700001",-1.70234911568359,0.508131803315901,1.21348364716094,"ssGBLUP","genotyped"
3,1,"170862",0.323262911648107,-0.66598697488432,0.0393648689607226,"ssGBLUP","not_genotyped"
3,1,"1799716",-0.931715484214473,-0.926906257007172,-0.221554413162129,"ssGBLUP","not_genotyped"
3,1,"1823515",0.462616275643541,0.409661384428924,1.11501322827397,"ssGBLUP","not_genotyped"
3,1,"1831374",0.414558055730206,-0.705351843845043,0,"ssGBLUP","not_genotyped"
3,1,"1987795",0.0771325062556649,-0.48435052497028,0.221001318874762,"ssGBLUP","genotyped"
3,1,"20424",3.27892080508434,0.603615881658405,1.30896772550345,"ssGBLUP","genotyped"
3,1,"214589",0.623722479054078,0.340544976724603,1.04589682056965,"ssGBLUP","not_genotyped"
3,1,"2163595",0.229736289468012,0.905735228003656,1.6110870718487,"ssGBLUP","genotyped"
3,1,"2163607",0.440545817083104,0.245603354487868,0.950955198332911,"ssGBLUP","not_genotyped"
3,1,"217748",0.578498399206806,-0.257124195537899,0.448227648307144,"ssGBLUP","genotyped"
3,1,"217754",-0.26662913796427,-0.683263919213496,0.0220879246315464,"ssGBLUP","genotyped"
3,1,"2201664",-1.46839411086231,-0.909367427925069,-0.204015584080027,"ssGBLUP","genotyped"
3,1,"2448314",0.700333845724937,0.248118518107624,0.953470361952666,"ssGBLUP","not_genotyped"
3,1,"2464631",-0.140656498476139,-0.668692009482837,0.0366598343622057,"ssGBLUP","genotyped"
3,1,"2485915",-1.84783497240818,-1.62528194603963,-0.919930102194587,"ssGBLUP","not_genotyped"
3,1,"2621166",-0.628633522839326,0.379537688342587,1.08488953218763,"ssGBLUP","genotyped"
3,1,"2668072",-0.291427863542325,-0.705351843845043,0,"ssGBLUP","not_genotyped"
3,1,"294670",0.886857724842899,-0.0418858158151508,0.663466028029892,"ssGBLUP","genotyped"
3,1,"294705",0.782361026027785,-0.295344316657678,0.410007527187365,"ssGBLUP","genotyped"
3,1,"294745",0.374236712434001,-0.787029637901805,-0.0816777940567622,"ssGBLUP","not_genotyped"
3,1,"295190",0.249534549527208,0.30910855121232,1.01446039505736,"ssGBLUP","not_genotyped"
3,1,"295191",0.107982283756379,0.30965808909191,1.01500993293695,"ssGBLUP","genotyped"
3,1,"30709",0.345105335950353,-0.473079337880559,0.232272505964483,"ssGBLUP","genotyped"
3,1,"321131",0.159412153058651,0.0435350841515771,0.74888692799662,"ssGBLUP","genotyped"
3,1,"321614",-0.152489847660019,0.251682018846218,0.957033862691261,"ssGBLUP","not_genotyped"
3,1,"326413",0.516912861334475,0.54152522263754,1.24687706648258,"ssGBLUP","not_genotyped"
3,1,"341985",-0.539431407484175,0.0417056915098631,0.747057535354906,"ssGBLUP","genotyped"
3,1,"342263",0.0796897475796432,0.307331441245026,1.01268328509007,"ssGBLUP","genotyped"
3,1,"342336",0.561314389036135,0.056607157980939,0.761959001825982,"ssGBLUP","not_genotyped"
3,1,"355411",0.893902354604809,0.216047084829252,0.921398928674294,"ssGBLUP","genotyped"
3,1,"358856",1.40401499017363,0.114743443589056,0.820095287434099,"ssGBLUP","not_genotyped"
3,1,"369564",0.0694933586063328,-0.197123005377088,0.508228838467955,"ssGBLUP","genotyped"
3,1,"369673",1.21913621534689,0.128711294584416,0.834063138429458,"ssGBLUP","genotyped"
3,1,"377276",0.137292830014317,-0.208080253273835,0.497271590571207,"ssGBLUP","not_genotyped"
3,1,"3825284",-1.51471764159728,0.228126051165799,0.933477895010841,"ssGBLUP","genotyped"
3,1,"3826177",-0.880505505089741,-0.316572141474268,0.388779702370774,"ssGBLUP","genotyped"
3,1,"3826178",-1.22189722184064,-0.982656671007257,-0.277304827162214,"ssGBLUP","genotyped"
3,1,"3827757",-1.21925853971017,-0.532099460149452,0.173252383695591,"ssGBLUP","genotyped"
3,1,"3827762",-2.04514161430622,-0.0629924532074403,0.642359390637602,"ssGBLUP","not_genotyped"
3,1,"3830114",-1.8422725653245,-0.165299309221331,0.540052534623712,"ssGBLUP","genotyped"
3,1,"3830162",-1.80525771877203,-0.00380383974093335,0.701548004104109,"ssGBLUP","not_genotyped"
3,1,"3830206",-1.74084618491428,-0.000352660464396415,0.704999183380646,"ssGBLUP","not_genotyped"
3,1,"3855110",-1.74344414664151,-0.0478174165758783,0.657534427269164,"ssGBLUP","not_genotyped"
3,1,"3863169",-2.14879132873378,-0.589250131262923,0.11610171258212,"ssGBLUP","not_genotyped"
3,1,"3863186",-1.46247336423005,-0.513318162297595,0.192033681547448,"ssGBLUP","genotyped"
3,1,"390845",0.463976337112026,-0.705351843845043,0,"ssGBLUP","not_genotyped"
3,1,"4057142",-0.895572054291514,0.64279098346246,1.3481428273075,"ssGBLUP","genotyped"
3,1,"4057151",-1.10752175319755,-0.213710235138651,0.491641608706391,"ssGBLUP","not_genotyped"
3,1,"412956",0.406967772564773,0.614642841162658,1.3199946850077,"ssGBLUP","genotyped"
3,1,"413317",-0.769851881303522,-0.0607245423318648,0.644627301513178,"ssGBLUP","not_genotyped"
3,1,"41484",0.282216745174085,-0.914665476648874,-0.209313632803831,"ssGBLUP","genotyped"
3,1,"41542",1.1421909413694,0.164357616543109,0.869709460388152,"ssGBLUP","not_genotyped"
3,1,"416396",2.27981313507113,1.11784559691842,1.82319744076346,"ssGBLUP","not_genotyped"
3,1,"41709",0.00451173910311468,0.0714315756929155,0.776783419537958,"ssGBLUP","not_genotyped"
3,1,"41761",0.535644246828573,0.576759561127362,1.2821114049724,"ssGBLUP","genotyped"
3,1,"418273",-0.9041722034575,-0.00619860291379171,0.699153240931251,"ssGBLUP","not_genotyped"
3,1,"419150",-0.1259401447423,0.410434596247257,1.1157864400923,"ssGBLUP","genotyped"
3,1,"419152",-0.16824864371701,0.243994593903439,0.949346437748482,"ssGBLUP","genotyped"
3,1,"42076",0.0253850178080586,0.378269758266641,1.08362160211168,"ssGBLUP","genotyped"
3,1,"421064",0.142985542388393,0.620183075592458,1.3255349194375,"ssGBLUP","not_genotyped"
3,1,"421340",1.00852214566739,0.496528064512105,1.20187990835715,"ssGBLUP","not_genotyped"
3,1,"422181",1.75413716138091,0.152768146316782,0.858119990161825,"ssGBLUP","genotyped"
3,1,"42237",-1.09225974606019,0.561946727189451,1.26729857103449,"ssGBLUP","genotyped"
3,1,"423143",-1.25577659734301,-0.365429736279931,0.339922107565112,"ssGBLUP","not_genotyped"
3,1,"423348",-1.47401352651054,0.014156927712567,0.71950877155761,"ssGBLUP","not_genotyped"
3,1,"424702",0.939248595661824,0.835950965811885,1.54130280965693,"ssGBLUP","not_genotyped"
3,1,"427520",-0.0624000275140612,0.593438933771583,1.29879077761663,"ssGBLUP","genotyped"
3,1,"429101",-1.68124780272046,0.385811251481636,1.09116309532668,"ssGBLUP","genotyped"
3,1,"431424",0.771415381634711,0.349325021521584,1.05467686536663,"ssGBLUP","not_genotyped"
3,1,"447647",0.81275473501212,0.465969674501277,1.17132151834632,"ssGBLUP","genotyped"
3,1,"450770",0.934068960368675,0.542685697694764,1.24803754153981,"ssGBLUP","genotyped"
3,1,"455538",0.893796481556365,-0.0603510460358074,0.645000797809235,"ssGBLUP","genotyped"
3,1,"460693",-0.0645744970475065,0.746820768492783,1.45217261233783,"ssGBLUP","genotyped"
3,1,"471785",-0.572480086760283,0.366670730321482,1.07202257416653,"ssGBLUP","genotyped"
3,1,"601577",0.10942378603136,0.350219932571323,1.05557177641637,"ssGBLUP","not_genotyped"
3,1,"624629",0.195669600110703,0.195522674653057,0.9008745184981,"ssGBLUP","not_genotyped"
3,1,"62526",0.824197168324818,-0.392463439575614,0.312888404269428,"ssGBLUP","not_genotyped"
3,1,"62603",0.702777069919819,-0.235420891247051,0.469930952597991,"ssGBLUP","genotyped"
3,1,"62633",0.381183613228116,-0.0156483210220659,0.689703522822977,"ssGBLUP","genotyped"
3,1,"6387",-1.05082266371498,-0.329230222624463,0.37612162122058,"ssGBLUP","not_genotyped"
3,1,"665788",1.08817125442055,-0.297120321381197,0.408231522463846,"ssGBLUP","genotyped"
3,1,"670602",0.367517845898074,-0.414181508128234,0.291170335716809,"ssGBLUP","genotyped"
3,1,"743034",0.0299619911331384,0.278287059743424,0.983638903588467,"ssGBLUP","genotyped"
3,1,"770285",-0.722681366180996,0.0394878624889612,0.744839706334004,"ssGBLUP","genotyped"
3,1,"77331",0.929996920043869,0.0884350050392227,0.793786848884265,"ssGBLUP","not_genotyped"
3,1,"80506",-0.60552876603639,0.173634515920183,0.878986359765225,"ssGBLUP","genotyped"
3,1,"80662",0.145094859276641,-0.308391242563765,0.396960601281278,"ssGBLUP","not_genotyped"
3,1,"80836",0.898780658913924,-0.0196450838301433,0.685706760014899,"ssGBLUP","genotyped"
3,1,"835884",0.0390507851381006,-0.252408984983536,0.452942858861506,"ssGBLUP","genotyped"
3,1,"85646",1.96339116959193,0.402874500266379,1.10822634411142,"ssGBLUP","genotyped"
3,1,"85685",1.71138073797047,-0.908792513494707,-0.203440669649664,"ssGBLUP","not_genotyped"
3,1,"85711",0.512392896573941,0.0218156497061442,0.727167493551187,"ssGBLUP","not_genotyped"
3,1,"89762",1.31910480532082,0.0978181348533236,0.803169978698366,"ssGBLUP","not_genotyped"
3,1,"916978",-0.0828905344284735,0.00620979595347915,0.711561639798522,"ssGBLUP","not_genotyped"
3,1,"96501",1.01414970539627,0.266571398695432,0.971923242540474,"ssGBLUP","genotyped"
3,1,"96638",2.39853754278111,-0.0902243389104411,0.615127504934602,"ssGBLUP","genotyped"
3,2,"1066175",0.208789714037222,0.483205124268216,0.968314897209362,"PBLUP","genotyped"
3,2,"1066279",-0.0723113736646331,0.43530419371803,0.920413966659176,"PBLUP","genotyped"
3,2,"1066569",0.0567723046316471,0.451373068354172,0.936482841295318,"PBLUP","genotyped"
3,2,"106875",1.61799256516142,0.302833377525265,0.787943150466411,"PBLUP","genotyped"
3,2,"1082612",1.48183982486128,0.388097424095299,0.873207197036445,"PBLUP","genotyped"
3,2,"12867",1.68576760432745,0.438337703044973,0.923447475986119,"PBLUP","genotyped"
3,2,"1291472",-0.666690811714943,-0.176849310495776,0.30826046244537,"PBLUP","genotyped"
3,2,"1291739",-0.949941936708294,-0.29396009132082,0.191149681620326,"PBLUP","not_genotyped"
3,2,"1295736",-1.67898374829987,-0.403105963225982,0.0820038097151635,"PBLUP","genotyped"
3,2,"1298211",-0.0176238721025183,-0.364037566268847,0.121072206672299,"PBLUP","genotyped"
3,2,"1301798",-0.843441794053377,-0.395004887836185,0.090104885104961,"PBLUP","not_genotyped"
3,2,"13396",0.797614889084498,-0.171227524334892,0.313882248606254,"PBLUP","not_genotyped"
3,2,"13569",1.81367039092954,0.59825507678178,1.08336484972293,"PBLUP","not_genotyped"
3,2,"1360815",0.567332864636195,0.115074029003737,0.600183801944883,"PBLUP","genotyped"
3,2,"13728",0.950023214361255,0.229100088655105,0.714209861596251,"PBLUP","not_genotyped"
3,2,"143067",0.584313272790627,0.481439906535618,0.966549679476763,"PBLUP","not_genotyped"
3,2,"143989",1.07711159289838,-0.655678255157853,-0.170568482216708,"PBLUP","not_genotyped"
3,2,"144880",1.72531525996195,0.220116079389057,0.705225852330203,"PBLUP","not_genotyped"
3,2,"1477928",-0.894342298113424,0.093588961916694,0.57869873485784,"PBLUP","genotyped"
3,2,"1507236",-1.28624360305319,-0.135195137174861,0.349914635766284,"PBLUP","not_genotyped"
3,2,"1542708",-0.319158458154239,0.408031144213616,0.893140917154762,"PBLUP","not_genotyped"
3,2,"16262",2.59396290204909,0.0266705212116225,0.511780294152768,"PBLUP","not_genotyped"
3,2,"1637606",0.0470156960134162,-0.260650540878863,0.224459232062283,"PBLUP","genotyped"
3,2,"1642433",-0.124954710983697,-0.37503935784437,0.110070415096776,"PBLUP","not_genotyped"
3,2,"1671942",0.181808374845072,0.0900748348449522,0.575184607786098,"PBLUP","genotyped"
3,2,"167864",0.0653317333943847,-0.228786213238713,0.256323559702433,"PBLUP","not_genotyped"
3,2,"169164",-0.143881554413385,-0.66765013775714,-0.182540364815995,"PBLUP","not_genotyped"
3,2,"170744",-2.22424623595239,-1.47474789456433,-0.989638121623188,"PBLUP","not_genotyped"
3,2,"1816016",-0.218693079260679,0.0707252136808166,0.555834986621962,"PBLUP","not_genotyped"
3,2,"1817540",0.0796490271763938,0.263527659254629,0.748637432195774,"PBLUP","genotyped"
3,2,"19630",-0.519046773618208,-0.0704594231062373,0.414650349834908,"PBLUP","not_genotyped"
3,2,"1982528",-0.731957474040898,-0.479548247473619,0.00556152546752689,"PBLUP","genotyped"
3,2,"20010",0.985775728413032,-0.0993131186831935,0.385796654257952,"PBLUP","genotyped"
3,2,"20585",-1.30511343791833,0.0820442908978231,0.567154063838969,"PBLUP","not_genotyped"
3,2,"2151597",0.577415236480409,0.0778495968910358,0.562959369832181,"PBLUP","genotyped"
3,2,"2163596",0.718584730460706,-0.485109772941146,0,"PBLUP","genotyped"
3,2,"2167",0.341815127367912,-0.0788489118353088,0.406260861105837,"PBLUP","genotyped"
3,2,"218794",0.156537292589339,0.142473628343494,0.627583401284639,"PBLUP","not_genotyped"
3,2,"2201662",-1.78674622345547,0.37522490790611,0.860334680847255,"PBLUP","not_genotyped"
3,2,"2450184",-1.89225278827114,-0.21666194153758,0.268447831403566,"PBLUP","not_genotyped"
3,2,"2484301",-2.02592158397315,0.409300707157629,0.894410480098775,"PBLUP","genotyped"
3,2,"2484313",-1.06314465773784,0.409300707157629,0.894410480098775,"PBLUP","not_genotyped"
3,2,"2485148",-1.82192050778113,-0.29948406646338,0.185625706477766,"PBLUP","genotyped"
3,2,"2485913",-2.15730189301262,-1.44528821445166,-0.960178441510513,"PBLUP","genotyped"
3,2,"2586622",-0.103641651923674,0.0378310567678467,0.522940829708992,"PBLUP","not_genotyped"
3,2,"2588632",-0.466631470557333,-0.0355283947244533,0.449581378216692,"PBLUP","not_genotyped"
3,2,"2601500",0.294286272696802,0.162434542070622,0.647544315011768,"PBLUP","not_genotyped"
3,2,"2621094",-0.692996192213174,0.0706046813166487,0.555714454257794,"PBLUP","not_genotyped"
3,2,"292907",-0.32430551712479,0.244374260098953,0.729484033040099,"PBLUP","not_genotyped"
3,2,"294834",-0.157009812420551,0.287443974284644,0.772553747225789,"PBLUP","not_genotyped"
3,2,"294910",-0.347442850250326,0.139983971447626,0.625093744388772,"PBLUP","not_genotyped"
3,2,"294940",-0.428965097552897,0.157557445925287,0.642667218866432,"PBLUP","genotyped"
3,2,"295091",0.609291168142973,0.392089858603495,0.87719963154464,"PBLUP","not_genotyped"
3,2,"295146",1.00396960458425,0.266121318008424,0.751231090949569,"PBLUP","genotyped"
3,2,"321833",1.02641469085457,0.415318780754379,0.900428553695525,"PBLUP","not_genotyped"
3,2,"323172",1.15157292227774,0.220162091267232,0.705271864208378,"PBLUP","genotyped"
3,2,"342090",0.610089288046636,0.339456392083555,0.824566165024701,"PBLUP","not_genotyped"
3,2,"342218",0.0830206765653325,0.0792902785017999,0.564400051442946,"PBLUP","not_genotyped"
3,2,"342325",0.252409409996521,0.184277067605314,0.669386840546459,"PBLUP","not_genotyped"
3,2,"3578468",-1.70247942097398,-0.016312359364265,0.468797413576881,"PBLUP","genotyped"
3,2,"359354",0.595723129780728,0.406854350544,0.891964123485145,"PBLUP","not_genotyped"
3,2,"367751",1.8362539265709,0.544935085115447,1.03004485805659,"PBLUP","genotyped"
3,2,"369670",0.105807814222934,-0.0415167960972636,0.443592976843882,"PBLUP","not_genotyped"
3,2,"369682",1.30000693619749,0.66580715024352,1.15091692318467,"PBLUP","not_genotyped"
3,2,"376790",-1.0649282114001,0.0226872684320807,0.507797041373226,"PBLUP","genotyped"
3,2,"377246",1.11277452206301,0.415318780754379,0.900428553695525,"PBLUP","not_genotyped"
3,2,"3825285",-0.503573020383953,0.276072725632685,0.761182498573831,"PBLUP","genotyped"
3,2,"3827770",-2.31129831401605,-0.768621458939806,-0.283511685998661,"PBLUP","genotyped"
3,2,"3830032",-1.50356025110732,0.198052759276387,0.683162532217533,"PBLUP","not_genotyped"
3,2,"3830128",-2.00145676570173,-0.420374362605748,0.0647354103353982,"PBLUP","not_genotyped"
3,2,"3830167",-1.78563862848713,-0.226265906451504,0.258843866489642,"PBLUP","not_genotyped"
3,2,"3831054",-0.0613168647876624,-0.050924981297161,0.434184791643985,"PBLUP","not_genotyped"
3,2,"3855090",-2.01515510935437,0.457707225700853,0.942816998641999,"PBLUP","not_genotyped"
3,2,"3881",0.998317612613427,0.851042059399303,1.33615183234045,"PBLUP","genotyped"
3,2,"393281",1.14763118724333,0.0332277197111956,0.518337492652341,"PBLUP","genotyped"
3,2,"4066585",-1.05212571661892,-0.236328214057591,0.248781558883555,"PBLUP","not_genotyped"
3,2,"412450",-0.371948388924996,0.24450311621518,0.729612889156326,"PBLUP","genotyped"
3,2,"41669",-0.280189032245867,0.0339550310207722,0.519064803961918,"PBLUP","genotyped"
3,2,"41804",-0.456435081584024,-0.114916131013954,0.370193641927191,"PBLUP","genotyped"
3,2,"420213",-0.75600694419919,0.141349065155524,0.62645883809667,"PBLUP","not_genotyped"
3,2,"421018",0.561705304907316,0.371411813397862,0.856521586339008,"PBLUP","not_genotyped"
3,2,"421337",0.918302020231034,0.492358956628564,0.97746872956971,"PBLUP","not_genotyped"
3,2,"421749",0.130883438543077,-0.0704594231062373,0.414650349834908,"PBLUP","genotyped"
3,2,"422381",-0.397260191583976,0.0865362854707743,0.57164605841192,"PBLUP","not_genotyped"
3,2,"423200",1.34527988052866,0.101892778105695,0.587002551046841,"PBLUP","genotyped"
3,2,"424673",1.15622319232867,0.571287682627667,1.05639745556881,"PBLUP","genotyped"
3,2,"424689",1.4606977914949,0.571287682627667,1.05639745556881,"PBLUP","not_genotyped"
3,2,"427650",-0.151585854707912,0.066594962199224,0.55170473514037,"PBLUP","not_genotyped"
3,2,"427918",-0.258297743459721,-0.177888090673703,0.307221682267443,"PBLUP","not_genotyped"
3,2,"429168",-0.217951967921566,-0.603814143330036,-0.11870437038889,"PBLUP","not_genotyped"
3,2,"429247",-1.04267858306538,0.501587881142286,0.986697654083431,"PBLUP","not_genotyped"
3,2,"429726",0.361499370298013,0.373567356159691,0.858677129100837,"PBLUP","genotyped"
3,2,"430048",-0.567732087741562,0.19023558144151,0.675345354382656,"PBLUP","genotyped"
3,2,"43154",0.0307112465529028,-0.0141134820003105,0.470996290940835,"PBLUP","genotyped"
3,2,"434148",1.18010978087397,-0.716771353412923,-0.231661580471777,"PBLUP","genotyped"
3,2,"438163",0.788835570144222,-0.0953908750318189,0.389718897909327,"PBLUP","genotyped"
3,2,"438273",-1.23332336699204,0.615192568266779,1.10030234120792,"PBLUP","not_genotyped"
3,2,"443483",0.658522135669852,0.140832562357663,0.625942335298809,"PBLUP","not_genotyped"
3,2,"457982",-1.10227696525921,0.0564214445401144,0.54153121748126,"PBLUP","not_genotyped"
3,2,"5131",-0.967639023959892,0.0828942279000223,0.568004000841168,"PBLUP","genotyped"
3,2,"609368",1.70775662208139,0.348344922509238,0.833454695450384,"PBLUP","not_genotyped"
3,2,"609448",1.15351121347235,0.348344922509238,0.833454695450384,"PBLUP","not_genotyped"
3,2,"62256",0.502253516165182,0.364938307932829,0.850048080873975,"PBLUP","not_genotyped"
3,2,"64873",0.160755926365836,-0.647648927159958,-0.162539154218812,"PBLUP","genotyped"
3,2,"653215",1.16681049717316,0.212613028731725,0.697722801672871,"PBLUP","genotyped"
3,2,"675238",0.418499790764617,0.193897823881016,0.679007596822161,"PBLUP","not_genotyped"
3,2,"68052",-0.150641141352559,0.220367572731794,0.705477345672939,"PBLUP","not_genotyped"
3,2,"692904",-1.4323891303104,-0.455281348198592,0.029828424742554,"PBLUP","genotyped"
3,2,"730613",-0.860454778530405,0.176522051208454,0.6616318241496,"PBLUP","not_genotyped"
3,2,"743023",-0.0986411864048143,0.235709182239194,0.72081895518034,"PBLUP","not_genotyped"
3,2,"77230",-0.321023452622998,-0.0485180789884111,0.436591693952735,"PBLUP","genotyped"
3,2,"784135",-0.0531727841380565,0.303415382418638,0.788525155359783,"PBLUP","genotyped"
3,2,"85244",0.907828732515639,0.416021624719827,0.901131397660973,"PBLUP","not_genotyped"
3,2,"86394",0.108348767385612,-0.0167507481757745,0.468359024765371,"PBLUP","not_genotyped"
3,2,"86783",-1.08113493189282,-0.0664880969703202,0.418621675970826,"PBLUP","not_genotyped"
3,2,"876108",0.549358878642511,-0.460223906700551,0.0248858662405948,"PBLUP","genotyped"
3,2,"88809",-0.115605306397947,-0.123008206405418,0.362101566535727,"PBLUP","genotyped"
3,2,"89242",-0.470361459494854,-0.0678031292440965,0.417306643697049,"PBLUP","not_genotyped"
3,2,"97120",-0.430341447182682,0.424369613560168,0.909479386501314,"PBLUP","not_genotyped"
3,2,"97487",-0.677009361897995,0.155974579669886,0.641084352611032,"PBLUP","genotyped"
3,2,"1066175",0.208789714037222,0.379387785809273,0.78170885891234,"ssGBLUP","genotyped"
3,2,"1066279",-0.0723113736646331,0.370144959787547,0.772466032890614,"ssGBLUP","genotyped"
3,2,"1066569",0.0567723046316471,0.61000994732355,1.01233102042662,"ssGBLUP","genotyped"
3,2,"106875",1.61799256516142,0.144405100744424,0.546726173847491,"ssGBLUP","genotyped"
3,2,"1082612",1.48183982486128,0.0285848445438978,0.430905917646965,"ssGBLUP","genotyped"
3,2,"12867",1.68576760432745,1.19255593680038,1.59487700990345,"ssGBLUP","genotyped"
3,2,"1291472",-0.666690811714943,-0.261280902442825,0.141040170660243,"ssGBLUP","genotyped"
3,2,"1291739",-0.949941936708294,-0.185008896687901,0.217312176415166,"ssGBLUP","not_genotyped"
3,2,"1295736",-1.67898374829987,-0.322334389225317,0.0799866838777504,"ssGBLUP","genotyped"
3,2,"1298211",-0.0176238721025183,-0.278638742293413,0.123682330809654,"ssGBLUP","genotyped"
3,2,"1301798",-0.843441794053377,-0.440042503027742,-0.0377214299246753,"ssGBLUP","not_genotyped"
3,2,"13396",0.797614889084498,-0.404303099878924,-0.00198202677585722,"ssGBLUP","not_genotyped"
3,2,"13569",1.81367039092954,0.554287020292494,0.956608093395561,"ssGBLUP","not_genotyped"
3,2,"1360815",0.567332864636195,0.175240990684499,0.577562063787567,"ssGBLUP","genotyped"
3,2,"13728",0.950023214361255,0.160609486833239,0.562930559936307,"ssGBLUP","not_genotyped"
3,2,"143067",0.584313272790627,0.270911087587449,0.673232160690516,"ssGBLUP","not_genotyped"
3,2,"143989",1.07711159289838,-0.443703518009028,-0.0413824449059612,"ssGBLUP","not_genotyped"
3,2,"144880",1.72531525996195,0.362989610323795,0.765310683426863,"ssGBLUP","not_genotyped"
3,2,"1477928",-0.894342298113424,0.530212758749869,0.932533831852936,"ssGBLUP","genotyped"
3,2,"1507236",-1.28624360305319,-0.371481022164893,0.0308400509381739,"ssGBLUP","not_genotyped"
3,2,"1542708",-0.319158458154239,0.54176115485602,0.944082227959087,"ssGBLUP","not_genotyped"
3,2,"16262",2.59396290204909,0.00611606998502595,0.408437143088093,"ssGBLUP","not_genotyped"
3,2,"1637606",0.0470156960134162,-0.55065786134691,-0.148336788243843,"ssGBLUP","genotyped"
3,2,"1642433",-0.124954710983697,-0.522273553938761,-0.119952480835693,"ssGBLUP","not_genotyped"
3,2,"1671942",0.181808374845072,0.297508300212957,0.699829373316024,"ssGBLUP","genotyped"
3,2,"167864",0.0653317333943847,-0.307796810846393,0.094524262256674,"ssGBLUP","not_genotyped"
3,2,"169164",-0.143881554413385,-0.452927800684973,-0.0506067275819058,"ssGBLUP","not_genotyped"
3,2,"170744",-2.22424623595239,-1.35720222838139,-0.95488115527832,"ssGBLUP","not_genotyped"
3,2,"1816016",-0.218693079260679,0.0568443118665563,0.459165384969623,"ssGBLUP","not_genotyped"
3,2,"1817540",0.0796490271763938,0.232885359979292,0.635206433082359,"ssGBLUP","genotyped"
3,2,"19630",-0.519046773618208,-0.0471258367255312,0.355195236377536,"ssGBLUP","not_genotyped"
3,2,"1982528",-0.731957474040898,-0.500471594957507,-0.0981505218544401,"ssGBLUP","genotyped"
3,2,"20010",0.985775728413032,-0.224597788834461,0.177723284268607,"ssGBLUP","genotyped"
3,2,"20585",-1.30511343791833,0.102412362632045,0.504733435735112,"ssGBLUP","not_genotyped"
3,2,"2151597",0.577415236480409,-0.148080540784267,0.2542405323188,"ssGBLUP","genotyped"
3,2,"2163596",0.718584730460706,0.418164800588232,0.820485873691299,"ssGBLUP","genotyped"
3,2,"2167",0.341815127367912,0.0337805431847365,0.436101616287804,"ssGBLUP","genotyped"
3,2,"218794",0.156537292589339,0.0917253802907451,0.494046453393812,"ssGBLUP","not_genotyped"
3,2,"2201662",-1.78674622345547,-0.295535648696612,0.106785424406455,"ssGBLUP","not_genotyped"
3,2,"2450184",-1.89225278827114,-0.244391631369979,0.157929441733088,"ssGBLUP","not_genotyped"
3,2,"2484301",-2.02592158397315,0.234831087855663,0.637152160958731,"ssGBLUP","genotyped"
3,2,"2484313",-1.06314465773784,0.259815448662763,0.66213652176583,"ssGBLUP","not_genotyped"
3,2,"2485148",-1.82192050778113,-0.536019772550573,-0.133698699447506,"ssGBLUP","genotyped"
3,2,"2485913",-2.15730189301262,-1.29929468959852,-0.896973616495448,"ssGBLUP","genotyped"
3,2,"2586622",-0.103641651923674,0.0890924290825438,0.491413502185611,"ssGBLUP","not_genotyped"
3,2,"2588632",-0.466631470557333,0.0164083529476544,0.418729426050721,"ssGBLUP","not_genotyped"
3,2,"2601500",0.294286272696802,0.261768824628167,0.664089897731234,"ssGBLUP","not_genotyped"
3,2,"2621094",-0.692996192213174,0.187681721368133,0.5900027944712,"ssGBLUP","not_genotyped"
3,2,"292907",-0.32430551712479,0.209047442361815,0.611368515464882,"ssGBLUP","not_genotyped"
3,2,"294834",-0.157009812420551,0.425466362449564,0.827787435552631,"ssGBLUP","not_genotyped"
3,2,"294910",-0.347442850250326,-0.0817595241583678,0.320561548944699,"ssGBLUP","not_genotyped"
3,2,"294940",-0.428965097552897,0.0918700573170141,0.494191130420081,"ssGBLUP","genotyped"
3,2,"295091",0.609291168142973,0.329255182955113,0.73157625605818,"ssGBLUP","not_genotyped"
3,2,"295146",1.00396960458425,0.535860175397107,0.938181248500174,"ssGBLUP","genotyped"
3,2,"321833",1.02641469085457,0.595421921133348,0.997742994236415,"ssGBLUP","not_genotyped"
3,2,"323172",1.15157292227774,-0.335648979844901,0.0666720932581659,"ssGBLUP","genotyped"
3,2,"342090",0.610089288046636,0.257683505314979,0.660004578418046,"ssGBLUP","not_genotyped"
3,2,"342218",0.0830206765653325,0.0282211270330466,0.430542200136114,"ssGBLUP","not_genotyped"
3,2,"342325",0.252409409996521,0.0399270801919364,0.442248153295003,"ssGBLUP","not_genotyped"
3,2,"3578468",-1.70247942097398,0.202861796154431,0.605182869257499,"ssGBLUP","genotyped"
3,2,"359354",0.595723129780728,0.49549823802892,0.897819311131987,"ssGBLUP","not_genotyped"
3,2,"367751",1.8362539265709,0.869552903375632,1.2718739764787,"ssGBLUP","genotyped"
3,2,"369670",0.105807814222934,0.0421588191353785,0.444479892238446,"ssGBLUP","not_genotyped"
3,2,"369682",1.30000693619749,0.584947008939333,0.9872680820424,"ssGBLUP","not_genotyped"
3,2,"376790",-1.0649282114001,-0.0127673375812403,0.389553735521827,"ssGBLUP","genotyped"
3,2,"377246",1.11277452206301,0.595421921133354,0.997742994236421,"ssGBLUP","not_genotyped"
3,2,"3825285",-0.503573020383953,0.191276822802291,0.593597895905358,"ssGBLUP","genotyped"
3,2,"3827770",-2.31129831401605,-0.536911177403381,-0.134590104300314,"ssGBLUP","genotyped"
3,2,"3830032",-1.50356025110732,0.130674628948498,0.532995702051565,"ssGBLUP","not_genotyped"
3,2,"3830128",-2.00145676570173,-0.740939604469461,-0.338618531366394,"ssGBLUP","not_genotyped"
3,2,"3830167",-1.78563862848713,-0.432281753796816,-0.0299606806937485,"ssGBLUP","not_genotyped"
3,2,"3831054",-0.0613168647876624,-0.0808755423920726,0.321445530710995,"ssGBLUP","not_genotyped"
3,2,"3855090",-2.01515510935437,0.408739943895715,0.811061016998782,"ssGBLUP","not_genotyped"
3,2,"3881",0.998317612613427,0.563142048507569,0.965463121610636,"ssGBLUP","genotyped"
3,2,"393281",1.14763118724333,0.21967925505295,0.622000328156017,"ssGBLUP","genotyped"
3,2,"4066585",-1.05212571661892,-0.142789631172906,0.259531441930161,"ssGBLUP","not_genotyped"
3,2,"412450",-0.371948388924996,-0.166955994652315,0.235365078450752,"ssGBLUP","genotyped"
3,2,"41669",-0.280189032245867,-0.243707853959984,0.158613219143083,"ssGBLUP","genotyped"
3,2,"41804",-0.456435081584024,0.0637478410978349,0.466068914200902,"ssGBLUP","genotyped"
3,2,"420213",-0.75600694419919,0.0907919755367689,0.493113048639836,"ssGBLUP","not_genotyped"
3,2,"421018",0.561705304907316,0.47446930034851,0.876790373451577,"ssGBLUP","not_genotyped"
3,2,"421337",0.918302020231034,0.430689922202653,0.83301099530572,"ssGBLUP","not_genotyped"
3,2,"421749",0.130883438543077,0.437214927002856,0.839536000105923,"ssGBLUP","genotyped"
3,2,"422381",-0.397260191583976,0.0805487011336645,0.482869774236732,"ssGBLUP","not_genotyped"
3,2,"423200",1.34527988052866,-0.180256557049698,0.222064516053369,"ssGBLUP","genotyped"
3,2,"424673",1.15622319232867,0.582483999664705,0.984805072767772,"ssGBLUP","genotyped"
3,2,"424689",1.4606977914949,0.584427104994864,0.986748178097931,"ssGBLUP","not_genotyped"
3,2,"427650",-0.151585854707912,0.0523124268449568,0.454633499948024,"ssGBLUP","not_genotyped"
3,2,"427918",-0.258297743459721,-0.113623754211818,0.288697318891249,"ssGBLUP","not_genotyped"
3,2,"429168",-0.217951967921566,0.0933402882240679,0.495661361327135,"ssGBLUP","not_genotyped"
3,2,"429247",-1.04267858306538,0.511170648065172,0.913491721168239,"ssGBLUP","not_genotyped"
3,2,"429726",0.361499370298013,0.411251047954818,0.813572121057885,"ssGBLUP","genotyped"
3,2,"430048",-0.567732087741562,-0.303671155329754,0.0986499177733132,"ssGBLUP","genotyped"
3,2,"43154",0.0307112465529028,0.394448865994119,0.796769939097186,"ssGBLUP","genotyped"
3,2,"434148",1.18010978087397,0.170883678680489,0.573204751783556,"ssGBLUP","genotyped"
3,2,"438163",0.788835570144222,0.371906764676996,0.774227837780063,"ssGBLUP","genotyped"
3,2,"438273",-1.23332336699204,0.668572031325396,1.07089310442846,"ssGBLUP","not_genotyped"
3,2,"443483",0.658522135669852,0.114963827559666,0.517284900662733,"ssGBLUP","not_genotyped"
3,2,"457982",-1.10227696525921,0.0483814023936306,0.450702475496698,"ssGBLUP","not_genotyped"
3,2,"5131",-0.967639023959892,-0.161165725900441,0.241155347202626,"ssGBLUP","genotyped"
3,2,"609368",1.70775662208139,0.363050245221764,0.765371318324831,"ssGBLUP","not_genotyped"
3,2,"609448",1.15351121347235,0.363050245221763,0.76537131832483,"ssGBLUP","not_genotyped"
3,2,"62256",0.502253516165182,0.443662204297201,0.845983277400268,"ssGBLUP","not_genotyped"
3,2,"64873",0.160755926365836,-0.452831093171705,-0.050510020068638,"ssGBLUP","genotyped"
3,2,"653215",1.16681049717316,-0.29823445409989,0.104086619003177,"ssGBLUP","genotyped"
3,2,"675238",0.418499790764617,0.192426338432345,0.594747411535412,"ssGBLUP","not_genotyped"
3,2,"68052",-0.150641141352559,0.331194414269723,0.73351548737279,"ssGBLUP","not_genotyped"
3,2,"692904",-1.4323891303104,-0.407560989559069,-0.0052399164560021,"ssGBLUP","genotyped"
3,2,"730613",-0.860454778530405,0.0794742973610646,0.481795370464132,"ssGBLUP","not_genotyped"
3,2,"743023",-0.0986411864048143,0.198688492449295,0.601009565552362,"ssGBLUP","not_genotyped"
3,2,"77230",-0.321023452622998,-0.011637423384032,0.390683649719035,"ssGBLUP","genotyped"
3,2,"784135",-0.0531727841380565,1.14169297986523,1.5440140529683,"ssGBLUP","genotyped"
3,2,"85244",0.907828732515639,0.437590624732533,0.8399116978356,"ssGBLUP","not_genotyped"
3,2,"86394",0.108348767385612,-0.0124761065119559,0.389844966591111,"ssGBLUP","not_genotyped"
3,2,"86783",-1.08113493189282,-0.0645776433400553,0.337743429763012,"ssGBLUP","not_genotyped"
3,2,"876108",0.549358878642511,0.376701138287617,0.779022211390685,"ssGBLUP","genotyped"
3,2,"88809",-0.115605306397947,0.305148738582343,0.70746981168541,"ssGBLUP","genotyped"
3,2,"89242",-0.470361459494854,-0.10192139611434,0.300399676988727,"ssGBLUP","not_genotyped"
3,2,"97120",-0.430341447182682,0.314237035144955,0.716558108248022,"ssGBLUP","not_genotyped"
3,2,"97487",-0.677009361897995,-0.133669026767205,0.268652046335862,"ssGBLUP","genotyped"
3,3,"1047493",0.654661841441938,0.174159215007008,0.674648182987648,"PBLUP","not_genotyped"
3,3,"107103",0.29973466265139,-0.145751562124645,0.354737405855994,"PBLUP","genotyped"
3,3,"1079616",0.712370796925057,0.334932524658647,0.835421492639287,"PBLUP","not_genotyped"
3,3,"1093268",0.393733641509161,-0.214709032182109,0.285779935798531,"PBLUP","not_genotyped"
3,3,"126114",1.67147474278739,0.180406684194027,0.680895652174667,"PBLUP","not_genotyped"
3,3,"1295755",-1.01605558342181,-0.591881880633106,-0.0913929126524669,"PBLUP","genotyped"
3,3,"1296234",-0.732226228702336,0.0848065627827926,0.585295530763432,"PBLUP","genotyped"
3,3,"1301936",-1.04376988987242,-0.288494500101765,0.211994467878875,"PBLUP","not_genotyped"
3,3,"13098",0.891019350054848,0.29821094536749,0.798699913348129,"PBLUP","not_genotyped"
3,3,"1311265",-0.879609656218283,0.0484180129480885,0.548906980928728,"PBLUP","not_genotyped"
3,3,"13421",1.00136349877638,0.306104435613588,0.806593403594228,"PBLUP","genotyped"
3,3,"13469",2.33971284824899,0.313439259495447,0.813928227476087,"PBLUP","not_genotyped"
3,3,"13767",1.84236198705811,0.00333191782030351,0.503820885800943,"PBLUP","not_genotyped"
3,3,"1500224",-0.189520982373785,-0.212658523894711,0.287830444085929,"PBLUP","not_genotyped"
3,3,"15200",-0.401527689844371,-0.364445709688577,0.136043258292063,"PBLUP","genotyped"
3,3,"1563726",1.47973050797303,0.258829134680417,0.759318102661057,"PBLUP","genotyped"
3,3,"1630947",0.133668714125241,-0.532386526899506,-0.0318975589188663,"PBLUP","genotyped"
3,3,"1630957",0.152864312216366,-0.532386526899506,-0.0318975589188663,"PBLUP","not_genotyped"
3,3,"1635496",-0.848865751766015,-0.287835343587699,0.21265362439294,"PBLUP","not_genotyped"
3,3,"1636586",-0.384001628286413,-0.545289066262242,-0.0448000982816023,"PBLUP","not_genotyped"
3,3,"1642335",-0.334257583678611,-0.0996906347544586,0.400798333226181,"PBLUP","not_genotyped"
3,3,"1651705",-0.265073618560194,0.0361225844492449,0.536611552429884,"PBLUP","not_genotyped"
3,3,"168912",-0.450848242258393,-0.456937919539933,0.0435510484407066,"PBLUP","genotyped"
3,3,"168945",0.926380948235444,0.122562616376776,0.623051584357416,"PBLUP","genotyped"
3,3,"1766332",-0.555393805557406,-0.514015478913568,-0.0135265109329288,"PBLUP","not_genotyped"
3,3,"1796426",-0.449993113790185,-0.459341565684358,0.0411474022962816,"PBLUP","not_genotyped"
3,3,"1815932",-0.263876438704702,0.00997580816142274,0.510464776142062,"PBLUP","not_genotyped"
3,3,"1815954",0.394873812800106,0.01803331225065,0.518522280231289,"PBLUP","genotyped"
3,3,"1816173",-0.0502409151041959,0.366845246871976,0.867334214852616,"PBLUP","not_genotyped"
3,3,"2011449",0.0766927259005868,-0.0378279030623394,0.4626610649183,"PBLUP","genotyped"
3,3,"2031157",0.728031864014252,-0.245475515077335,0.255013452903305,"PBLUP","genotyped"
3,3,"2099196",1.6878769212157,-0.105935164670967,0.394553803309672,"PBLUP","not_genotyped"
3,3,"2114149",1.08853773804978,-0.186087555101645,0.314401412878995,"PBLUP","not_genotyped"
3,3,"2151603",-1.00835942720793,-0.161626559207327,0.338862408773312,"PBLUP","genotyped"
3,3,"217451",-0.997039155104975,0.106763000840789,0.607251968821429,"PBLUP","genotyped"
3,3,"217562",-0.482284393565878,0.106763000840789,0.607251968821429,"PBLUP","genotyped"
3,3,"217777",0.0452402864318024,0.0272047478851685,0.527693715865808,"PBLUP","genotyped"
3,3,"2200733",0.204334901921886,0.202403286643587,0.702892254624227,"PBLUP","not_genotyped"
3,3,"222490",0.822315885694759,0.142629021374689,0.643117989355328,"PBLUP","genotyped"
3,3,"2430154",0.559522691293221,0.0170877503661739,0.517576718346813,"PBLUP","genotyped"
3,3,"2448315",0.0113283346068357,0.248999884711825,0.749488852692465,"PBLUP","not_genotyped"
3,3,"2485920",-1.42456266880613,-1.55115637048998,-1.05066740250934,"PBLUP","not_genotyped"
3,3,"2588634",0.216599887380195,-0.193536781770121,0.306952186210519,"PBLUP","genotyped"
3,3,"2668073",-0.593304500981329,-0.500488967980639,0,"PBLUP","genotyped"
3,3,"292717",0.615765712259412,0.677895722955369,1.17838469093601,"PBLUP","genotyped"
3,3,"294881",0.732445955726339,0.0149342392966924,0.515423207277332,"PBLUP","not_genotyped"
3,3,"295296",0.80610916520204,-0.500488967980639,0,"PBLUP","genotyped"
3,3,"295788",-1.68811326270808,-0.500488967980639,0,"PBLUP","not_genotyped"
3,3,"320849",-0.682832379562464,-0.500488967980639,0,"PBLUP","not_genotyped"
3,3,"342202",0.333019520266336,-0.16280960942816,0.337679358552479,"PBLUP","not_genotyped"
3,3,"342253",1.07641120196251,0.705094678468389,1.20558364644903,"PBLUP","genotyped"
3,3,"342284",0.958330176623854,0.677895722955369,1.17838469093601,"PBLUP","not_genotyped"
3,3,"342374",1.075702666946,0.286916709103486,0.787405677084125,"PBLUP","genotyped"
3,3,"343376",-1.43664034040949,-0.500488967980639,0,"PBLUP","genotyped"
3,3,"353782",-0.467209700283455,-0.214709032182109,0.285779935798531,"PBLUP","genotyped"
3,3,"358060",-0.459033043311249,0.177029651206145,0.677518619186784,"PBLUP","genotyped"
3,3,"358886",1.11577968782272,0.257065838080523,0.757554806061162,"PBLUP","genotyped"
3,3,"376770",0.552209306869873,0.33135472877063,0.83184369675127,"PBLUP","genotyped"
3,3,"3826179",-1.44924737725509,-0.920995861731256,-0.420506893750617,"PBLUP","genotyped"
3,3,"3830069",-1.63645535914761,-0.762676353853217,-0.262187385872578,"PBLUP","not_genotyped"
3,3,"3830184",-1.42619148493605,0.106666608180926,0.607155576161565,"PBLUP","genotyped"
3,3,"3849968",-1.45247243319233,0.0244086622980555,0.524897630278695,"PBLUP","genotyped"
3,3,"3854950",-2.32277332365134,-0.842338830106423,-0.341849862125783,"PBLUP","genotyped"
3,3,"3855646",-1.60297504359708,-0.137887036643254,0.362601931337386,"PBLUP","genotyped"
3,3,"3865255",-1.92223929322299,-0.769812467973737,-0.269323499993098,"PBLUP","genotyped"
3,3,"3868700",-2.00590343373641,-0.464589135427146,0.0358998325534935,"PBLUP","genotyped"
3,3,"3895",0.617410816550632,0.245308402903024,0.745797370883663,"PBLUP","genotyped"
3,3,"390866",0.477267476732186,0.318993592635908,0.819482560616547,"PBLUP","genotyped"
3,3,"392884",0.568171704943104,-0.27912616111275,0.221362806867889,"PBLUP","genotyped"
3,3,"392956",0.556664118985209,0.024300915570745,0.524789883551384,"PBLUP","not_genotyped"
3,3,"393017",-0.57501289584231,0.0814965463610255,0.581985514341665,"PBLUP","not_genotyped"
3,3,"39359",1.49504952367494,0.950322006522905,1.45081097450354,"PBLUP","not_genotyped"
3,3,"4057155",-1.02510365702352,-0.358984090387324,0.141504877593316,"PBLUP","genotyped"
3,3,"4069854",-0.902396793875885,0.0226714922186274,0.523160460199267,"PBLUP","not_genotyped"
3,3,"41660",-1.27526538233752,0.305104615451881,0.805593583432521,"PBLUP","genotyped"
3,3,"41948",0.5807135891435,0.325891604436176,0.826380572416816,"PBLUP","genotyped"
3,3,"421747",0.0844621788403119,-0.083912508327566,0.416576459653073,"PBLUP","genotyped"
3,3,"422005",0.127161593686205,0.00114362909148746,0.501632597072127,"PBLUP","genotyped"
3,3,"423133",-0.80039218373955,-0.364152991432378,0.136335976548261,"PBLUP","not_genotyped"
3,3,"423409",0.221396750882815,0.0491630074310413,0.549651975411681,"PBLUP","genotyped"
3,3,"423673",0.256986383321601,0.176886830176629,0.677375798157269,"PBLUP","not_genotyped"
3,3,"4248",0.647218151728196,0.0846299087930273,0.585118876773667,"PBLUP","not_genotyped"
3,3,"428988",0.0947807290233647,0.38309823917705,0.88358720715769,"PBLUP","not_genotyped"
3,3,"430174",0.174861474050957,0.224823902017493,0.725312869998133,"PBLUP","genotyped"
3,3,"430390",-0.390231849983365,0.198453688085327,0.698942656065966,"PBLUP","not_genotyped"
3,3,"431742",-1.65755667211075,0.123452845757583,0.623941813738222,"PBLUP","not_genotyped"
3,3,"433740",-0.395224171421573,-0.0481992954988952,0.452289672481744,"PBLUP","not_genotyped"
3,3,"454059",1.54804305646194,0.63048269845263,1.13097166643327,"PBLUP","genotyped"
3,3,"458835",0.881148724307524,0.586078925040911,1.08656789302155,"PBLUP","not_genotyped"
3,3,"460142",1.63380836978296,0.388954509346209,0.889443477326848,"PBLUP","genotyped"
3,3,"464211",0.902209316867409,-0.143649491100463,0.356839476880177,"PBLUP","not_genotyped"
3,3,"480143",0.202347746243382,0.122562616376776,0.623051584357416,"PBLUP","not_genotyped"
3,3,"4937014",0.222276311592972,-0.338066288754043,0.162422679226596,"PBLUP","genotyped"
3,3,"536162",0.398147733221247,0.277787708011841,0.778276675992481,"PBLUP","genotyped"
3,3,"60900",0.257466884079927,-0.22500040854704,0.2754885594336,"PBLUP","not_genotyped"
3,3,"62150",1.12297091103632,0.208337750044689,0.708826718025328,"PBLUP","not_genotyped"
3,3,"62221",1.08326037378884,0.217861733109435,0.718350701090074,"PBLUP","genotyped"
3,3,"62627",0.560687294826115,-0.00176401980057195,0.498724948180068,"PBLUP","genotyped"
3,3,"65315",0.873330406883901,0.134686545475202,0.635175513455842,"PBLUP","not_genotyped"
3,3,"664062",2.23440988544957,-0.120034711483566,0.380454256497073,"PBLUP","genotyped"
3,3,"669426",1.50597887990672,0.0243440621611285,0.524833030141768,"PBLUP","genotyped"
3,3,"67929",1.70620110267732,-0.0973641383613884,0.403124829619251,"PBLUP","not_genotyped"
3,3,"692864",-0.987640886035329,-0.444121453244535,0.0563675147361042,"PBLUP","genotyped"
3,3,"692876",-0.85955892965895,-0.444121453244535,0.0563675147361042,"PBLUP","not_genotyped"
3,3,"77205",-1.57563536485635,0.0360436817938966,0.536532649774536,"PBLUP","not_genotyped"
3,3,"77246",0.938141000693478,-0.117355700627283,0.383133267353357,"PBLUP","genotyped"
3,3,"775",1.67162948031973,0.343364451654071,0.84385341963471,"PBLUP","not_genotyped"
3,3,"77534",0.859933394215296,-1.30989952019676,-0.809410552216125,"PBLUP","genotyped"
3,3,"85465",0.41013581993747,0.144896525922276,0.645385493902915,"PBLUP","not_genotyped"
3,3,"85587",0.475850406699153,-0.149277901358735,0.351211066621904,"PBLUP","genotyped"
3,3,"85741",0.620521855358782,0.0438228742765054,0.544311842257145,"PBLUP","genotyped"
3,3,"86162",-0.760966689314801,0.349152557862787,0.849641525843427,"PBLUP","not_genotyped"
3,3,"86230",0.268111197488963,0.122145040580964,0.622634008561604,"PBLUP","genotyped"
3,3,"86490",0.790757573177529,0.276084465191031,0.77657343317167,"PBLUP","not_genotyped"
3,3,"877657",1.26586695011434,-0.025910438920585,0.474578529060054,"PBLUP","not_genotyped"
3,3,"900613",0.745851112475593,0.102755144074002,0.603244112054641,"PBLUP","not_genotyped"
3,3,"904516",0.578807874271491,-0.456937919539933,0.0435510484407066,"PBLUP","genotyped"
3,3,"909641",0.615659839210966,0.183301764530238,0.683790732510877,"PBLUP","not_genotyped"
3,3,"909658",-0.170976910734629,0.183301764530238,0.683790732510877,"PBLUP","not_genotyped"
3,3,"96413",0.107485494836752,0.382694272972451,0.88318324095309,"PBLUP","genotyped"
3,3,"1047493",0.654661841441938,0.200120393357353,0.645361553966083,"ssGBLUP","not_genotyped"
3,3,"107103",0.29973466265139,-0.182501646482097,0.262739514126633,"ssGBLUP","genotyped"
3,3,"1079616",0.712370796925057,0.305351598443812,0.750592759052542,"ssGBLUP","not_genotyped"
3,3,"1093268",0.393733641509161,-0.114421677261833,0.330819483346896,"ssGBLUP","not_genotyped"
3,3,"126114",1.67147474278739,0.439577630672332,0.884818791281062,"ssGBLUP","not_genotyped"
3,3,"1295755",-1.01605558342181,-0.585674580601294,-0.140433419992565,"ssGBLUP","genotyped"
3,3,"1296234",-0.732226228702336,0.307780664100474,0.753021824709203,"ssGBLUP","genotyped"
3,3,"1301936",-1.04376988987242,-0.16957700690102,0.27566415370771,"ssGBLUP","not_genotyped"
3,3,"13098",0.891019350054848,0.600277378712393,1.04551853932112,"ssGBLUP","not_genotyped"
3,3,"1311265",-0.879609656218283,0.33957890833046,0.784820068939189,"ssGBLUP","not_genotyped"
3,3,"13421",1.00136349877638,-0.0976700530602223,0.347571107548507,"ssGBLUP","genotyped"
3,3,"13469",2.33971284824899,0.72561251224172,1.17085367285045,"ssGBLUP","not_genotyped"
3,3,"13767",1.84236198705811,-0.251671192742229,0.1935699678665,"ssGBLUP","not_genotyped"
3,3,"1500224",-0.189520982373785,-0.235255686786793,0.209985473821936,"ssGBLUP","not_genotyped"
3,3,"15200",-0.401527689844371,-0.493846260205148,-0.0486050995964184,"ssGBLUP","genotyped"
3,3,"1563726",1.47973050797303,0.347419864087713,0.792661024696443,"ssGBLUP","genotyped"
3,3,"1630947",0.133668714125241,-0.347433768630133,0.0978073919785963,"ssGBLUP","genotyped"
3,3,"1630957",0.152864312216366,-0.361900541593511,0.0833406190152187,"ssGBLUP","not_genotyped"
3,3,"1635496",-0.848865751766015,-0.386098526263378,0.0591426343453519,"ssGBLUP","not_genotyped"
3,3,"1636586",-0.384001628286413,-0.598266589688319,-0.15302542907959,"ssGBLUP","not_genotyped"
3,3,"1642335",-0.334257583678611,-0.1308714210078,0.31436973960093,"ssGBLUP","not_genotyped"
3,3,"1651705",-0.265073618560194,0.123969321720339,0.569210482329069,"ssGBLUP","not_genotyped"
3,3,"168912",-0.450848242258393,-0.075358446499586,0.369882714109144,"ssGBLUP","genotyped"
3,3,"168945",0.926380948235444,0.368827228893937,0.814068389502666,"ssGBLUP","genotyped"
3,3,"1766332",-0.555393805557406,-0.740725673784635,-0.295484513175906,"ssGBLUP","not_genotyped"
3,3,"1796426",-0.449993113790185,-0.612049936786296,-0.166808776177567,"ssGBLUP","not_genotyped"
3,3,"1815932",-0.263876438704702,-0.107613717027369,0.33762744358136,"ssGBLUP","not_genotyped"
3,3,"1815954",0.394873812800106,-0.114527026758931,0.330714133849798,"ssGBLUP","genotyped"
3,3,"1816173",-0.0502409151041959,0.344044163429717,0.789285324038446,"ssGBLUP","not_genotyped"
3,3,"2011449",0.0766927259005868,0.139096048518671,0.584337209127401,"ssGBLUP","genotyped"
3,3,"2031157",0.728031864014252,-0.379164333592588,0.0660768270161413,"ssGBLUP","genotyped"
3,3,"2099196",1.6878769212157,-0.0436515825326905,0.401589578076039,"ssGBLUP","not_genotyped"
3,3,"2114149",1.08853773804978,-0.0452678909776827,0.399973269631047,"ssGBLUP","not_genotyped"
3,3,"2151603",-1.00835942720793,0.697728262646764,1.14296942325549,"ssGBLUP","genotyped"
3,3,"217451",-0.997039155104975,-0.201945645027983,0.243295515580746,"ssGBLUP","genotyped"
3,3,"217562",-0.482284393565878,0.0966961447221257,0.541937305330855,"ssGBLUP","genotyped"
3,3,"217777",0.0452402864318024,0.335292101781626,0.780533262390356,"ssGBLUP","genotyped"
3,3,"2200733",0.204334901921886,-0.112812579771255,0.332428580837475,"ssGBLUP","not_genotyped"
3,3,"222490",0.822315885694759,0.208002048522841,0.65324320913157,"ssGBLUP","genotyped"
3,3,"2430154",0.559522691293221,0.437040216429406,0.882281377038135,"ssGBLUP","genotyped"
3,3,"2448315",0.0113283346068357,0.417244160599381,0.86248532120811,"ssGBLUP","not_genotyped"
3,3,"2485920",-1.42456266880613,-1.45909758009738,-1.01385641948865,"ssGBLUP","not_genotyped"
3,3,"2588634",0.216599887380195,-0.228300810314786,0.216940350293943,"ssGBLUP","genotyped"
3,3,"2668073",-0.593304500981329,-0.476208028586963,-0.0309668679782335,"ssGBLUP","genotyped"
3,3,"292717",0.615765712259412,0.657944210546231,1.10318537115496,"ssGBLUP","genotyped"
3,3,"294881",0.732445955726339,0.1222733556349,0.567514516243629,"ssGBLUP","not_genotyped"
3,3,"295296",0.80610916520204,0.3813305465054,0.826571707114129,"ssGBLUP","genotyped"
3,3,"295788",-1.68811326270808,-0.44524116060873,0,"ssGBLUP","not_genotyped"
3,3,"320849",-0.682832379562464,-0.44524116060873,0,"ssGBLUP","not_genotyped"
3,3,"342202",0.333019520266336,-0.131309331103503,0.313931829505226,"ssGBLUP","not_genotyped"
3,3,"342253",1.07641120196251,0.707447133130753,1.15268829373948,"ssGBLUP","genotyped"
3,3,"342284",0.958330176623854,0.637508168835007,1.08274932944374,"ssGBLUP","not_genotyped"
3,3,"342374",1.075702666946,0.36069633176659,0.80593749237532,"ssGBLUP","genotyped"
3,3,"343376",-1.43664034040949,0.875028067807303,1.32026922841603,"ssGBLUP","genotyped"
3,3,"353782",-0.467209700283455,-0.111827471012821,0.333413689595909,"ssGBLUP","genotyped"
3,3,"358060",-0.459033043311249,-0.196629413948265,0.248611746660464,"ssGBLUP","genotyped"
3,3,"358886",1.11577968782272,0.328526733927142,0.773767894535872,"ssGBLUP","genotyped"
3,3,"376770",0.552209306869873,0.448754360829102,0.893995521437831,"ssGBLUP","genotyped"
3,3,"3826179",-1.44924737725509,-0.976172031564055,-0.530930870955325,"ssGBLUP","genotyped"
3,3,"3830069",-1.63645535914761,-0.850800867315413,-0.405559706706684,"ssGBLUP","not_genotyped"
3,3,"3830184",-1.42619148493605,-0.63452965118969,-0.18928849058096,"ssGBLUP","genotyped"
3,3,"3849968",-1.45247243319233,0.353451268391842,0.798692429000572,"ssGBLUP","genotyped"
3,3,"3854950",-2.32277332365134,-1.38041056057018,-0.935169399961453,"ssGBLUP","genotyped"
3,3,"3855646",-1.60297504359708,-0.675918974287879,-0.230677813679149,"ssGBLUP","genotyped"
3,3,"3865255",-1.92223929322299,-0.557473879724979,-0.112232719116249,"ssGBLUP","genotyped"
3,3,"3868700",-2.00590343373641,-0.904485015824357,-0.459243855215627,"ssGBLUP","genotyped"
3,3,"3895",0.617410816550632,0.319932565495239,0.765173726103968,"ssGBLUP","genotyped"
3,3,"390866",0.477267476732186,0.143455265570554,0.588696426179283,"ssGBLUP","genotyped"
3,3,"392884",0.568171704943104,-0.321858466628176,0.123382693980553,"ssGBLUP","genotyped"
3,3,"392956",0.556664118985209,0.0566340364327851,0.501875197041515,"ssGBLUP","not_genotyped"
3,3,"393017",-0.57501289584231,0.0419285303137535,0.487169690922483,"ssGBLUP","not_genotyped"
3,3,"39359",1.49504952367494,1.07709976995077,1.5223409305595,"ssGBLUP","not_genotyped"
3,3,"4057155",-1.02510365702352,-0.246231095310557,0.199010065298173,"ssGBLUP","genotyped"
3,3,"4069854",-0.902396793875885,-0.0630990069119022,0.382142153696827,"ssGBLUP","not_genotyped"
3,3,"41660",-1.27526538233752,0.0356949714678461,0.480936132076576,"ssGBLUP","genotyped"
3,3,"41948",0.5807135891435,0.181815966983498,0.627057127592227,"ssGBLUP","genotyped"
3,3,"421747",0.0844621788403119,-0.139757928493478,0.305483232115252,"ssGBLUP","genotyped"
3,3,"422005",0.127161593686205,0.23542699045479,0.68066815106352,"ssGBLUP","genotyped"
3,3,"423133",-0.80039218373955,-0.457996153827271,-0.0127549932185412,"ssGBLUP","not_genotyped"
3,3,"423409",0.221396750882815,0.217071319765878,0.662312480374608,"ssGBLUP","genotyped"
3,3,"423673",0.256986383321601,0.427691924705178,0.872933085313908,"ssGBLUP","not_genotyped"
3,3,"4248",0.647218151728196,-0.00695810630840582,0.438283054300324,"ssGBLUP","not_genotyped"
3,3,"428988",0.0947807290233647,0.412256829913976,0.857497990522706,"ssGBLUP","not_genotyped"
3,3,"430174",0.174861474050957,0.388924075886705,0.834165236495435,"ssGBLUP","genotyped"
3,3,"430390",-0.390231849983365,0.0679012468063021,0.513142407415032,"ssGBLUP","not_genotyped"
3,3,"431742",-1.65755667211075,0.0406534356162069,0.485894596224936,"ssGBLUP","not_genotyped"
3,3,"433740",-0.395224171421573,-0.145429802070917,0.299811358537812,"ssGBLUP","not_genotyped"
3,3,"454059",1.54804305646194,0.425540271992858,0.870781432601587,"ssGBLUP","genotyped"
3,3,"458835",0.881148724307524,0.840750280030192,1.28599144063892,"ssGBLUP","not_genotyped"
3,3,"460142",1.63380836978296,0.48206235355366,0.927303514162389,"ssGBLUP","genotyped"
3,3,"464211",0.902209316867409,-0.0591258174693163,0.386115343139413,"ssGBLUP","not_genotyped"
3,3,"480143",0.202347746243382,0.366649035419944,0.811890196028673,"ssGBLUP","not_genotyped"
3,3,"4937014",0.222276311592972,-0.0306707826352888,0.414570377973441,"ssGBLUP","genotyped"
3,3,"536162",0.398147733221247,0.390057271315908,0.835298431924637,"ssGBLUP","genotyped"
3,3,"60900",0.257466884079927,-0.283772219023336,0.161468941585394,"ssGBLUP","not_genotyped"
3,3,"62150",1.12297091103632,0.331050171442186,0.776291332050916,"ssGBLUP","not_genotyped"
3,3,"62221",1.08326037378884,0.435318095379671,0.8805592559884,"ssGBLUP","genotyped"
3,3,"62627",0.560687294826115,-0.00423029085042553,0.441010869758304,"ssGBLUP","genotyped"
3,3,"65315",0.873330406883901,0.0875803203959082,0.532821481004638,"ssGBLUP","not_genotyped"
3,3,"664062",2.23440988544957,0.861030771293194,1.30627193190192,"ssGBLUP","genotyped"
3,3,"669426",1.50597887990672,0.115087245433651,0.560328406042381,"ssGBLUP","genotyped"
3,3,"67929",1.70620110267732,-0.415702340770827,0.0295388198379026,"ssGBLUP","not_genotyped"
3,3,"692864",-0.987640886035329,-0.382254584152473,0.0629865764562568,"ssGBLUP","genotyped"
3,3,"692876",-0.85955892965895,-0.402508977397981,0.0427321832107486,"ssGBLUP","not_genotyped"
3,3,"77205",-1.57563536485635,-0.0242573598687024,0.420983800740027,"ssGBLUP","not_genotyped"
3,3,"77246",0.938141000693478,0.0297982670769199,0.475039427685649,"ssGBLUP","genotyped"
3,3,"775",1.67162948031973,0.265098294176381,0.710339454785111,"ssGBLUP","not_genotyped"
3,3,"77534",0.859933394215296,-1.62946177633356,-1.18422061572483,"ssGBLUP","genotyped"
3,3,"85465",0.41013581993747,0.171883853377223,0.617125013985953,"ssGBLUP","not_genotyped"
3,3,"85587",0.475850406699153,-0.106287318279559,0.338953842329171,"ssGBLUP","genotyped"
3,3,"85741",0.620521855358782,-0.412905889315097,0.0323352712936325,"ssGBLUP","genotyped"
3,3,"86162",-0.760966689314801,0.452353321906834,0.897594482515564,"ssGBLUP","not_genotyped"
3,3,"86230",0.268111197488963,0.112175811772166,0.557416972380895,"ssGBLUP","genotyped"
3,3,"86490",0.790757573177529,0.16544160877981,0.61068276938854,"ssGBLUP","not_genotyped"
3,3,"877657",1.26586695011434,0.0716981381131429,0.516939298721872,"ssGBLUP","not_genotyped"
3,3,"900613",0.745851112475593,0.00921919681829209,0.454460357427022,"ssGBLUP","not_genotyped"
3,3,"904516",0.578807874271491,0.133385472484505,0.578626633093235,"ssGBLUP","genotyped"
3,3,"909641",0.615659839210966,0.154356425714404,0.599597586323134,"ssGBLUP","not_genotyped"
3,3,"909658",-0.170976910734629,0.154356425714404,0.599597586323133,"ssGBLUP","not_genotyped"
3,3,"96413",0.107485494836752,0.431068957476293,0.876310118085023,"ssGBLUP","genotyped"
3,4,"103122",-0.561477433802664,-0.399174389865193,0,"PBLUP","not_genotyped"
3,4,"1058137",-1.22708500121444,0.132307026889436,0.531481416754629,"PBLUP","genotyped"
3,4,"107017",1.73852495877561,0.234520879910716,0.63369526977591,"PBLUP","not_genotyped"
3,4,"107066",0.640882056982801,-0.120276829543088,0.278897560322105,"PBLUP","not_genotyped"
3,4,"1081265",1.56569127922964,-0.375038508234037,0.0241358816311569,"PBLUP","not_genotyped"
3,4,"1127595",0.712093898182969,0.410252467706467,0.80942685757166,"PBLUP","genotyped"
3,4,"1210458",-1.53023211523478,-0.189266650522939,0.209907739342255,"PBLUP","genotyped"
3,4,"1291474",-0.0135518317777139,-0.379433278935758,0.0197411109294359,"PBLUP","genotyped"
3,4,"1296766",0.183298741603949,0.0796668507316298,0.478841240596823,"PBLUP","not_genotyped"
3,4,"1298205",-0.951635905483413,-0.141925121935554,0.257249267929639,"PBLUP","not_genotyped"
3,4,"1301796",-0.598541144839027,-0.166206691390814,0.232967698474379,"PBLUP","not_genotyped"
3,4,"1301800",-1.04135924200014,-0.166206691390814,0.232967698474379,"PBLUP","not_genotyped"
3,4,"1301802",-0.857237866673811,-0.166206691390814,0.232967698474379,"PBLUP","genotyped"
3,4,"1302304",-0.380581114413579,-0.187978421834821,0.211195968030373,"PBLUP","genotyped"
3,4,"130562",-0.781090712599981,0.446890766739455,0.846065156604649,"PBLUP","not_genotyped"
3,4,"1306534",-0.958965578068058,-0.187754021483126,0.211420368382067,"PBLUP","not_genotyped"
3,4,"133128",0.32484286329413,0.40173654339972,0.800910933264913,"PBLUP","genotyped"
3,4,"1342417",-0.105140162763201,0.355081592082524,0.754255981947718,"PBLUP","genotyped"
3,4,"1390246",-1.64690421462106,-0.107687578618384,0.29148681124681,"PBLUP","genotyped"
3,4,"1393230",-0.140526193185747,-0.0972309486642181,0.301943441200975,"PBLUP","not_genotyped"
3,4,"13954",0.665868096415797,-0.115826229802703,0.283348160062491,"PBLUP","genotyped"
3,4,"1399978",-1.50500989746295,0.149164642696238,0.548339032561431,"PBLUP","not_genotyped"
3,4,"14103",-0.437956162590065,0.0666993105007425,0.465873700365936,"PBLUP","not_genotyped"
3,4,"143023",-0.135460575021689,0.1218641763519,0.521038566217094,"PBLUP","genotyped"
3,4,"143808",0.0375359861372731,0.525163534282638,0.924337924147832,"PBLUP","not_genotyped"
3,4,"143844",-0.075365403908236,0.525163534282638,0.924337924147832,"PBLUP","genotyped"
3,4,"14431",1.65097609179233,-0.0795140351722611,0.319660354692932,"PBLUP","genotyped"
3,4,"1504972",0.381517520534749,0.00924290779966325,0.408417297664857,"PBLUP","not_genotyped"
3,4,"1541045",-0.317448201217821,0.117692480459746,0.51686687032494,"PBLUP","not_genotyped"
3,4,"1563730",0.980278473974546,0.41624713378521,0.815421523650404,"PBLUP","not_genotyped"
3,4,"1635819",-0.549196160183055,-0.0112508395837839,0.38792355028141,"PBLUP","genotyped"
3,4,"168060",-0.434926564588412,0.455819547499954,0.854993937365147,"PBLUP","not_genotyped"
3,4,"168154",1.4005456118169,0.237433413953124,0.636607803818317,"PBLUP","not_genotyped"
3,4,"168614",-0.438778714735675,0.0903989265361154,0.489573316401309,"PBLUP","not_genotyped"
3,4,"168979",0.200645633387613,0.453105268545894,0.852279658411087,"PBLUP","not_genotyped"
3,4,"1766370",-0.358307053836902,-0.532683446655634,-0.133509056790441,"PBLUP","genotyped"
3,4,"1838323",-1.76676064954134,0.435101033671871,0.834275423537065,"PBLUP","genotyped"
3,4,"20934",0.434111993369914,0.0213824945903768,0.42055688445557,"PBLUP","genotyped"
3,4,"2166",-0.25270276005344,0.124299928185359,0.523474318050552,"PBLUP","genotyped"
3,4,"217385",0.955186561493106,0.246814157070733,0.645988546935927,"PBLUP","not_genotyped"
3,4,"217743",-0.15331239980563,-0.217751342887254,0.18142304697794,"PBLUP","genotyped"
3,4,"218554",1.05305397865944,0.183569906966347,0.58274429683154,"PBLUP","genotyped"
3,4,"220399",-0.881059302573914,-0.399174389865193,0,"PBLUP","genotyped"
3,4,"222693",-0.973934398302038,-0.399174389865193,0,"PBLUP","genotyped"
3,4,"2460025",-0.086099302204419,0.042287875576752,0.441462265441945,"PBLUP","genotyped"
3,4,"2465",0.785439488513336,0.0415288466198219,0.440703236485015,"PBLUP","genotyped"
3,4,"2484320",-1.39759761777528,0.0592976184435341,0.458472008308728,"PBLUP","genotyped"
3,4,"2485043",-1.35715411326932,-0.547282718779447,-0.148108328914253,"PBLUP","genotyped"
3,4,"2485050",-0.81742145637788,-0.547282718779447,-0.148108328914253,"PBLUP","genotyped"
3,4,"2485890",-2.06419061894565,-0.730903167620023,-0.33172877775483,"PBLUP","not_genotyped"
3,4,"2588696",0.0402805413161911,-0.0222672313645635,0.37690715850063,"PBLUP","not_genotyped"
3,4,"2600794",-0.27764807908319,0.49360052208472,0.892774911949914,"PBLUP","not_genotyped"
3,4,"2620837",-0.706295475913985,0.180980411362972,0.580154801228166,"PBLUP","not_genotyped"
3,4,"27001",0.26570869369733,-0.0565546720610949,0.342619717804099,"PBLUP","genotyped"
3,4,"292703",0.642038516435046,0.809844026328231,1.20901841619342,"PBLUP","not_genotyped"
3,4,"294818",0.514005424542565,-0.0339435018583666,0.365230888006827,"PBLUP","genotyped"
3,4,"342231",0.642486440870774,0.406303344988263,0.805477734853457,"PBLUP","genotyped"
3,4,"343215",0.475402482263425,0.22216298261113,0.621337372476324,"PBLUP","not_genotyped"
3,4,"355408",0.759125963934455,0.313313974307902,0.712488364173095,"PBLUP","genotyped"
3,4,"367789",1.33162225727927,0.313313974307902,0.712488364173095,"PBLUP","genotyped"
3,4,"371007",-1.1563536607726,0.230765176851525,0.629939566716719,"PBLUP","genotyped"
3,4,"373045",-0.665941556295178,0.0381423668827182,0.437316756747912,"PBLUP","not_genotyped"
3,4,"376804",-0.154615452709568,-0.399174389865193,0,"PBLUP","genotyped"
3,4,"3822784",-0.562658325496856,-0.715038432344805,-0.315864042479612,"PBLUP","genotyped"
3,4,"3827748",-1.44840039286753,0.454332894338532,0.853507284203725,"PBLUP","genotyped"
3,4,"3827768",-2.28909755016522,-0.707483599658299,-0.308309209793105,"PBLUP","not_genotyped"
3,4,"3827771",-1.56944586356264,-0.18094824952014,0.218226140345053,"PBLUP","genotyped"
3,4,"3827774",-2.05032124959937,0.0601123193868294,0.459286709252023,"PBLUP","genotyped"
3,4,"3830034",-2.00663640099488,0.128165625156565,0.527340015021758,"PBLUP","genotyped"
3,4,"3830068",-1.1770559137839,-0.6416747678943,-0.242500378029107,"PBLUP","genotyped"
3,4,"3830083",-1.82117939644201,-1.409361235152,-1.01018684528681,"PBLUP","not_genotyped"
3,4,"3830130",-1.50911451411035,0.0092358311810225,0.408410221046216,"PBLUP","not_genotyped"
3,4,"3830198",-2.0155215929836,-1.40340970740018,-1.00423531753498,"PBLUP","not_genotyped"
3,4,"393205",0.523151227112074,0.421877328521923,0.821051718387116,"PBLUP","not_genotyped"
3,4,"4057141",-0.841470926536171,-0.371249421673588,0.0279249681916057,"PBLUP","genotyped"
3,4,"4059217",-1.14887739473626,-0.23534675679814,0.163827633067053,"PBLUP","not_genotyped"
3,4,"41263",0.565606319538478,-0.117157647374025,0.282016742491169,"PBLUP","not_genotyped"
3,4,"41418",0.12124899113459,0.145921656194004,0.545096046059198,"PBLUP","genotyped"
3,4,"41471",0.748286192589826,0.417236993435168,0.816411383300361,"PBLUP","not_genotyped"
3,4,"416019",-0.58579565862239,0.233153583832033,0.632327973697227,"PBLUP","not_genotyped"
3,4,"419380",0.939240451581174,0.0592413935738131,0.458415783439007,"PBLUP","not_genotyped"
3,4,"419525",0.918261299827786,-0.0312873934723377,0.367886996392856,"PBLUP","not_genotyped"
3,4,"419528",1.06256626485818,-0.0312873934723377,0.367886996392856,"PBLUP","not_genotyped"
3,4,"420125",0.301453063668456,0.53104021533543,0.930214605200623,"PBLUP","not_genotyped"
3,4,"421442",0.84616989791746,0.282504035947216,0.681678425812409,"PBLUP","genotyped"
3,4,"42174",-0.365522709292455,0.31039143045023,0.709565820315423,"PBLUP","genotyped"
3,4,"421919",0.0629292296027502,0.237875328656701,0.637049718521894,"PBLUP","not_genotyped"
3,4,"42274",0.449406576829877,0.221254153161376,0.62042854302657,"PBLUP","not_genotyped"
3,4,"422983",0.411675051180245,0.0166263367180796,0.415800726583273,"PBLUP","genotyped"
3,4,"424700",1.6245078296811,0.703683108301782,1.10285749816698,"PBLUP","genotyped"
3,4,"428238",-0.293797791011361,0.1083085419026,0.507482931767793,"PBLUP","genotyped"
3,4,"430433",0.211509836974191,0.00435216964391738,0.403526559509111,"PBLUP","genotyped"
3,4,"432043",-0.726167032699027,0.148391880491864,0.547566270357057,"PBLUP","not_genotyped"
3,4,"438323",-0.30088314117652,0.301751622044375,0.700926011909568,"PBLUP","not_genotyped"
3,4,"460689",0.966873317225293,0.253119698755979,0.652294088621173,"PBLUP","genotyped"
3,4,"460960",-0.381265217188148,-0.0771816027587962,0.321992787106397,"PBLUP","not_genotyped"
3,4,"471420",-0.766496520075884,0.19772873750071,0.596903127365903,"PBLUP","genotyped"
3,4,"512731",-0.111875317460428,0.0138871133840676,0.413061503249261,"PBLUP","genotyped"
3,4,"520702",-0.151577710627263,0.0737944671735554,0.472968857038749,"PBLUP","genotyped"
3,4,"609307",1.1992076499973,0.487244100308542,0.886418490173735,"PBLUP","not_genotyped"
3,4,"623960",0.796075657841723,0.167347098645611,0.566521488510805,"PBLUP","not_genotyped"
3,4,"62587",-0.879796970073224,0.111269329634451,0.510443719499644,"PBLUP","not_genotyped"
3,4,"701166",-0.948679604207606,-0.278779869937255,0.120394519927938,"PBLUP","genotyped"
3,4,"77128",1.30970653625117,0.613973403446815,1.01314779331201,"PBLUP","genotyped"
3,4,"77310",-0.0753409716662881,-0.278163799641917,0.121010590223277,"PBLUP","not_genotyped"
3,4,"83123",1.29932283342292,0.298860074956134,0.698034464821327,"PBLUP","not_genotyped"
3,4,"85331",-0.016524421214821,-0.0970234079696618,0.302150981895532,"PBLUP","genotyped"
3,4,"855168",-1.10036310630655,0.221848132134387,0.62102252199958,"PBLUP","not_genotyped"
3,4,"85599",0.529967822615795,-0.0687418763104932,0.3304325135547,"PBLUP","not_genotyped"
3,4,"85637",0.149215764085342,0.468426711003087,0.86760110086828,"PBLUP","genotyped"
3,4,"85676",1.25576829010882,0.100021685621799,0.499196075486993,"PBLUP","genotyped"
3,4,"87107",0.0043977219740216,0.326522812232594,0.725697202097788,"PBLUP","genotyped"
3,4,"878573",0.0873126070676752,0.022641848539253,0.421816238404446,"PBLUP","not_genotyped"
3,4,"89491",-1.06303878468939,-0.0706349858302654,0.328539404034928,"PBLUP","not_genotyped"
3,4,"934019",0.0447272093508763,-0.0671619893074613,0.332012400557732,"PBLUP","genotyped"
3,4,"96458",-0.128994174985903,0.402990140515619,0.802164530380812,"PBLUP","not_genotyped"
3,4,"96495",1.10011862073352,0.0264930580198507,0.425667447885044,"PBLUP","not_genotyped"
3,4,"96619",0.703550757581531,0.40173654339972,0.800910933264913,"PBLUP","genotyped"
3,4,"97127",0.36759928670457,0.0128899503747692,0.412064340239963,"PBLUP","genotyped"
3,4,"984151",1.24695639484595,0.309789148611463,0.708963538476656,"PBLUP","not_genotyped"
3,4,"103122",-0.561477433802664,-0.413695008944288,0,"ssGBLUP","not_genotyped"
3,4,"1058137",-1.22708500121444,-0.397982744010393,0.0157122649338956,"ssGBLUP","genotyped"
3,4,"107017",1.73852495877561,0.37943772961509,0.793132738559378,"ssGBLUP","not_genotyped"
3,4,"107066",0.640882056982801,0.0370963317487152,0.450791340693003,"ssGBLUP","not_genotyped"
3,4,"1081265",1.56569127922964,-0.322768782413774,0.0909262265305137,"ssGBLUP","not_genotyped"
3,4,"1127595",0.712093898182969,0.188270193219791,0.601965202164079,"ssGBLUP","genotyped"
3,4,"1210458",-1.53023211523478,-0.221674878837678,0.19202013010661,"ssGBLUP","genotyped"
3,4,"1291474",-0.0135518317777139,-0.232067565074553,0.181627443869735,"ssGBLUP","genotyped"
3,4,"1296766",0.183298741603949,0.201134282835839,0.614829291780127,"ssGBLUP","not_genotyped"
3,4,"1298205",-0.951635905483413,-0.204389019589844,0.209305989354444,"ssGBLUP","not_genotyped"
3,4,"1301796",-0.598541144839027,-0.0852656132466921,0.328429395697596,"ssGBLUP","not_genotyped"
3,4,"1301800",-1.04135924200014,-0.0852656132466916,0.328429395697597,"ssGBLUP","not_genotyped"
3,4,"1301802",-0.857237866673811,-0.0786907285706807,0.335004280373608,"ssGBLUP","genotyped"
3,4,"1302304",-0.380581114413579,-0.0926907648408665,0.321004244103422,"ssGBLUP","genotyped"
3,4,"130562",-0.781090712599981,0.144373458934367,0.558068467878655,"ssGBLUP","not_genotyped"
3,4,"1306534",-0.958965578068058,-0.0386763306509518,0.375018678293336,"ssGBLUP","not_genotyped"
3,4,"133128",0.32484286329413,0.393869124394784,0.807564133339072,"ssGBLUP","genotyped"
3,4,"1342417",-0.105140162763201,0.280530597463156,0.694225606407444,"ssGBLUP","genotyped"
3,4,"1390246",-1.64690421462106,0.177776025554003,0.591471034498291,"ssGBLUP","genotyped"
3,4,"1393230",-0.140526193185747,0.0465316956554082,0.460226704599696,"ssGBLUP","not_genotyped"
3,4,"13954",0.665868096415797,0.0892445850490159,0.502939593993304,"ssGBLUP","genotyped"
3,4,"1399978",-1.50500989746295,0.121958022745706,0.535653031689994,"ssGBLUP","not_genotyped"
3,4,"14103",-0.437956162590065,0.162934029779321,0.576629038723609,"ssGBLUP","not_genotyped"
3,4,"143023",-0.135460575021689,0.505362100060111,0.919057109004399,"ssGBLUP","genotyped"
3,4,"143808",0.0375359861372731,0.415929989583426,0.829624998527715,"ssGBLUP","not_genotyped"
3,4,"143844",-0.075365403908236,0.406164457256538,0.819859466200826,"ssGBLUP","genotyped"
3,4,"14431",1.65097609179233,0.0900893838232098,0.503784392767498,"ssGBLUP","genotyped"
3,4,"1504972",0.381517520534749,0.0687474266555033,0.482442435599791,"ssGBLUP","not_genotyped"
3,4,"1541045",-0.317448201217821,0.214403633284,0.628098642228288,"ssGBLUP","not_genotyped"
3,4,"1563730",0.980278473974546,0.479769426214969,0.893464435159257,"ssGBLUP","not_genotyped"
3,4,"1635819",-0.549196160183055,-0.345479972585912,0.0682150363583761,"ssGBLUP","genotyped"
3,4,"168060",-0.434926564588412,0.469258347962977,0.882953356907265,"ssGBLUP","not_genotyped"
3,4,"168154",1.4005456118169,0.383979284168669,0.797674293112957,"ssGBLUP","not_genotyped"
3,4,"168614",-0.438778714735675,-0.106616438671796,0.307078570272492,"ssGBLUP","not_genotyped"
3,4,"168979",0.200645633387613,0.543118919048055,0.956813927992343,"ssGBLUP","not_genotyped"
3,4,"1766370",-0.358307053836902,-0.611203075642991,-0.197508066698702,"ssGBLUP","genotyped"
3,4,"1838323",-1.76676064954134,-0.325239062541568,0.0884559464027204,"ssGBLUP","genotyped"
3,4,"20934",0.434111993369914,0.390496969679879,0.804191978624168,"ssGBLUP","genotyped"
3,4,"2166",-0.25270276005344,-0.234986816450146,0.178708192494143,"ssGBLUP","genotyped"
3,4,"217385",0.955186561493106,0.155776630224323,0.569471639168611,"ssGBLUP","not_genotyped"
3,4,"217743",-0.15331239980563,-0.170414901042601,0.243280107901687,"ssGBLUP","genotyped"
3,4,"218554",1.05305397865944,-0.0236372485014003,0.390057760442888,"ssGBLUP","genotyped"
3,4,"220399",-0.881059302573914,0.162045738185582,0.57574074712987,"ssGBLUP","genotyped"
3,4,"222693",-0.973934398302038,-0.506428847752706,-0.0927338388084177,"ssGBLUP","genotyped"
3,4,"2460025",-0.086099302204419,-0.335490678861429,0.078204330082859,"ssGBLUP","genotyped"
3,4,"2465",0.785439488513336,0.0470794928018132,0.460774501746101,"ssGBLUP","genotyped"
3,4,"2484320",-1.39759761777528,0.0765238945692687,0.490218903513557,"ssGBLUP","genotyped"
3,4,"2485043",-1.35715411326932,-0.0858249320704286,0.32787007687386,"ssGBLUP","genotyped"
3,4,"2485050",-0.81742145637788,-0.15351558334306,0.260179425601228,"ssGBLUP","genotyped"
3,4,"2485890",-2.06419061894565,-0.637311580607761,-0.223616571663473,"ssGBLUP","not_genotyped"
3,4,"2588696",0.0402805413161911,-0.0153972548090252,0.398297754135263,"ssGBLUP","not_genotyped"
3,4,"2600794",-0.27764807908319,0.637991681882262,1.05168669082655,"ssGBLUP","not_genotyped"
3,4,"2620837",-0.706295475913985,0.136057285597637,0.549752294541926,"ssGBLUP","not_genotyped"
3,4,"27001",0.26570869369733,0.107604753230712,0.521299762175,"ssGBLUP","genotyped"
3,4,"292703",0.642038516435046,0.74681489193016,1.16050990087445,"ssGBLUP","not_genotyped"
3,4,"294818",0.514005424542565,0.1232799249405,0.536974933884788,"ssGBLUP","genotyped"
3,4,"342231",0.642486440870774,0.385129483573558,0.798824492517846,"ssGBLUP","genotyped"
3,4,"343215",0.475402482263425,0.254690114262914,0.668385123207202,"ssGBLUP","not_genotyped"
3,4,"355408",0.759125963934455,0.142178123404914,0.555873132349202,"ssGBLUP","genotyped"
3,4,"367789",1.33162225727927,0.514167976953616,0.927862985897905,"ssGBLUP","genotyped"
3,4,"371007",-1.1563536607726,-0.253649808051008,0.16004520089328,"ssGBLUP","genotyped"
3,4,"373045",-0.665941556295178,0.0702261569100951,0.483921165854383,"ssGBLUP","not_genotyped"
3,4,"376804",-0.154615452709568,0.0241405191625017,0.43783552810679,"ssGBLUP","genotyped"
3,4,"3822784",-0.562658325496856,-0.779156739899548,-0.36546173095526,"ssGBLUP","genotyped"
3,4,"3827748",-1.44840039286753,-0.312347556783238,0.101347452161051,"ssGBLUP","genotyped"
3,4,"3827768",-2.28909755016522,-0.679915645509387,-0.266220636565099,"ssGBLUP","not_genotyped"
3,4,"3827771",-1.56944586356264,-0.294159006201239,0.11953600274305,"ssGBLUP","genotyped"
3,4,"3827774",-2.05032124959937,-0.528414265173907,-0.114719256229619,"ssGBLUP","genotyped"
3,4,"3830034",-2.00663640099488,0.301349823528043,0.715044832472332,"ssGBLUP","genotyped"
3,4,"3830068",-1.1770559137839,-0.684466977815129,-0.270771968870841,"ssGBLUP","genotyped"
3,4,"3830083",-1.82117939644201,-1.30588055661822,-0.892185547673927,"ssGBLUP","not_genotyped"
3,4,"3830130",-1.50911451411035,0.0713044325679701,0.484999441512258,"ssGBLUP","not_genotyped"
3,4,"3830198",-2.0155215929836,-1.31359611055144,-0.899901101607156,"ssGBLUP","not_genotyped"
3,4,"393205",0.523151227112074,0.498995125636614,0.912690134580903,"ssGBLUP","not_genotyped"
3,4,"4057141",-0.841470926536171,-0.365971305552043,0.0477237033922451,"ssGBLUP","genotyped"
3,4,"4059217",-1.14887739473626,-0.288146688890342,0.125548320053946,"ssGBLUP","not_genotyped"
3,4,"41263",0.565606319538478,0.0856181877433897,0.499313196687678,"ssGBLUP","not_genotyped"
3,4,"41418",0.12124899113459,-0.147639652789691,0.266055356154597,"ssGBLUP","genotyped"
3,4,"41471",0.748286192589826,0.418589718034908,0.832284726979196,"ssGBLUP","not_genotyped"
3,4,"416019",-0.58579565862239,0.184651736301354,0.598346745245642,"ssGBLUP","not_genotyped"
3,4,"419380",0.939240451581174,0.0577233186976039,0.471418327641892,"ssGBLUP","not_genotyped"
3,4,"419525",0.918261299827786,-0.10445858705875,0.309236421885538,"ssGBLUP","not_genotyped"
3,4,"419528",1.06256626485818,-0.104458587058752,0.309236421885536,"ssGBLUP","not_genotyped"
3,4,"420125",0.301453063668456,0.538189872275977,0.951884881220265,"ssGBLUP","not_genotyped"
3,4,"421442",0.84616989791746,0.674753008004851,1.08844801694914,"ssGBLUP","genotyped"
3,4,"42174",-0.365522709292455,0.832386064235169,1.24608107317946,"ssGBLUP","genotyped"
3,4,"421919",0.0629292296027502,0.201518238228901,0.615213247173189,"ssGBLUP","not_genotyped"
3,4,"42274",0.449406576829877,0.283165270798462,0.69686027974275,"ssGBLUP","not_genotyped"
3,4,"422983",0.411675051180245,-0.0747615704566737,0.338933438487614,"ssGBLUP","genotyped"
3,4,"424700",1.6245078296811,0.715805240925248,1.12950024986954,"ssGBLUP","genotyped"
3,4,"428238",-0.293797791011361,-0.502037257353374,-0.0883422484090861,"ssGBLUP","genotyped"
3,4,"430433",0.211509836974191,-0.357165581144884,0.0565294277994043,"ssGBLUP","genotyped"
3,4,"432043",-0.726167032699027,0.14566126370473,0.559356272649018,"ssGBLUP","not_genotyped"
3,4,"438323",-0.30088314117652,0.284998316553495,0.698693325497783,"ssGBLUP","not_genotyped"
3,4,"460689",0.966873317225293,0.211010260333924,0.624705269278212,"ssGBLUP","genotyped"
3,4,"460960",-0.381265217188148,-0.058018932496402,0.355676076447886,"ssGBLUP","not_genotyped"
3,4,"471420",-0.766496520075884,0.301498754283421,0.71519376322771,"ssGBLUP","genotyped"
3,4,"512731",-0.111875317460428,0.15269734674087,0.566392355685159,"ssGBLUP","genotyped"
3,4,"520702",-0.151577710627263,-0.167819842050755,0.245875166893533,"ssGBLUP","genotyped"
3,4,"609307",1.1992076499973,0.542836477312455,0.956531486256744,"ssGBLUP","not_genotyped"
3,4,"623960",0.796075657841723,0.0597198358822104,0.473414844826499,"ssGBLUP","not_genotyped"
3,4,"62587",-0.879796970073224,0.0652593613787403,0.478954370323029,"ssGBLUP","not_genotyped"
3,4,"701166",-0.948679604207606,-0.069460545599655,0.344234463344633,"ssGBLUP","genotyped"
3,4,"77128",1.30970653625117,1.19971637169297,1.61341138063726,"ssGBLUP","genotyped"
3,4,"77310",-0.0753409716662881,-0.219564962787566,0.194130046156722,"ssGBLUP","not_genotyped"
3,4,"83123",1.29932283342292,0.213439615633832,0.627134624578121,"ssGBLUP","not_genotyped"
3,4,"85331",-0.016524421214821,0.0978839379955456,0.511578946939834,"ssGBLUP","genotyped"
3,4,"855168",-1.10036310630655,0.195957663620474,0.609652672564762,"ssGBLUP","not_genotyped"
3,4,"85599",0.529967822615795,-0.020356595456899,0.393338413487389,"ssGBLUP","not_genotyped"
3,4,"85637",0.149215764085342,0.557250623825063,0.970945632769351,"ssGBLUP","genotyped"
3,4,"85676",1.25576829010882,-0.0361850069783766,0.377510001965912,"ssGBLUP","genotyped"
3,4,"87107",0.0043977219740216,0.770251665787742,1.18394667473203,"ssGBLUP","genotyped"
3,4,"878573",0.0873126070676752,0.0161020854291532,0.429797094373441,"ssGBLUP","not_genotyped"
3,4,"89491",-1.06303878468939,-0.0829508637353389,0.330744145208949,"ssGBLUP","not_genotyped"
3,4,"934019",0.0447272093508763,-0.208789510374007,0.204905498570281,"ssGBLUP","genotyped"
3,4,"96458",-0.128994174985903,0.46289097718813,0.876585986132418,"ssGBLUP","not_genotyped"
3,4,"96495",1.10011862073352,0.099040077249657,0.512735086193945,"ssGBLUP","not_genotyped"
3,4,"96619",0.703550757581531,0.438402920253333,0.852097929197622,"ssGBLUP","genotyped"
3,4,"97127",0.36759928670457,0.300201922958199,0.713896931902487,"ssGBLUP","genotyped"
3,4,"984151",1.24695639484595,0.303365348531777,0.717060357476065,"ssGBLUP","not_genotyped"
3,5,"106657",0.354935241294429,-0.218210193908261,0.1853928896995,"PBLUP","not_genotyped"
3,5,"106844",0.600617722251142,0.144027919084419,0.547631002692181,"PBLUP","genotyped"
3,5,"107059",1.25938426191725,0.177858088160704,0.581461171768466,"PBLUP","genotyped"
3,5,"107131",0.186100305347415,-0.403603083607762,0,"PBLUP","genotyped"
3,5,"1101307",0.849134343273915,0.21675138516997,0.620354468777732,"PBLUP","genotyped"
3,5,"1193118",-1.27799364935514,-0.178694812900067,0.224908270707694,"PBLUP","not_genotyped"
3,5,"126308",-0.72547478584381,-0.403603083607762,0,"PBLUP","genotyped"
3,5,"126309",-0.85354045405889,-0.403603083607762,0,"PBLUP","not_genotyped"
3,5,"1290414",-0.332376301048552,-0.0991106866298362,0.304492396977925,"PBLUP","genotyped"
3,5,"1293839",-0.0380492263717348,0.139258647758514,0.542861731366276,"PBLUP","genotyped"
3,5,"1295300",-0.854232700914106,0.231946378428868,0.635549462036629,"PBLUP","genotyped"
3,5,"13350",0.316022823950605,0.325851911621194,0.729454995228955,"PBLUP","genotyped"
3,5,"1343502",-0.704397905122626,-0.347579492444645,0.0560235911631163,"PBLUP","not_genotyped"
3,5,"1390242",0.0430088083338105,-0.684354558532413,-0.280751474924651,"PBLUP","not_genotyped"
3,5,"1402346",-0.162702524794628,-0.294703821829549,0.108899261778213,"PBLUP","not_genotyped"
3,5,"1410845",-1.38193655068608,-0.221195289936602,0.182407793671159,"PBLUP","not_genotyped"
3,5,"1437563",-0.551834842313526,-0.320600921355439,0.0830021622523228,"PBLUP","genotyped"
3,5,"1478148",-0.880179741863756,0.0852124465128696,0.488815530120631,"PBLUP","genotyped"
3,5,"1491661",-0.267622715803522,0.24957134115225,0.653174424760011,"PBLUP","not_genotyped"
3,5,"1507248",-0.200816822234791,-0.32127692193326,0.0823261616745017,"PBLUP","not_genotyped"
3,5,"15292",-1.12723857245025,-0.403603083607762,0,"PBLUP","genotyped"
3,5,"1586793",2.08261236622153,-0.07405744110049,0.329545642507272,"PBLUP","genotyped"
3,5,"1636202",-0.174201966671873,0.0733828760629081,0.47698595967067,"PBLUP","not_genotyped"
3,5,"1671946",-0.148678417916003,0.133703097574982,0.537306181182744,"PBLUP","genotyped"
3,5,"1672866",-0.491755959361372,-0.34825569641777,0.0553473871899916,"PBLUP","genotyped"
3,5,"168928",0.952971371556413,0.305133157750146,0.708736241357908,"PBLUP","genotyped"
3,5,"1766345",-0.623869235659307,-0.400016627761907,0.00358645584585433,"PBLUP","genotyped"
3,5,"1790751",0.0698516981549165,0.366445141599018,0.77004822520678,"PBLUP","not_genotyped"
3,5,"1812547",0.2621904508567,0.318335681642662,0.721938765250424,"PBLUP","genotyped"
3,5,"19627",0.967549275919211,-0.201815844529061,0.2017872390787,"PBLUP","genotyped"
3,5,"2117143",0.0567723046316471,0.0603120592559344,0.463915142863696,"PBLUP","genotyped"
3,5,"217726",-0.630873145017969,-0.00714245122515417,0.396460632382607,"PBLUP","not_genotyped"
3,5,"220384",-0.76760411504423,-0.403603083607762,0,"PBLUP","not_genotyped"
3,5,"2448313",0.167621386353455,0.266482281074929,0.67008536468269,"PBLUP","genotyped"
3,5,"2464236",0.0910588841664946,-0.133041684511638,0.270561399096124,"PBLUP","not_genotyped"
3,5,"2464628",-0.356083719819559,-0.343094445598109,0.0605086380096521,"PBLUP","not_genotyped"
3,5,"2485260",-1.10190233754932,-0.270646691876157,0.132956391731605,"PBLUP","genotyped"
3,5,"2487807",-2.07697682556554,-0.236747217074541,0.166855866533221,"PBLUP","not_genotyped"
3,5,"269000",1.24462718778016,0.347575718731815,0.751178802339577,"PBLUP","genotyped"
3,5,"294614",1.49951247987093,0.240027740823875,0.643630824431636,"PBLUP","genotyped"
3,5,"294724",0.965651705127852,0.132740583111575,0.536343666719337,"PBLUP","genotyped"
3,5,"294897",0.50474560484396,0.349940485505845,0.753543569113607,"PBLUP","not_genotyped"
3,5,"295026",1.44896217127881,0.599667676784561,1.00327076039232,"PBLUP","not_genotyped"
3,5,"295261",0.222887117641691,0.378246147504738,0.781849231112499,"PBLUP","genotyped"
3,5,"305029",1.2708185511493,1.04451331126595,1.44811639487371,"PBLUP","genotyped"
3,5,"31089",-1.40101813164811,-0.403603083607762,0,"PBLUP","not_genotyped"
3,5,"321397",0.364545256460967,0.461377116873973,0.864980200481734,"PBLUP","not_genotyped"
3,5,"321487",0.590209587180944,0.185044032275309,0.588647115883071,"PBLUP","genotyped"
3,5,"321822",0.861635507071064,-0.220858922744367,0.182744160863394,"PBLUP","not_genotyped"
3,5,"321840",1.09444219652075,0.272570351556138,0.676173435163899,"PBLUP","not_genotyped"
3,5,"342294",0.689583659267455,0.634955553262941,1.0385586368707,"PBLUP","genotyped"
3,5,"345434",2.52690454198022,0.389643001309018,0.793246084916779,"PBLUP","not_genotyped"
3,5,"3578390",-1.48235306509574,0.0678232745978444,0.471426358205606,"PBLUP","not_genotyped"
3,5,"368747",1.46796231143435,0.214228579623431,0.617831663231193,"PBLUP","genotyped"
3,5,"369679",0.824579940115349,0.103096343032775,0.506699426640536,"PBLUP","genotyped"
3,5,"373101",-0.44842130622481,-0.138873531125118,0.264729552482644,"PBLUP","genotyped"
3,5,"377165",1.43900196064434,0.268561188506534,0.672164272114296,"PBLUP","not_genotyped"
3,5,"377191",0.812233513850544,0.328064803956612,0.731667887564373,"PBLUP","not_genotyped"
3,5,"3827759",-2.1265824208023,0.0867694452553777,0.490372528863139,"PBLUP","not_genotyped"
3,5,"3830109",-2.41866172921982,-0.160508305034056,0.243094778573705,"PBLUP","genotyped"
3,5,"3830165",-1.84079848672692,-0.270646691876157,0.132956391731605,"PBLUP","not_genotyped"
3,5,"3830201",-1.69475068843751,-0.301446224963494,0.102156858644267,"PBLUP","genotyped"
3,5,"3848142",-1.64571517884622,-0.270646691876157,0.132956391731605,"PBLUP","not_genotyped"
3,5,"3848815",-1.70271559931282,-0.236747217074541,0.166855866533221,"PBLUP","not_genotyped"
3,5,"3855675",-1.66940630945593,-0.125810446434712,0.277792637173049,"PBLUP","not_genotyped"
3,5,"3864287",-2.26872920446055,0.00213437641435515,0.405737460022117,"PBLUP","genotyped"
3,5,"3868812",-2.13250316743456,0.215990101054186,0.619593184661948,"PBLUP","not_genotyped"
3,5,"3889",2.33609687644057,0.318574170765059,0.722177254372821,"PBLUP","genotyped"
3,5,"390604",0.852253526162716,0.268561188506534,0.672164272114296,"PBLUP","not_genotyped"
3,5,"391721",-1.09107885436599,-0.403603083607762,0,"PBLUP","not_genotyped"
3,5,"391994",0.227317497515078,-0.0100418222084713,0.39356126139929,"PBLUP","genotyped"
3,5,"392036",0.331048652749132,-0.252200790237822,0.15140229336994,"PBLUP","genotyped"
3,5,"392959",0.26048019392028,0.650701714511768,1.05430479811953,"PBLUP","not_genotyped"
3,5,"393298",-0.151805744885452,0.156337057901966,0.559940141509728,"PBLUP","not_genotyped"
3,5,"4059227",-0.490371465650939,-0.13162982705114,0.271973256556621,"PBLUP","not_genotyped"
3,5,"4062993",-1.24850393332291,-0.294369411439043,0.109233672168719,"PBLUP","not_genotyped"
3,5,"4069736",-1.20997428776961,-0.291087233941165,0.112515849666596,"PBLUP","genotyped"
3,5,"413235",-0.454749256889555,-0.0150616265004057,0.388541457107356,"PBLUP","genotyped"
3,5,"414940",1.19555095778562,0.0560206100258604,0.459623693633622,"PBLUP","genotyped"
3,5,"415066",0.240014119247817,0.0560206100258604,0.459623693633622,"PBLUP","not_genotyped"
3,5,"415173",-0.00198723725527206,0.302470812074755,0.706073895682516,"PBLUP","genotyped"
3,5,"41686",0.409679751421092,0.350423554286477,0.754026637894238,"PBLUP","not_genotyped"
3,5,"41800",0.686040984184875,0.229304729015046,0.632907812622808,"PBLUP","genotyped"
3,5,"420071",1.23562797866234,0.184911189790271,0.588514273398033,"PBLUP","not_genotyped"
3,5,"420158",1.51528756408922,0.242292777188926,0.645895860796688,"PBLUP","not_genotyped"
3,5,"42066",0.139231121208924,0.46214965939312,0.865752743000882,"PBLUP","genotyped"
3,5,"42083",0.309238804769481,0.0755999839637851,0.479203067571547,"PBLUP","not_genotyped"
3,5,"422212",-0.278486919390099,0.524318423311287,0.927921506919049,"PBLUP","genotyped"
3,5,"423671",0.529128982308885,0.140909559182618,0.544512642790379,"PBLUP","genotyped"
3,5,"427258",0.105180720012913,0.00195760011517521,0.405560683722937,"PBLUP","not_genotyped"
3,5,"430154",0.869437536333388,0.021514662747228,0.42511774635499,"PBLUP","not_genotyped"
3,5,"433924",-0.430691642650614,-0.134454489149758,0.269148594458003,"PBLUP","genotyped"
3,5,"43789",-0.670200910474924,-0.0195619729742254,0.384041110633536,"PBLUP","genotyped"
3,5,"438760",-0.670640690830003,0.0675917906107906,0.471194874218552,"PBLUP","not_genotyped"
3,5,"438770",0.342629535432872,0.0675917906107906,0.471194874218552,"PBLUP","not_genotyped"
3,5,"450448",1.42136188195729,0.361129501750612,0.764732585358373,"PBLUP","genotyped"
3,5,"480914",0.360823411604095,0.295974671846685,0.699577755454447,"PBLUP","not_genotyped"
3,5,"62114",0.142285151452527,0.141284411109735,0.544887494717496,"PBLUP","genotyped"
3,5,"625454",0.42732797418879,0.192882449393603,0.596485533001365,"PBLUP","genotyped"
3,5,"62576",1.23914622150297,-0.00121223925066999,0.402390844357092,"PBLUP","genotyped"
3,5,"64869",0.525871350049044,0.232034190826965,0.635637274434726,"PBLUP","genotyped"
3,5,"65038",0.334575039670411,0.164493203744627,0.568096287352388,"PBLUP","not_genotyped"
3,5,"67055",-0.934574056522484,0.201597600238477,0.605200683846239,"PBLUP","not_genotyped"
3,5,"673831",0.29330898301885,-0.238424569709016,0.165178513898745,"PBLUP","not_genotyped"
3,5,"68460",1.04727168139822,0.39232950666896,0.795932590276722,"PBLUP","genotyped"
3,5,"70761",-0.135403566457144,-0.0821587655310342,0.321444318076727,"PBLUP","genotyped"
3,5,"76718",-0.40858860776758,-0.0670456233418711,0.336557460265891,"PBLUP","not_genotyped"
3,5,"770505",-0.471574927511644,0.025497567636313,0.429100651244075,"PBLUP","genotyped"
3,5,"77587",1.49285062189955,0.192535507656075,0.596138591263836,"PBLUP","not_genotyped"
3,5,"78690",-0.722958264923082,-0.403603083607762,0,"PBLUP","not_genotyped"
3,5,"82710",-0.0599079388352816,0.254672888626207,0.658275972233968,"PBLUP","not_genotyped"
3,5,"855587",-0.0389206430012417,0.318211888248932,0.721814971856694,"PBLUP","not_genotyped"
3,5,"85786",1.44805003424606,-0.195254016751196,0.208349066856566,"PBLUP","genotyped"
3,5,"85888",0.103739217737934,0.192882449393603,0.596485533001365,"PBLUP","genotyped"
3,5,"85899",0.852628153872598,0.0194705426083722,0.423073626216134,"PBLUP","not_genotyped"
3,5,"86954",-0.571950721518058,0.387480206653129,0.79108329026089,"PBLUP","genotyped"
3,5,"87507",-0.0755690059244772,0.0729097530075692,0.476512836615331,"PBLUP","genotyped"
3,5,"897095",0.599518271363445,-0.172748430244993,0.230854653362768,"PBLUP","genotyped"
3,5,"92207",1.8092807314594,0.309274733630598,0.71287781723836,"PBLUP","genotyped"
3,5,"106657",0.354935241294429,-0.454137101984427,-0.101864952538513,"ssGBLUP","not_genotyped"
3,5,"106844",0.600617722251142,-0.453506352740199,-0.101234203294285,"ssGBLUP","genotyped"
3,5,"107059",1.25938426191725,0.604854577208668,0.957126726654582,"ssGBLUP","genotyped"
3,5,"107131",0.186100305347415,-0.478183495743373,-0.125911346297459,"ssGBLUP","genotyped"
3,5,"1101307",0.849134343273915,0.0117962134388805,0.364068362884795,"ssGBLUP","genotyped"
3,5,"1193118",-1.27799364935514,-0.0645901917480523,0.287681957697862,"ssGBLUP","not_genotyped"
3,5,"126308",-0.72547478584381,-0.0768668734079669,0.275405276037947,"ssGBLUP","genotyped"
3,5,"126309",-0.85354045405889,-0.352272149445914,0,"ssGBLUP","not_genotyped"
3,5,"1290414",-0.332376301048552,-0.51393098377496,-0.161658834329046,"ssGBLUP","genotyped"
3,5,"1293839",-0.0380492263717348,0.103926137206092,0.456198286652006,"ssGBLUP","genotyped"
3,5,"1295300",-0.854232700914106,-0.781910728322893,-0.429638578876979,"ssGBLUP","genotyped"
3,5,"13350",0.316022823950605,0.386650180511495,0.738922329957409,"ssGBLUP","genotyped"
3,5,"1343502",-0.704397905122626,-0.7014516064818,-0.349179457035886,"ssGBLUP","not_genotyped"
3,5,"1390242",0.0430088083338105,-0.40392666422532,-0.0516545147794062,"ssGBLUP","not_genotyped"
3,5,"1402346",-0.162702524794628,-0.185066819095143,0.167205330350771,"ssGBLUP","not_genotyped"
3,5,"1410845",-1.38193655068608,-0.0722280450564078,0.280044104389506,"ssGBLUP","not_genotyped"
3,5,"1437563",-0.551834842313526,0.123147478341209,0.475419627787123,"ssGBLUP","genotyped"
3,5,"1478148",-0.880179741863756,0.632116019523757,0.984388168969671,"ssGBLUP","genotyped"
3,5,"1491661",-0.267622715803522,0.283087058447845,0.635359207893759,"ssGBLUP","not_genotyped"
3,5,"1507248",-0.200816822234791,-0.65053212304946,-0.298259973603546,"ssGBLUP","not_genotyped"
3,5,"15292",-1.12723857245025,-0.595881295311006,-0.243609145865092,"ssGBLUP","genotyped"
3,5,"1586793",2.08261236622153,-0.0174565511440959,0.334815598301818,"ssGBLUP","genotyped"
3,5,"1636202",-0.174201966671873,0.0177905713032475,0.370062720749162,"ssGBLUP","not_genotyped"
3,5,"1671946",-0.148678417916003,0.125975310511875,0.478247459957789,"ssGBLUP","genotyped"
3,5,"1672866",-0.491755959361372,-0.638716674188567,-0.286444524742653,"ssGBLUP","genotyped"
3,5,"168928",0.952971371556413,0.16718713020488,0.519459279650794,"ssGBLUP","genotyped"
3,5,"1766345",-0.623869235659307,-0.931263293634977,-0.578991144189063,"ssGBLUP","genotyped"
3,5,"1790751",0.0698516981549165,0.415350768850524,0.767622918296438,"ssGBLUP","not_genotyped"
3,5,"1812547",0.2621904508567,0.0114857230074716,0.363757872453386,"ssGBLUP","genotyped"
3,5,"19627",0.967549275919211,-0.174590678379808,0.177681471066106,"ssGBLUP","genotyped"
3,5,"2117143",0.0567723046316471,-0.633536007706887,-0.281263858260973,"ssGBLUP","genotyped"
3,5,"217726",-0.630873145017969,-0.0649019452907428,0.287370204155171,"ssGBLUP","not_genotyped"
3,5,"220384",-0.76760411504423,-0.352272149445914,0,"ssGBLUP","not_genotyped"
3,5,"2448313",0.167621386353455,0.414802715325015,0.767074864770929,"ssGBLUP","genotyped"
3,5,"2464236",0.0910588841664946,-0.0302537945982012,0.322018354847713,"ssGBLUP","not_genotyped"
3,5,"2464628",-0.356083719819559,-0.66541269809392,-0.313140548648006,"ssGBLUP","not_genotyped"
3,5,"2485260",-1.10190233754932,-1.2528141927935,-0.90054204334759,"ssGBLUP","genotyped"
3,5,"2487807",-2.07697682556554,-0.260218634066193,0.0920535153797207,"ssGBLUP","not_genotyped"
3,5,"269000",1.24462718778016,0.0291045248945132,0.381376674340427,"ssGBLUP","genotyped"
3,5,"294614",1.49951247987093,0.11066393043839,0.462936079884304,"ssGBLUP","genotyped"
3,5,"294724",0.965651705127852,-0.16552109462738,0.186751054818534,"ssGBLUP","genotyped"
3,5,"294897",0.50474560484396,0.512740369274363,0.865012518720277,"ssGBLUP","not_genotyped"
3,5,"295026",1.44896217127881,0.497627298467032,0.849899447912946,"ssGBLUP","not_genotyped"
3,5,"295261",0.222887117641691,0.603563064065379,0.955835213511293,"ssGBLUP","genotyped"
3,5,"305029",1.2708185511493,1.47508307278337,1.82735522222928,"ssGBLUP","genotyped"
3,5,"31089",-1.40101813164811,-0.352272149445914,0,"ssGBLUP","not_genotyped"
3,5,"321397",0.364545256460967,0.359889891207582,0.712162040653496,"ssGBLUP","not_genotyped"
3,5,"321487",0.590209587180944,-0.0909297743846116,0.261342375061302,"ssGBLUP","genotyped"
3,5,"321822",0.861635507071064,-0.286435918437182,0.0658362310087318,"ssGBLUP","not_genotyped"
3,5,"321840",1.09444219652075,0.466824460285232,0.819096609731146,"ssGBLUP","not_genotyped"
3,5,"342294",0.689583659267455,0.488469844506059,0.840741993951973,"ssGBLUP","genotyped"
3,5,"345434",2.52690454198022,0.280619421629875,0.632891571075789,"ssGBLUP","not_genotyped"
3,5,"3578390",-1.48235306509574,0.040699496728648,0.392971646174562,"ssGBLUP","not_genotyped"
3,5,"368747",1.46796231143435,0.252569476941497,0.604841626387411,"ssGBLUP","genotyped"
3,5,"369679",0.824579940115349,0.3354716338899,0.687743783335814,"ssGBLUP","genotyped"
3,5,"373101",-0.44842130622481,0.0326272473570519,0.384899396802966,"ssGBLUP","genotyped"
3,5,"377165",1.43900196064434,0.465239084064906,0.81751123351082,"ssGBLUP","not_genotyped"
3,5,"377191",0.812233513850544,0.335112463719543,0.687384613165457,"ssGBLUP","not_genotyped"
3,5,"3827759",-2.1265824208023,0.0942353985159432,0.446507547961857,"ssGBLUP","not_genotyped"
3,5,"3830109",-2.41866172921982,-0.0302340444479442,0.32203810499797,"ssGBLUP","genotyped"
3,5,"3830165",-1.84079848672692,-1.06168997622026,-0.709417826774343,"ssGBLUP","not_genotyped"
3,5,"3830201",-1.69475068843751,-1.29924159479897,-0.946969445353058,"ssGBLUP","genotyped"
3,5,"3848142",-1.64571517884622,-1.06168997622025,-0.70941782677434,"ssGBLUP","not_genotyped"
3,5,"3848815",-1.70271559931282,-0.260218634066192,0.0920535153797225,"ssGBLUP","not_genotyped"
3,5,"3855675",-1.66940630945593,-0.196622580502739,0.155649568943175,"ssGBLUP","not_genotyped"
3,5,"3864287",-2.26872920446055,-1.08156507842304,-0.729292928977126,"ssGBLUP","genotyped"
3,5,"3868812",-2.13250316743456,0.248086292123414,0.600358441569328,"ssGBLUP","not_genotyped"
3,5,"3889",2.33609687644057,0.409646795019438,0.761918944465352,"ssGBLUP","genotyped"
3,5,"390604",0.852253526162716,0.465239084064909,0.817511233510823,"ssGBLUP","not_genotyped"
3,5,"391721",-1.09107885436599,-0.352272149445914,0,"ssGBLUP","not_genotyped"
3,5,"391994",0.227317497515078,0.55688149719526,0.909153646641174,"ssGBLUP","genotyped"
3,5,"392036",0.331048652749132,0.0848700159526938,0.437142165398608,"ssGBLUP","genotyped"
3,5,"392959",0.26048019392028,0.82420992450616,1.17648207395207,"ssGBLUP","not_genotyped"
3,5,"393298",-0.151805744885452,-0.158534519741398,0.193737629704516,"ssGBLUP","not_genotyped"
3,5,"4059227",-0.490371465650939,0.208930726986931,0.561202876432845,"ssGBLUP","not_genotyped"
3,5,"4062993",-1.24850393332291,-0.331469463541734,0.0208026859041804,"ssGBLUP","not_genotyped"
3,5,"4069736",-1.20997428776961,0.454121061307675,0.806393210753589,"ssGBLUP","genotyped"
3,5,"413235",-0.454749256889555,-0.286985977743775,0.0652861717021395,"ssGBLUP","genotyped"
3,5,"414940",1.19555095778562,-0.338711812683311,0.0135603367626032,"ssGBLUP","genotyped"
3,5,"415066",0.240014119247817,-0.274680261837098,0.0775918876088165,"ssGBLUP","not_genotyped"
3,5,"415173",-0.00198723725527206,0.206942758206637,0.559214907652551,"ssGBLUP","genotyped"
3,5,"41686",0.409679751421092,0.0747221266514224,0.426994276097336,"ssGBLUP","not_genotyped"
3,5,"41800",0.686040984184875,0.237897505947701,0.590169655393615,"ssGBLUP","genotyped"
3,5,"420071",1.23562797866234,0.0790219826971821,0.431294132143096,"ssGBLUP","not_genotyped"
3,5,"420158",1.51528756408922,0.207635978628625,0.559908128074539,"ssGBLUP","not_genotyped"
3,5,"42066",0.139231121208924,0.365223830029821,0.717495979475735,"ssGBLUP","genotyped"
3,5,"42083",0.309238804769481,-0.0208592190695053,0.331412930376409,"ssGBLUP","not_genotyped"
3,5,"422212",-0.278486919390099,0.532366201148526,0.88463835059444,"ssGBLUP","genotyped"
3,5,"423671",0.529128982308885,0.346825548728869,0.699097698174783,"ssGBLUP","genotyped"
3,5,"427258",0.105180720012913,-0.0324264946505097,0.319845654795404,"ssGBLUP","not_genotyped"
3,5,"430154",0.869437536333388,-0.194332339056369,0.157939810389546,"ssGBLUP","not_genotyped"
3,5,"433924",-0.430691642650614,0.0335296228489301,0.385801772294844,"ssGBLUP","genotyped"
3,5,"43789",-0.670200910474924,0.235495280573391,0.587767430019305,"ssGBLUP","genotyped"
3,5,"438760",-0.670640690830003,0.0552338109751717,0.407505960421086,"ssGBLUP","not_genotyped"
3,5,"438770",0.342629535432872,0.0552338109751709,0.407505960421085,"ssGBLUP","not_genotyped"
3,5,"450448",1.42136188195729,0.378164634511474,0.730436783957388,"ssGBLUP","genotyped"
3,5,"480914",0.360823411604095,0.230217566359276,0.58248971580519,"ssGBLUP","not_genotyped"
3,5,"62114",0.142285151452527,0.4455876346496,0.797859784095514,"ssGBLUP","genotyped"
3,5,"625454",0.42732797418879,0.0141971457017243,0.366469295147638,"ssGBLUP","genotyped"
3,5,"62576",1.23914622150297,0.603578533508007,0.955850682953921,"ssGBLUP","genotyped"
3,5,"64869",0.525871350049044,0.00215342901275217,0.354425578458666,"ssGBLUP","genotyped"
3,5,"65038",0.334575039670411,0.302173692565047,0.654445842010961,"ssGBLUP","not_genotyped"
3,5,"67055",-0.934574056522484,0.248390333145845,0.600662482591759,"ssGBLUP","not_genotyped"
3,5,"673831",0.29330898301885,-0.207022369146412,0.145249780299502,"ssGBLUP","not_genotyped"
3,5,"68460",1.04727168139822,0.421337520996927,0.773609670442841,"ssGBLUP","genotyped"
3,5,"70761",-0.135403566457144,0.103704513944759,0.455976663390673,"ssGBLUP","genotyped"
3,5,"76718",-0.40858860776758,-0.0448842657310703,0.307387883714844,"ssGBLUP","not_genotyped"
3,5,"770505",-0.471574927511644,0.44145283265783,0.793724982103744,"ssGBLUP","genotyped"
3,5,"77587",1.49285062189955,0.243179160150606,0.59545130959652,"ssGBLUP","not_genotyped"
3,5,"78690",-0.722958264923082,-0.352272149445914,0,"ssGBLUP","not_genotyped"
3,5,"82710",-0.0599079388352816,0.358215084297862,0.710487233743776,"ssGBLUP","not_genotyped"
3,5,"855587",-0.0389206430012417,0.599819016291413,0.952091165737328,"ssGBLUP","not_genotyped"
3,5,"85786",1.44805003424606,-0.305093366777791,0.0471787826681227,"ssGBLUP","genotyped"
3,5,"85888",0.103739217737934,0.405985148321227,0.758257297767141,"ssGBLUP","genotyped"
3,5,"85899",0.852628153872598,0.120815307520249,0.473087456966163,"ssGBLUP","not_genotyped"
3,5,"86954",-0.571950721518058,-0.019941295014094,0.33233085443182,"ssGBLUP","genotyped"
3,5,"87507",-0.0755690059244772,0.409179272568873,0.761451422014788,"ssGBLUP","genotyped"
3,5,"897095",0.599518271363445,-0.00285314086591004,0.349419008580004,"ssGBLUP","genotyped"
3,5,"92207",1.8092807314594,0.371347982339496,0.72362013178541,"ssGBLUP","genotyped"
4,1,"103122",-0.561477433802664,-0.474274690805443,0,"PBLUP","not_genotyped"
4,1,"1058137",-1.22708500121444,0.117591405260168,0.591866096065611,"PBLUP","genotyped"
4,1,"1064007",1.13284153678365,0.222462576933514,0.696737267738957,"PBLUP","genotyped"
4,1,"106844",0.600617722251142,0.235816475805594,0.710091166611037,"PBLUP","genotyped"
4,1,"107052",1.20011164294941,0.331958084588041,0.806232775393483,"PBLUP","not_genotyped"
4,1,"1079616",0.712370796925057,0.441480972208945,0.915755663014388,"PBLUP","not_genotyped"
4,1,"1082612",1.48183982486128,0.340064695771251,0.814339386576694,"PBLUP","genotyped"
4,1,"1127595",0.712093898182969,0.236527690500159,0.710802381305602,"PBLUP","genotyped"
4,1,"1193118",-1.27799364935514,-0.156493866318889,0.317780824486554,"PBLUP","not_genotyped"
4,1,"126308",-0.72547478584381,-0.474274690805443,0,"PBLUP","genotyped"
4,1,"1295755",-1.01605558342181,-0.614380888349423,-0.140106197543981,"PBLUP","genotyped"
4,1,"1298199",-1.01373452043667,-0.120966690262259,0.353308000543184,"PBLUP","genotyped"
4,1,"1301800",-1.04135924200014,-0.338149424670968,0.136125266134474,"PBLUP","not_genotyped"
4,1,"1301936",-1.04376988987242,-0.215207761200949,0.259066929604494,"PBLUP","not_genotyped"
4,1,"13098",0.891019350054848,0.459266462139937,0.93354115294538,"PBLUP","not_genotyped"
4,1,"13421",1.00136349877638,0.40769127753122,0.881965968336663,"PBLUP","genotyped"
4,1,"1399978",-1.50500989746295,0.229811207519389,0.704085898324832,"PBLUP","not_genotyped"
4,1,"1402346",-0.162702524794628,-0.292929127773816,0.181345563031627,"PBLUP","not_genotyped"
4,1,"1410845",-1.38193655068608,-0.250794079543881,0.223480611261562,"PBLUP","not_genotyped"
4,1,"1478078",0.125092997201205,-0.131505448095164,0.342769242710279,"PBLUP","not_genotyped"
4,1,"16262",2.59396290204909,-0.0842348649929274,0.390039825812515,"PBLUP","not_genotyped"
4,1,"1635819",-0.549196160183055,-0.146493575064711,0.327781115740732,"PBLUP","genotyped"
4,1,"1636586",-0.384001628286413,-0.254075858876185,0.220198831929258,"PBLUP","not_genotyped"
4,1,"1642486",-0.246480682437141,0.00196742770818126,0.476242118513624,"PBLUP","genotyped"
4,1,"1671942",0.181808374845072,0.121051920567184,0.595326611372627,"PBLUP","genotyped"
4,1,"1672866",-0.491755959361372,-0.350961967234845,0.123312723570598,"PBLUP","genotyped"
4,1,"168060",-0.434926564588412,0.457462457126818,0.931737147932261,"PBLUP","not_genotyped"
4,1,"168154",1.4005456118169,0.719690806817405,1.19396549762285,"PBLUP","not_genotyped"
4,1,"168524",0.867116473348251,0.342642337641307,0.81691702844675,"PBLUP","not_genotyped"
4,1,"168912",-0.450848242258393,0.213603911645633,0.687878602451076,"PBLUP","genotyped"
4,1,"1766332",-0.555393805557406,-0.439421778291802,0.0348529125136403,"PBLUP","not_genotyped"
4,1,"1796426",-0.449993113790185,-0.287958956802751,0.186315734002692,"PBLUP","not_genotyped"
4,1,"1823515",0.462616275643541,0.243170108702765,0.717444799508208,"PBLUP","not_genotyped"
4,1,"20585",-1.30511343791833,0.0997543496559229,0.574029040461366,"PBLUP","not_genotyped"
4,1,"2117143",0.0567723046316471,0.134805755054784,0.609080445860226,"PBLUP","genotyped"
4,1,"2151597",0.577415236480409,0.0328443981010081,0.507119088906451,"PBLUP","genotyped"
4,1,"2166",-0.25270276005344,0.288211645343611,0.762486336149054,"PBLUP","genotyped"
4,1,"217777",0.0452402864318024,0.0984499200510198,0.572724610856463,"PBLUP","genotyped"
4,1,"2201664",-1.46839411086231,0.409655186353225,0.883929877158668,"PBLUP","genotyped"
4,1,"220399",-0.881059302573914,-0.474274690805443,0,"PBLUP","genotyped"
4,1,"2450184",-1.89225278827114,0.120300903331067,0.59457559413651,"PBLUP","not_genotyped"
4,1,"2484301",-2.02592158397315,-0.0677271216658921,0.406547569139551,"PBLUP","genotyped"
4,1,"2484320",-1.39759761777528,0.191412546361923,0.665687237167366,"PBLUP","genotyped"
4,1,"2485890",-2.06419061894565,-0.661236205483211,-0.186961514677768,"PBLUP","not_genotyped"
4,1,"2485920",-1.42456266880613,-1.50082162448421,-1.02654693367877,"PBLUP","not_genotyped"
4,1,"2588632",-0.466631470557333,-0.025605957420937,0.448668733384506,"PBLUP","not_genotyped"
4,1,"2600794",-0.27764807908319,0.340365138672944,0.814639829478387,"PBLUP","not_genotyped"
4,1,"294614",1.49951247987093,0.161393357079519,0.635668047884962,"PBLUP","genotyped"
4,1,"294705",0.782361026027785,-0.813437028120522,-0.339162337315079,"PBLUP","genotyped"
4,1,"294881",0.732445955726339,0.381546878295979,0.855821569101422,"PBLUP","not_genotyped"
4,1,"295146",1.00396960458425,0.210916337603813,0.685191028409256,"PBLUP","genotyped"
4,1,"321397",0.364545256460967,0.46661130401638,0.940885994821823,"PBLUP","not_genotyped"
4,1,"321614",-0.152489847660019,0.364411835369,0.838686526174443,"PBLUP","not_genotyped"
4,1,"321822",0.861635507071064,-0.157275403002031,0.316999287803412,"PBLUP","not_genotyped"
4,1,"342090",0.610089288046636,0.159268380647616,0.633543071453059,"PBLUP","not_genotyped"
4,1,"342202",0.333019520266336,-0.0583978556613504,0.415876835144092,"PBLUP","not_genotyped"
4,1,"355411",0.893902354604809,0.236527690500159,0.710802381305602,"PBLUP","genotyped"
4,1,"369564",0.0694933586063328,0.182631255576154,0.656905946381597,"PBLUP","genotyped"
4,1,"373101",-0.44842130622481,-0.152202038036582,0.322072652768861,"PBLUP","genotyped"
4,1,"376770",0.552209306869873,0.372961230894104,0.847235921699547,"PBLUP","genotyped"
4,1,"376790",-1.0649282114001,0.032166570367974,0.506441261173417,"PBLUP","genotyped"
4,1,"3826177",-0.880505505089741,0.349033545054256,0.823308235859699,"PBLUP","genotyped"
4,1,"3827759",-2.1265824208023,0.189124928954191,0.663399619759634,"PBLUP","not_genotyped"
4,1,"3830032",-1.50356025110732,0.0475178800358662,0.521792570841309,"PBLUP","not_genotyped"
4,1,"3830069",-1.63645535914761,-0.60136672924827,-0.127092038442827,"PBLUP","not_genotyped"
4,1,"3830130",-1.50911451411035,0.0138441396848067,0.48811883049025,"PBLUP","not_genotyped"
4,1,"3830165",-1.84079848672692,-0.820670206177029,-0.346395515371586,"PBLUP","not_genotyped"
4,1,"3830198",-2.0155215929836,-1.50755554323068,-1.03328085242524,"PBLUP","not_genotyped"
4,1,"3830201",-1.69475068843751,-0.233894577071732,0.240380113733711,"PBLUP","genotyped"
4,1,"3864287",-2.26872920446055,0.0245417653291868,0.49881645613463,"PBLUP","genotyped"
4,1,"3865255",-1.92223929322299,-0.573616464649103,-0.0993417738436601,"PBLUP","genotyped"
4,1,"3881",0.998317612613427,0.936989623064988,1.41126431387043,"PBLUP","genotyped"
4,1,"390845",0.463976337112026,-0.474274690805443,0,"PBLUP","not_genotyped"
4,1,"391721",-1.09107885436599,-0.474274690805443,0,"PBLUP","not_genotyped"
4,1,"391994",0.227317497515078,-0.0779105222331341,0.396364168572309,"PBLUP","genotyped"
4,1,"392959",0.26048019392028,0.331958084588041,0.806232775393483,"PBLUP","not_genotyped"
4,1,"393205",0.523151227112074,0.463220758665056,0.937495449470499,"PBLUP","not_genotyped"
4,1,"4057141",-0.841470926536171,-0.143333362882684,0.330941327922759,"PBLUP","genotyped"
4,1,"4057151",-1.10752175319755,-0.0309341907100207,0.443340500095422,"PBLUP","not_genotyped"
4,1,"4059227",-0.490371465650939,-0.101003781306869,0.373270909498574,"PBLUP","not_genotyped"
4,1,"412956",0.406967772564773,-0.0778331906390875,0.396441500166355,"PBLUP","genotyped"
4,1,"414940",1.19555095778562,0.088673040564644,0.562947731370087,"PBLUP","genotyped"
4,1,"41686",0.409679751421092,0.551137017131482,1.02541170793692,"PBLUP","not_genotyped"
4,1,"41761",0.535644246828573,0.118810964516439,0.593085655321882,"PBLUP","genotyped"
4,1,"41804",-0.456435081584024,-0.136387587618793,0.33788710318665,"PBLUP","genotyped"
4,1,"419152",-0.16824864371701,-0.088453122510661,0.385821568294782,"PBLUP","genotyped"
4,1,"420125",0.301453063668456,0.582566558500346,1.05684124930579,"PBLUP","not_genotyped"
4,1,"421442",0.84616989791746,0.352069127843713,0.826343818649156,"PBLUP","genotyped"
4,1,"422212",-0.278486919390099,0.662103945576387,1.13637863638183,"PBLUP","genotyped"
4,1,"422381",-0.397260191583976,0.179963911063364,0.654238601868806,"PBLUP","not_genotyped"
4,1,"423143",-1.25577659734301,-0.208614916441388,0.265659774364055,"PBLUP","not_genotyped"
4,1,"428988",0.0947807290233647,0.531949695362223,1.00622438616767,"PBLUP","not_genotyped"
4,1,"429247",-1.04267858306538,0.556576235384085,1.03085092618953,"PBLUP","not_genotyped"
4,1,"430390",-0.390231849983365,0.254597480982228,0.728872171787671,"PBLUP","not_genotyped"
4,1,"43154",0.0307112465529028,-0.00739095793919931,0.466883732866244,"PBLUP","genotyped"
4,1,"431742",-1.65755667211075,0.19237314740093,0.666647838206373,"PBLUP","not_genotyped"
4,1,"438770",0.342629535432872,0.0017895821645616,0.476064272970004,"PBLUP","not_genotyped"
4,1,"480143",0.202347746243382,0.516295970850812,0.990570661656255,"PBLUP","not_genotyped"
4,1,"536162",0.398147733221247,0.339497394760181,0.813772085565624,"PBLUP","genotyped"
4,1,"609448",1.15351121347235,0.515148978003898,0.989423668809341,"PBLUP","not_genotyped"
4,1,"62526",0.824197168324818,-0.286193832180783,0.18808085862466,"PBLUP","not_genotyped"
4,1,"625454",0.42732797418879,0.291395289405705,0.765669980211148,"PBLUP","genotyped"
4,1,"62603",0.702777069919819,-0.0930574271457847,0.381217263659658,"PBLUP","genotyped"
4,1,"64869",0.525871350049044,0.38112103640684,0.855395727212282,"PBLUP","genotyped"
4,1,"673831",0.29330898301885,-0.21484730998148,0.259427380823963,"PBLUP","not_genotyped"
4,1,"675238",0.418499790764617,0.198136397703334,0.672411088508777,"PBLUP","not_genotyped"
4,1,"68052",-0.150641141352559,0.259608815747073,0.733883506552516,"PBLUP","not_genotyped"
4,1,"692876",-0.85955892965895,-0.52847992600813,-0.054205235202687,"PBLUP","not_genotyped"
4,1,"76718",-0.40858860776758,0.213603911645633,0.687878602451076,"PBLUP","not_genotyped"
4,1,"80836",0.898780658913924,-0.059073417106797,0.415201273698646,"PBLUP","genotyped"
4,1,"83123",1.29932283342292,0.303309267098537,0.77758395790398,"PBLUP","not_genotyped"
4,1,"835884",0.0390507851381006,-0.0458107274388115,0.428463963366631,"PBLUP","genotyped"
4,1,"85741",0.620521855358782,0.320065013057384,0.794339703862827,"PBLUP","genotyped"
4,1,"85888",0.103739217737934,0.291395289405705,0.765669980211148,"PBLUP","genotyped"
4,1,"85899",0.852628153872598,0.102358836359472,0.576633527164915,"PBLUP","not_genotyped"
4,1,"86954",-0.571950721518058,0.356852685634573,0.831127376440016,"PBLUP","genotyped"
4,1,"87507",-0.0755690059244772,0.167644170922047,0.64191886172749,"PBLUP","genotyped"
4,1,"89242",-0.470361459494854,-0.110649432002555,0.363625258802887,"PBLUP","not_genotyped"
4,1,"96619",0.703550757581531,0.372961230894104,0.847235921699547,"PBLUP","genotyped"
4,1,"97127",0.36759928670457,-0.0436565845895754,0.430618106215867,"PBLUP","genotyped"
4,1,"103122",-0.561477433802664,-0.469156184053132,0,"ssGBLUP","not_genotyped"
4,1,"1058137",-1.22708500121444,-0.465511228248424,0.00364495580470815,"ssGBLUP","genotyped"
4,1,"1064007",1.13284153678365,0.270451352016993,0.739607536070125,"ssGBLUP","genotyped"
4,1,"106844",0.600617722251142,-0.112467753783737,0.356688430269395,"ssGBLUP","genotyped"
4,1,"107052",1.20011164294941,0.375606642572991,0.844762826626123,"ssGBLUP","not_genotyped"
4,1,"1079616",0.712370796925057,0.344287812370073,0.813443996423205,"ssGBLUP","not_genotyped"
4,1,"1082612",1.48183982486128,0.114666889396785,0.583823073449917,"ssGBLUP","genotyped"
4,1,"1127595",0.712093898182969,-0.154758394251935,0.314397789801197,"ssGBLUP","genotyped"
4,1,"1193118",-1.27799364935514,-0.0754578666623323,0.3936983173908,"ssGBLUP","not_genotyped"
4,1,"126308",-0.72547478584381,-0.0752038937059233,0.393952290347209,"ssGBLUP","genotyped"
4,1,"1295755",-1.01605558342181,-0.514580644495116,-0.0454244604419843,"ssGBLUP","genotyped"
4,1,"1298199",-1.01373452043667,-0.0674187834365553,0.401737400616577,"ssGBLUP","genotyped"
4,1,"1301800",-1.04135924200014,-0.293340974611896,0.175815209441236,"ssGBLUP","not_genotyped"
4,1,"1301936",-1.04376988987242,-0.0523176631724666,0.416838520880665,"ssGBLUP","not_genotyped"
4,1,"13098",0.891019350054848,0.710229006388242,1.17938519044137,"ssGBLUP","not_genotyped"
4,1,"13421",1.00136349877638,-0.0177500097339488,0.451406174319183,"ssGBLUP","genotyped"
4,1,"1399978",-1.50500989746295,0.145081279013956,0.614237463067088,"ssGBLUP","not_genotyped"
4,1,"1402346",-0.162702524794628,-0.206031377575603,0.263124806477529,"ssGBLUP","not_genotyped"
4,1,"1410845",-1.38193655068608,-0.10115158190309,0.368004602150042,"ssGBLUP","not_genotyped"
4,1,"1478078",0.125092997201205,-0.134717108095301,0.334439075957831,"ssGBLUP","not_genotyped"
4,1,"16262",2.59396290204909,-0.105808283264356,0.363347900788776,"ssGBLUP","not_genotyped"
4,1,"1635819",-0.549196160183055,-0.320722271770829,0.148433912282303,"ssGBLUP","genotyped"
4,1,"1636586",-0.384001628286413,-0.302289412238044,0.166866771815088,"ssGBLUP","not_genotyped"
4,1,"1642486",-0.246480682437141,-0.0873519058906108,0.381804278162521,"ssGBLUP","genotyped"
4,1,"1671942",0.181808374845072,0.167783292351423,0.636939476404555,"ssGBLUP","genotyped"
4,1,"1672866",-0.491755959361372,-0.47966033614451,-0.0105041520913784,"ssGBLUP","genotyped"
4,1,"168060",-0.434926564588412,0.440752652810057,0.909908836863189,"ssGBLUP","not_genotyped"
4,1,"168154",1.4005456118169,0.890286118128319,1.35944230218145,"ssGBLUP","not_genotyped"
4,1,"168524",0.867116473348251,0.391701939404752,0.860858123457883,"ssGBLUP","not_genotyped"
4,1,"168912",-0.450848242258393,0.170344261249148,0.63950044530228,"ssGBLUP","genotyped"
4,1,"1766332",-0.555393805557406,-0.667899379185829,-0.198743195132697,"ssGBLUP","not_genotyped"
4,1,"1796426",-0.449993113790185,-0.55986097473858,-0.0907047906854479,"ssGBLUP","not_genotyped"
4,1,"1823515",0.462616275643541,0.273644371351862,0.742800555404994,"ssGBLUP","not_genotyped"
4,1,"20585",-1.30511343791833,0.0962204470758121,0.565376631128944,"ssGBLUP","not_genotyped"
4,1,"2117143",0.0567723046316471,-0.480322617041563,-0.011166432988431,"ssGBLUP","genotyped"
4,1,"2151597",0.577415236480409,0.0692057696367734,0.538361953689905,"ssGBLUP","genotyped"
4,1,"2166",-0.25270276005344,0.0715733199642798,0.540729504017412,"ssGBLUP","genotyped"
4,1,"217777",0.0452402864318024,0.54302882584827,1.0121850099014,"ssGBLUP","genotyped"
4,1,"2201664",-1.46839411086231,-0.574454246767467,-0.105298062714335,"ssGBLUP","genotyped"
4,1,"220399",-0.881059302573914,-0.130595773478459,0.338560410574673,"ssGBLUP","genotyped"
4,1,"2450184",-1.89225278827114,0.149542073227775,0.618698257280907,"ssGBLUP","not_genotyped"
4,1,"2484301",-2.02592158397315,-0.163624346881669,0.305531837171463,"ssGBLUP","genotyped"
4,1,"2484320",-1.39759761777528,0.11106054537888,0.580216729432012,"ssGBLUP","genotyped"
4,1,"2485890",-2.06419061894565,-0.569814085158381,-0.100657901105249,"ssGBLUP","not_genotyped"
4,1,"2485920",-1.42456266880613,-1.39041811435995,-0.92126193030682,"ssGBLUP","not_genotyped"
4,1,"2588632",-0.466631470557333,-0.0103706855346211,0.458785498518511,"ssGBLUP","not_genotyped"
4,1,"2600794",-0.27764807908319,0.540906933973026,1.01006311802616,"ssGBLUP","not_genotyped"
4,1,"294614",1.49951247987093,-0.0350669002540012,0.434089283799131,"ssGBLUP","genotyped"
4,1,"294705",0.782361026027785,-0.018429612416503,0.450726571636629,"ssGBLUP","genotyped"
4,1,"294881",0.732445955726339,0.446150959200044,0.915307143253176,"ssGBLUP","not_genotyped"
4,1,"295146",1.00396960458425,0.355517451027548,0.82467363508068,"ssGBLUP","genotyped"
4,1,"321397",0.364545256460967,0.350896929068981,0.820053113122113,"ssGBLUP","not_genotyped"
4,1,"321614",-0.152489847660019,0.270055826932278,0.73921201098541,"ssGBLUP","not_genotyped"
4,1,"321822",0.861635507071064,-0.28541019360194,0.183745990451192,"ssGBLUP","not_genotyped"
4,1,"342090",0.610089288046636,0.0317491352711523,0.500905319324284,"ssGBLUP","not_genotyped"
4,1,"342202",0.333019520266336,-0.0667045934246867,0.402451590628445,"ssGBLUP","not_genotyped"
4,1,"355411",0.893902354604809,-0.147685788798891,0.32147039525424,"ssGBLUP","genotyped"
4,1,"369564",0.0694933586063328,-0.0405375708543157,0.428618613198816,"ssGBLUP","genotyped"
4,1,"373101",-0.44842130622481,0.15385210989985,0.623008293952982,"ssGBLUP","genotyped"
4,1,"376770",0.552209306869873,0.494751617671209,0.963907801724341,"ssGBLUP","genotyped"
4,1,"376790",-1.0649282114001,-0.122044521571076,0.347111662482056,"ssGBLUP","genotyped"
4,1,"3826177",-0.880505505089741,-0.202104711560443,0.267051472492689,"ssGBLUP","genotyped"
4,1,"3827759",-2.1265824208023,0.176552537602518,0.64570872165565,"ssGBLUP","not_genotyped"
4,1,"3830032",-1.50356025110732,0.0112386848705717,0.480394868923704,"ssGBLUP","not_genotyped"
4,1,"3830069",-1.63645535914761,-0.716851054955518,-0.247694870902386,"ssGBLUP","not_genotyped"
4,1,"3830130",-1.50911451411035,0.114814405092086,0.583970589145218,"ssGBLUP","not_genotyped"
4,1,"3830165",-1.84079848672692,-1.1301030630689,-0.660946879015772,"ssGBLUP","not_genotyped"
4,1,"3830198",-2.0155215929836,-1.40096639193258,-0.931810207879444,"ssGBLUP","not_genotyped"
4,1,"3830201",-1.69475068843751,-1.19873066678569,-0.729574482732553,"ssGBLUP","genotyped"
4,1,"3864287",-2.26872920446055,-0.779966793169718,-0.310810609116586,"ssGBLUP","genotyped"
4,1,"3865255",-1.92223929322299,-0.714486183144579,-0.245329999091447,"ssGBLUP","genotyped"
4,1,"3881",0.998317612613427,0.696285107343713,1.16544129139684,"ssGBLUP","genotyped"
4,1,"390845",0.463976337112026,-0.469156184053132,0,"ssGBLUP","not_genotyped"
4,1,"391721",-1.09107885436599,-0.469156184053132,0,"ssGBLUP","not_genotyped"
4,1,"391994",0.227317497515078,0.524659457679571,0.993815641732703,"ssGBLUP","genotyped"
4,1,"392959",0.26048019392028,0.375606642572989,0.844762826626121,"ssGBLUP","not_genotyped"
4,1,"393205",0.523151227112074,0.488056621496566,0.957212805549698,"ssGBLUP","not_genotyped"
4,1,"4057141",-0.841470926536171,-0.327096475949004,0.142059708104128,"ssGBLUP","genotyped"
4,1,"4057151",-1.10752175319755,-0.226085768512636,0.243070415540496,"ssGBLUP","not_genotyped"
4,1,"4059227",-0.490371465650939,0.091038421096496,0.560194605149628,"ssGBLUP","not_genotyped"
4,1,"412956",0.406967772564773,0.395729794029589,0.864885978082721,"ssGBLUP","genotyped"
4,1,"414940",1.19555095778562,-0.165333397660877,0.303822786392255,"ssGBLUP","genotyped"
4,1,"41686",0.409679751421092,0.123360609461728,0.59251679351486,"ssGBLUP","not_genotyped"
4,1,"41761",0.535644246828573,0.549698066045131,1.01885425009826,"ssGBLUP","genotyped"
4,1,"41804",-0.456435081584024,0.149930001217196,0.619086185270328,"ssGBLUP","genotyped"
4,1,"419152",-0.16824864371701,-0.0980134200786594,0.371142763974473,"ssGBLUP","genotyped"
4,1,"420125",0.301453063668456,0.520027009614,0.989183193667132,"ssGBLUP","not_genotyped"
4,1,"421442",0.84616989791746,0.684983126107443,1.15413931016058,"ssGBLUP","genotyped"
4,1,"422212",-0.278486919390099,0.616215129201396,1.08537131325453,"ssGBLUP","genotyped"
4,1,"422381",-0.397260191583976,0.148313442007093,0.617469626060225,"ssGBLUP","not_genotyped"
4,1,"423143",-1.25577659734301,-0.225537870588751,0.243618313464381,"ssGBLUP","not_genotyped"
4,1,"428988",0.0947807290233647,0.508513823246742,0.977670007299874,"ssGBLUP","not_genotyped"
4,1,"429247",-1.04267858306538,0.619640904417164,1.0887970884703,"ssGBLUP","not_genotyped"
4,1,"430390",-0.390231849983365,-0.0175382738138701,0.451617910239262,"ssGBLUP","not_genotyped"
4,1,"43154",0.0307112465529028,0.231526575405842,0.700682759458974,"ssGBLUP","genotyped"
4,1,"431742",-1.65755667211075,0.1414041242622,0.610560308315332,"ssGBLUP","not_genotyped"
4,1,"438770",0.342629535432872,0.0486297127959821,0.517785896849114,"ssGBLUP","not_genotyped"
4,1,"480143",0.202347746243382,0.637952726100147,1.10710891015328,"ssGBLUP","not_genotyped"
4,1,"536162",0.398147733221247,0.39191870619472,0.861074890247852,"ssGBLUP","genotyped"
4,1,"609448",1.15351121347235,0.563054407426541,1.03221059147967,"ssGBLUP","not_genotyped"
4,1,"62526",0.824197168324818,-0.110950131987284,0.358206052065848,"ssGBLUP","not_genotyped"
4,1,"625454",0.42732797418879,0.157318887495969,0.626475071549101,"ssGBLUP","genotyped"
4,1,"62603",0.702777069919819,-0.202689939800492,0.26646624425264,"ssGBLUP","genotyped"
4,1,"64869",0.525871350049044,0.069705014645394,0.538861198698526,"ssGBLUP","genotyped"
4,1,"673831",0.29330898301885,-0.206830310221622,0.26232587383151,"ssGBLUP","not_genotyped"
4,1,"675238",0.418499790764617,0.269771583113611,0.738927767166743,"ssGBLUP","not_genotyped"
4,1,"68052",-0.150641141352559,0.456190488292647,0.925346672345779,"ssGBLUP","not_genotyped"
4,1,"692876",-0.85955892965895,-0.351317292083103,0.117838891970029,"ssGBLUP","not_genotyped"
4,1,"76718",-0.40858860776758,0.229121647921412,0.698277831974544,"ssGBLUP","not_genotyped"
4,1,"80836",0.898780658913924,-0.131491832583543,0.337664351469589,"ssGBLUP","genotyped"
4,1,"83123",1.29932283342292,0.220178014086675,0.689334198139806,"ssGBLUP","not_genotyped"
4,1,"835884",0.0390507851381006,-0.345273843986365,0.123882340066767,"ssGBLUP","genotyped"
4,1,"85741",0.620521855358782,-0.250281708953531,0.218874475099601,"ssGBLUP","genotyped"
4,1,"85888",0.103739217737934,0.32218162395764,0.791337808010772,"ssGBLUP","genotyped"
4,1,"85899",0.852628153872598,0.0547422980704349,0.523898482123567,"ssGBLUP","not_genotyped"
4,1,"86954",-0.571950721518058,0.0524388504046651,0.521595034457797,"ssGBLUP","genotyped"
4,1,"87507",-0.0755690059244772,0.396902213566431,0.866058397619563,"ssGBLUP","genotyped"
4,1,"89242",-0.470361459494854,-0.155929684386115,0.313226499667017,"ssGBLUP","not_genotyped"
4,1,"96619",0.703550757581531,0.384031197323598,0.85318738137673,"ssGBLUP","genotyped"
4,1,"97127",0.36759928670457,0.472620629396066,0.941776813449198,"ssGBLUP","genotyped"
4,2,"1066569",0.0567723046316471,0.373540290058586,0.922896013806627,"PBLUP","genotyped"
4,2,"107131",0.186100305347415,-0.549355723748041,0,"PBLUP","genotyped"
4,2,"1210458",-1.53023211523478,-0.26175055214538,0.287605171602661,"PBLUP","genotyped"
4,2,"1295736",-1.67898374829987,-0.331912327829958,0.217443395918083,"PBLUP","genotyped"
4,2,"1296234",-0.732226228702336,0.0948445995820295,0.64420032333007,"PBLUP","genotyped"
4,2,"1301796",-0.598541144839027,-0.33137779775992,0.217977925988121,"PBLUP","not_genotyped"
4,2,"1393230",-0.140526193185747,0.0242006504579274,0.573556374205968,"PBLUP","not_genotyped"
4,2,"144880",1.72531525996195,0.141164484117015,0.690520207865056,"PBLUP","not_genotyped"
4,2,"1477994",1.17454737379029,0.0955876155240335,0.644943339272074,"PBLUP","not_genotyped"
4,2,"1478148",-0.880179741863756,0.100293233679541,0.649648957427582,"PBLUP","genotyped"
4,2,"1563726",1.47973050797303,0.195678000854782,0.745033724602823,"PBLUP","genotyped"
4,2,"1563730",0.980278473974546,0.195678000854782,0.745033724602823,"PBLUP","not_genotyped"
4,2,"1671946",-0.148678417916003,0.064969833876682,0.614325557624723,"PBLUP","genotyped"
4,2,"168945",0.926380948235444,0.106698757746141,0.656054481494182,"PBLUP","genotyped"
4,2,"168979",0.200645633387613,0.385089055685647,0.934444779433688,"PBLUP","not_genotyped"
4,2,"1766345",-0.623869235659307,-0.492722548028776,0.0566331757192651,"PBLUP","genotyped"
4,2,"1790751",0.0698516981549165,0.351291296447786,0.900647020195827,"PBLUP","not_genotyped"
4,2,"19630",-0.519046773618208,0.0282347523006867,0.577590476048728,"PBLUP","not_genotyped"
4,2,"2099196",1.6878769212157,-0.14497711161446,0.404378612133581,"PBLUP","not_genotyped"
4,2,"2163596",0.718584730460706,-0.549355723748041,0,"PBLUP","genotyped"
4,2,"2163607",0.440545817083104,0.0373510345339957,0.586706758282037,"PBLUP","not_genotyped"
4,2,"217748",0.578498399206806,0.280454391625402,0.829810115373443,"PBLUP","genotyped"
4,2,"217754",-0.26662913796427,-0.250991595590208,0.298364128157833,"PBLUP","genotyped"
4,2,"218554",1.05305397865944,0.185076421632535,0.734432145380576,"PBLUP","genotyped"
4,2,"218794",0.156537292589339,0.0639770142825361,0.613332738030577,"PBLUP","not_genotyped"
4,2,"2464628",-0.356083719819559,-0.282258535258274,0.267097188489767,"PBLUP","not_genotyped"
4,2,"2485260",-1.10190233754932,-0.815422587904993,-0.266066864156952,"PBLUP","genotyped"
4,2,"2485915",-1.84783497240818,-1.44938254706782,-0.900026823319779,"PBLUP","not_genotyped"
4,2,"2620837",-0.706295475913985,-0.0042011068015515,0.545154616946489,"PBLUP","not_genotyped"
4,2,"2668072",-0.291427863542325,-0.549355723748041,0,"PBLUP","not_genotyped"
4,2,"269000",1.24462718778016,0.310415428215937,0.859771151963978,"PBLUP","genotyped"
4,2,"292907",-0.32430551712479,0.210008970011823,0.759364693759864,"PBLUP","not_genotyped"
4,2,"295190",0.249534549527208,0.234239454239898,0.783595177987939,"PBLUP","not_genotyped"
4,2,"295191",0.107982283756379,0.234239454239898,0.783595177987939,"PBLUP","genotyped"
4,2,"295261",0.222887117641691,0.375569905283893,0.924925629031934,"PBLUP","genotyped"
4,2,"305029",1.2708185511493,0.0558646674841626,0.605220391232204,"PBLUP","genotyped"
4,2,"30709",0.345105335950353,-0.170622763195286,0.378732960552755,"PBLUP","genotyped"
4,2,"321833",1.02641469085457,0.304900797987209,0.85425652173525,"PBLUP","not_genotyped"
4,2,"326413",0.516912861334475,0.334936770908736,0.884292494656777,"PBLUP","not_genotyped"
4,2,"342284",0.958330176623854,0.649731540928074,1.19908726467612,"PBLUP","not_genotyped"
4,2,"342325",0.252409409996521,0.158084824873822,0.707440548621863,"PBLUP","not_genotyped"
4,2,"342374",1.075702666946,0.244437640971093,0.793793364719134,"PBLUP","genotyped"
4,2,"343215",0.475402482263425,0.148628372935434,0.697984096683475,"PBLUP","not_genotyped"
4,2,"345434",2.52690454198022,0.296388616958594,0.845744340706635,"PBLUP","not_genotyped"
4,2,"358060",-0.459033043311249,0.226229057732439,0.77558478148048,"PBLUP","genotyped"
4,2,"359354",0.595723129780728,0.199287457898526,0.748643181646567,"PBLUP","not_genotyped"
4,2,"371007",-1.1563536607726,0.257002492835612,0.806358216583653,"PBLUP","genotyped"
4,2,"373045",-0.665941556295178,-0.108396741245592,0.440958982502449,"PBLUP","not_genotyped"
4,2,"377165",1.43900196064434,0.195678000854782,0.745033724602823,"PBLUP","not_genotyped"
4,2,"377191",0.812233513850544,0.339048916797435,0.888404640545476,"PBLUP","not_genotyped"
4,2,"3827770",-2.31129831401605,-0.637188245769928,-0.0878325220218873,"PBLUP","genotyped"
4,2,"3830114",-1.8422725653245,-0.0196361821583066,0.529719541589734,"PBLUP","genotyped"
4,2,"3830128",-2.00145676570173,-0.364742548890345,0.184613174857696,"PBLUP","not_genotyped"
4,2,"3848815",-1.70271559931282,-0.974436069191954,-0.425080345443913,"PBLUP","not_genotyped"
4,2,"3895",0.617410816550632,0.290768216080006,0.840123939828047,"PBLUP","genotyped"
4,2,"390866",0.477267476732186,0.236080930105909,0.78543665385395,"PBLUP","genotyped"
4,2,"393017",-0.57501289584231,0.0660578801069408,0.615413603854982,"PBLUP","not_genotyped"
4,2,"39359",1.49504952367494,0.0558646674841626,0.605220391232204,"PBLUP","not_genotyped"
4,2,"4057142",-0.895572054291514,0.0917002019387554,0.641055925686796,"PBLUP","genotyped"
4,2,"4069854",-0.902396793875885,0.0292390929084451,0.578594816656486,"PBLUP","not_genotyped"
4,2,"412450",-0.371948388924996,0.182813952155561,0.732169675903602,"PBLUP","genotyped"
4,2,"413235",-0.454749256889555,-0.078618437315555,0.470737286432486,"PBLUP","genotyped"
4,2,"41471",0.748286192589826,0.192712585936743,0.742068309684784,"PBLUP","not_genotyped"
4,2,"415173",-0.00198723725527206,0.41562899451605,0.964984718264091,"PBLUP","genotyped"
4,2,"41542",1.1421909413694,0.034990444956979,0.58434616870502,"PBLUP","not_genotyped"
4,2,"416396",2.27981313507113,0.0558646674841626,0.605220391232204,"PBLUP","not_genotyped"
4,2,"41660",-1.27526538233752,0.23712028286344,0.786476006611481,"PBLUP","genotyped"
4,2,"41669",-0.280189032245867,-0.0912836596006411,0.4580720641474,"PBLUP","genotyped"
4,2,"421749",0.130883438543077,0.0282347523006867,0.577590476048728,"PBLUP","genotyped"
4,2,"421919",0.0629292296027502,0.160854283577061,0.710210007325102,"PBLUP","not_genotyped"
4,2,"422005",0.127161593686205,-0.0508919395740098,0.498463784174031,"PBLUP","genotyped"
4,2,"422181",1.75413716138091,0.039775856359323,0.589131580107364,"PBLUP","genotyped"
4,2,"424700",1.6245078296811,0.53962108662843,1.08897681037647,"PBLUP","genotyped"
4,2,"4248",0.647218151728196,0.143922888007418,0.693278611755459,"PBLUP","not_genotyped"
4,2,"427258",0.105180720012913,-0.0966321909999752,0.452723532748066,"PBLUP","not_genotyped"
4,2,"429101",-1.68124780272046,-0.0548351164417646,0.494520607306276,"PBLUP","genotyped"
4,2,"430048",-0.567732087741562,0.178123690518709,0.72747941426675,"PBLUP","genotyped"
4,2,"430174",0.174861474050957,0.199651701954242,0.749007425702283,"PBLUP","genotyped"
4,2,"431424",0.771415381634711,0.215031784901254,0.764387508649295,"PBLUP","not_genotyped"
4,2,"432043",-0.726167032699027,0.180031870745915,0.729387594493956,"PBLUP","not_genotyped"
4,2,"43789",-0.670200910474924,-0.0893116926544436,0.460044031093597,"PBLUP","genotyped"
4,2,"438273",-1.23332336699204,0.504906364479909,1.05426208822795,"PBLUP","not_genotyped"
4,2,"443483",0.658522135669852,0.0920768350876742,0.641432558835715,"PBLUP","not_genotyped"
4,2,"460960",-0.381265217188148,-0.187535414192092,0.361820309555949,"PBLUP","not_genotyped"
4,2,"480914",0.360823411604095,0.283363789458274,0.832719513206315,"PBLUP","not_genotyped"
4,2,"512731",-0.111875317460428,0.0980101375018478,0.647365861249889,"PBLUP","genotyped"
4,2,"5131",-0.967639023959892,0.201742334970972,0.751098058719013,"PBLUP","genotyped"
4,2,"601577",0.10942378603136,0.429128766132975,0.978484489881016,"PBLUP","not_genotyped"
4,2,"60900",0.257466884079927,-0.078618437315555,0.470737286432486,"PBLUP","not_genotyped"
4,2,"609307",1.1992076499973,0.281415262007024,0.830770985755065,"PBLUP","not_genotyped"
4,2,"609368",1.70775662208139,0.281415262007024,0.830770985755065,"PBLUP","not_genotyped"
4,2,"62256",0.502253516165182,0.192712585936743,0.742068309684784,"PBLUP","not_genotyped"
4,2,"623960",0.796075657841723,-0.0126406670364673,0.536715056711574,"PBLUP","not_genotyped"
4,2,"62627",0.560687294826115,-0.0723188775465085,0.477036846201533,"PBLUP","genotyped"
4,2,"653215",1.16681049717316,0.187031729983576,0.736387453731617,"PBLUP","genotyped"
4,2,"664062",2.23440988544957,-0.176514721359978,0.372841002388063,"PBLUP","genotyped"
4,2,"701166",-0.948679604207606,-0.331312541797267,0.218043181950774,"PBLUP","genotyped"
4,2,"743034",0.0299619911331384,0.124234224364099,0.67358994811214,"PBLUP","genotyped"
4,2,"77205",-1.57563536485635,0.10035711522554,0.649712838973581,"PBLUP","not_genotyped"
4,2,"77230",-0.321023452622998,-0.174649577494427,0.374706146253614,"PBLUP","genotyped"
4,2,"77246",0.938141000693478,-0.0720136093338885,0.477342114414152,"PBLUP","genotyped"
4,2,"78690",-0.722958264923082,-0.549355723748041,0,"PBLUP","not_genotyped"
4,2,"82710",-0.0599079388352816,0.27624490527718,0.825600629025221,"PBLUP","not_genotyped"
4,2,"85331",-0.016524421214821,-0.166120792790073,0.383234930957968,"PBLUP","genotyped"
4,2,"855168",-1.10036310630655,0.173054934762448,0.722410658510489,"PBLUP","not_genotyped"
4,2,"855587",-0.0389206430012417,0.240945937371673,0.790301661119714,"PBLUP","not_genotyped"
4,2,"85646",1.96339116959193,0.502445450428188,1.05180117417623,"PBLUP","genotyped"
4,2,"86490",0.790757573177529,0.184257207797246,0.733612931545287,"PBLUP","not_genotyped"
4,2,"86783",-1.08113493189282,-0.109863854089585,0.439491869658455,"PBLUP","not_genotyped"
4,2,"87107",0.0043977219740216,0.182198406486016,0.731554130234057,"PBLUP","genotyped"
4,2,"877657",1.26586695011434,0.0345180099817487,0.58387373372979,"PBLUP","not_genotyped"
4,2,"878573",0.0873126070676752,0.0639770142825361,0.613332738030577,"PBLUP","not_genotyped"
4,2,"88809",-0.115605306397947,-0.0389952159145093,0.510360507833532,"PBLUP","genotyped"
4,2,"89762",1.31910480532082,-0.0106033588819587,0.538752364866082,"PBLUP","not_genotyped"
4,2,"900613",0.745851112475593,0.120490016597331,0.669845740345372,"PBLUP","not_genotyped"
4,2,"904516",0.578807874271491,-0.419604816476449,0.129750907271592,"PBLUP","genotyped"
4,2,"92207",1.8092807314594,0.363591396963159,0.9129471207112,"PBLUP","genotyped"
4,2,"934019",0.0447272093508763,-0.0684305367690938,0.480925186978947,"PBLUP","genotyped"
4,2,"96413",0.107485494836752,0.255934648731506,0.805290372479547,"PBLUP","genotyped"
4,2,"984151",1.24695639484595,0.273979873401203,0.823335597149244,"PBLUP","not_genotyped"
4,2,"1066569",0.0567723046316471,0.491536384238045,0.954153353162823,"ssGBLUP","genotyped"
4,2,"107131",0.186100305347415,-0.336788409431661,0.125828559493116,"ssGBLUP","genotyped"
4,2,"1210458",-1.53023211523478,-0.0836056098970698,0.379011359027708,"ssGBLUP","genotyped"
4,2,"1295736",-1.67898374829987,-0.446719096846071,0.0158978720787066,"ssGBLUP","genotyped"
4,2,"1296234",-0.732226228702336,0.308002150332297,0.770619119257075,"ssGBLUP","genotyped"
4,2,"1301796",-0.598541144839027,-0.317608906798865,0.145008062125912,"ssGBLUP","not_genotyped"
4,2,"1393230",-0.140526193185747,0.100885419911459,0.563502388836237,"ssGBLUP","not_genotyped"
4,2,"144880",1.72531525996195,0.212350429733477,0.674967398658255,"ssGBLUP","not_genotyped"
4,2,"1477994",1.17454737379029,0.0942776258950644,0.556894594819842,"ssGBLUP","not_genotyped"
4,2,"1478148",-0.880179741863756,0.493424260431514,0.956041229356292,"ssGBLUP","genotyped"
4,2,"1563726",1.47973050797303,0.282075637745503,0.74469260667028,"ssGBLUP","genotyped"
4,2,"1563730",0.980278473974546,0.402159147701882,0.86477611662666,"ssGBLUP","not_genotyped"
4,2,"1671946",-0.148678417916003,0.207439530066545,0.670056498991323,"ssGBLUP","genotyped"
4,2,"168945",0.926380948235444,0.304081421506112,0.76669839043089,"ssGBLUP","genotyped"
4,2,"168979",0.200645633387613,0.520038423010735,0.982655391935513,"ssGBLUP","not_genotyped"
4,2,"1766345",-0.623869235659307,-0.80715383449728,-0.344536865572502,"ssGBLUP","genotyped"
4,2,"1790751",0.0698516981549165,0.334508485118872,0.79712545404365,"ssGBLUP","not_genotyped"
4,2,"19630",-0.519046773618208,0.0446026990179769,0.507219667942755,"ssGBLUP","not_genotyped"
4,2,"2099196",1.6878769212157,-0.0594605570157945,0.403156411908983,"ssGBLUP","not_genotyped"
4,2,"2163596",0.718584730460706,0.397571415716926,0.860188384641704,"ssGBLUP","genotyped"
4,2,"2163607",0.440545817083104,0.0976386550678559,0.560255623992634,"ssGBLUP","not_genotyped"
4,2,"217748",0.578498399206806,-0.285140646266161,0.177476322658617,"ssGBLUP","genotyped"
4,2,"217754",-0.26662913796427,-0.429378304965848,0.0332386639589301,"ssGBLUP","genotyped"
4,2,"218554",1.05305397865944,0.0391366744965286,0.501753643421306,"ssGBLUP","genotyped"
4,2,"218794",0.156537292589339,0.0507602056074263,0.513377174532204,"ssGBLUP","not_genotyped"
4,2,"2464628",-0.356083719819559,-0.506092345891669,-0.0434753769668914,"ssGBLUP","not_genotyped"
4,2,"2485260",-1.10190233754932,-1.45183023246169,-0.98921326353691,"ssGBLUP","genotyped"
4,2,"2485915",-1.84783497240818,-1.39129039428058,-0.928673425355805,"ssGBLUP","not_genotyped"
4,2,"2620837",-0.706295475913985,0.13832872508903,0.600945694013808,"ssGBLUP","not_genotyped"
4,2,"2668072",-0.291427863542325,-0.462616968924778,0,"ssGBLUP","not_genotyped"
4,2,"269000",1.24462718778016,0.139405613006491,0.602022581931269,"ssGBLUP","genotyped"
4,2,"292907",-0.32430551712479,0.219262980600439,0.681879949525217,"ssGBLUP","not_genotyped"
4,2,"295190",0.249534549527208,0.441894462429443,0.90451143135422,"ssGBLUP","not_genotyped"
4,2,"295191",0.107982283756379,0.443600706778233,0.90621767570301,"ssGBLUP","genotyped"
4,2,"295261",0.222887117641691,0.388181541501111,0.850798510425889,"ssGBLUP","genotyped"
4,2,"305029",1.2708185511493,0.886849353330866,1.34946632225564,"ssGBLUP","genotyped"
4,2,"30709",0.345105335950353,-0.441715446488378,0.0209015224364001,"ssGBLUP","genotyped"
4,2,"321833",1.02641469085457,0.585501719983839,1.04811868890862,"ssGBLUP","not_genotyped"
4,2,"326413",0.516912861334475,0.38737290433748,0.849989873262258,"ssGBLUP","not_genotyped"
4,2,"342284",0.958330176623854,0.519014999131617,0.981631968056395,"ssGBLUP","not_genotyped"
4,2,"342325",0.252409409996521,0.0145005135225257,0.477117482447304,"ssGBLUP","not_genotyped"
4,2,"342374",1.075702666946,0.30943224188026,0.772049210805038,"ssGBLUP","genotyped"
4,2,"343215",0.475402482263425,0.220324512086582,0.68294148101136,"ssGBLUP","not_genotyped"
4,2,"345434",2.52690454198022,0.258671620879945,0.721288589804723,"ssGBLUP","not_genotyped"
4,2,"358060",-0.459033043311249,-0.111202644792205,0.351414324132573,"ssGBLUP","genotyped"
4,2,"359354",0.595723129780728,0.397632360350501,0.860249329275279,"ssGBLUP","not_genotyped"
4,2,"371007",-1.1563536607726,-0.33481064009365,0.127806328831128,"ssGBLUP","genotyped"
4,2,"373045",-0.665941556295178,0.0330568681782807,0.495673837103059,"ssGBLUP","not_genotyped"
4,2,"377165",1.43900196064434,0.425339825256754,0.887956794181531,"ssGBLUP","not_genotyped"
4,2,"377191",0.812233513850544,0.280480421182665,0.743097390107442,"ssGBLUP","not_genotyped"
4,2,"3827770",-2.31129831401605,-0.725331443940507,-0.262714475015729,"ssGBLUP","genotyped"
4,2,"3830114",-1.8422725653245,-0.226802857546914,0.235814111377864,"ssGBLUP","genotyped"
4,2,"3830128",-2.00145676570173,-0.742734401123817,-0.280117432199039,"ssGBLUP","not_genotyped"
4,2,"3848815",-1.70271559931282,-1.18026330378842,-0.717646334863647,"ssGBLUP","not_genotyped"
4,2,"3895",0.617410816550632,0.384070865213712,0.84668783413849,"ssGBLUP","genotyped"
4,2,"390866",0.477267476732186,0.183276790090262,0.64589375901504,"ssGBLUP","genotyped"
4,2,"393017",-0.57501289584231,0.132865325971204,0.595482294895982,"ssGBLUP","not_genotyped"
4,2,"39359",1.49504952367494,0.835984382455337,1.29860135138012,"ssGBLUP","not_genotyped"
4,2,"4057142",-0.895572054291514,0.252861843481602,0.71547881240638,"ssGBLUP","genotyped"
4,2,"4069854",-0.902396793875885,-0.0690833420603634,0.393533626864414,"ssGBLUP","not_genotyped"
4,2,"412450",-0.371948388924996,-0.275391588748886,0.187225380175892,"ssGBLUP","genotyped"
4,2,"413235",-0.454749256889555,-0.304632510032475,0.157984458892303,"ssGBLUP","genotyped"
4,2,"41471",0.748286192589826,0.368181180050852,0.83079814897563,"ssGBLUP","not_genotyped"
4,2,"415173",-0.00198723725527206,0.102648986548257,0.565265955473035,"ssGBLUP","genotyped"
4,2,"41542",1.1421909413694,-0.0674143147931238,0.395202654131654,"ssGBLUP","not_genotyped"
4,2,"416396",2.27981313507113,0.83598438245534,1.29860135138012,"ssGBLUP","not_genotyped"
4,2,"41660",-1.27526538233752,-0.183696966961129,0.278920001963649,"ssGBLUP","genotyped"
4,2,"41669",-0.280189032245867,-0.210282666205506,0.252334302719271,"ssGBLUP","genotyped"
4,2,"421749",0.130883438543077,0.384946175756535,0.847563144681313,"ssGBLUP","genotyped"
4,2,"421919",0.0629292296027502,0.14096159609456,0.603578565019338,"ssGBLUP","not_genotyped"
4,2,"422005",0.127161593686205,0.138535489653328,0.601152458578106,"ssGBLUP","genotyped"
4,2,"422181",1.75413716138091,-0.0642051553404521,0.398411813584326,"ssGBLUP","genotyped"
4,2,"424700",1.6245078296811,0.468936719605422,0.9315536885302,"ssGBLUP","genotyped"
4,2,"4248",0.647218151728196,0.074773674712575,0.537390643637353,"ssGBLUP","not_genotyped"
4,2,"427258",0.105180720012913,-0.0819213322368846,0.380695636687893,"ssGBLUP","not_genotyped"
4,2,"429101",-1.68124780272046,0.439856491976534,0.902473460901312,"ssGBLUP","genotyped"
4,2,"430048",-0.567732087741562,-0.283098171294385,0.179518797630393,"ssGBLUP","genotyped"
4,2,"430174",0.174861474050957,0.306300395007557,0.768917363932335,"ssGBLUP","genotyped"
4,2,"431424",0.771415381634711,0.200592661914259,0.663209630839037,"ssGBLUP","not_genotyped"
4,2,"432043",-0.726167032699027,0.065473273563973,0.528090242488751,"ssGBLUP","not_genotyped"
4,2,"43789",-0.670200910474924,0.371576899091935,0.834193868016713,"ssGBLUP","genotyped"
4,2,"438273",-1.23332336699204,0.627478084903111,1.09009505382789,"ssGBLUP","not_genotyped"
4,2,"443483",0.658522135669852,0.0789924992191104,0.541609468143888,"ssGBLUP","not_genotyped"
4,2,"460960",-0.381265217188148,-0.121792395641675,0.340824573283103,"ssGBLUP","not_genotyped"
4,2,"480914",0.360823411604095,0.179979268754498,0.642596237679276,"ssGBLUP","not_genotyped"
4,2,"512731",-0.111875317460428,0.154832727382819,0.617449696307597,"ssGBLUP","genotyped"
4,2,"5131",-0.967639023959892,-0.252249516023655,0.210367452901123,"ssGBLUP","genotyped"
4,2,"601577",0.10942378603136,0.323483600849197,0.786100569773975,"ssGBLUP","not_genotyped"
4,2,"60900",0.257466884079927,-0.193554859461167,0.269062109463611,"ssGBLUP","not_genotyped"
4,2,"609307",1.1992076499973,0.350312260529105,0.812929229453883,"ssGBLUP","not_genotyped"
4,2,"609368",1.70775662208139,0.350312260529105,0.812929229453883,"ssGBLUP","not_genotyped"
4,2,"62256",0.502253516165182,0.368181180050855,0.830798148975633,"ssGBLUP","not_genotyped"
4,2,"623960",0.796075657841723,-0.0149166523919099,0.447700316532868,"ssGBLUP","not_genotyped"
4,2,"62627",0.560687294826115,0.0348262877089069,0.497443256633685,"ssGBLUP","genotyped"
4,2,"653215",1.16681049717316,-0.103435928486297,0.359181040438481,"ssGBLUP","genotyped"
4,2,"664062",2.23440988544957,1.01864791799437,1.48126488691915,"ssGBLUP","genotyped"
4,2,"701166",-0.948679604207606,-0.0895545007256858,0.373062468199092,"ssGBLUP","genotyped"
4,2,"743034",0.0299619911331384,0.198071396670753,0.660688365595531,"ssGBLUP","genotyped"
4,2,"77205",-1.57563536485635,0.101809832598837,0.564426801523615,"ssGBLUP","not_genotyped"
4,2,"77230",-0.321023452622998,-0.143490540221742,0.319126428703036,"ssGBLUP","genotyped"
4,2,"77246",0.938141000693478,0.112058441314663,0.574675410239441,"ssGBLUP","genotyped"
4,2,"78690",-0.722958264923082,-0.462616968924778,0,"ssGBLUP","not_genotyped"
4,2,"82710",-0.0599079388352816,0.299911920778008,0.762528889702785,"ssGBLUP","not_genotyped"
4,2,"85331",-0.016524421214821,0.251545748335947,0.714162717260725,"ssGBLUP","genotyped"
4,2,"855168",-1.10036310630655,0.1348759829732,0.597492951897978,"ssGBLUP","not_genotyped"
4,2,"855587",-0.0389206430012417,0.423444581497926,0.886061550422704,"ssGBLUP","not_genotyped"
4,2,"85646",1.96339116959193,0.233642820809558,0.696259789734336,"ssGBLUP","genotyped"
4,2,"86490",0.790757573177529,0.14471203068548,0.607328999610257,"ssGBLUP","not_genotyped"
4,2,"86783",-1.08113493189282,-0.0526298780284356,0.409987090896342,"ssGBLUP","not_genotyped"
4,2,"87107",0.0043977219740216,0.838140326220924,1.3007572951457,"ssGBLUP","genotyped"
4,2,"877657",1.26586695011434,0.134191814796026,0.596808783720804,"ssGBLUP","not_genotyped"
4,2,"878573",0.0873126070676752,0.0507602056074254,0.513377174532203,"ssGBLUP","not_genotyped"
4,2,"88809",-0.115605306397947,0.168560781095993,0.631177750020771,"ssGBLUP","genotyped"
4,2,"89762",1.31910480532082,0.0816413982326564,0.544258367157434,"ssGBLUP","not_genotyped"
4,2,"900613",0.745851112475593,0.0890858630106239,0.551702831935402,"ssGBLUP","not_genotyped"
4,2,"904516",0.578807874271491,-0.0465100013806955,0.416106967544082,"ssGBLUP","genotyped"
4,2,"92207",1.8092807314594,0.38623296822712,0.848849937151898,"ssGBLUP","genotyped"
4,2,"934019",0.0447272093508763,-0.195425139769171,0.267191829155607,"ssGBLUP","genotyped"
4,2,"96413",0.107485494836752,0.128537497086514,0.591154466011292,"ssGBLUP","genotyped"
4,2,"984151",1.24695639484595,0.232790586572754,0.695407555497532,"ssGBLUP","not_genotyped"
4,3,"1066175",0.208789714037222,0.450708079421416,0.842920096552493,"PBLUP","genotyped"
4,3,"107066",0.640882056982801,-0.0682071994560383,0.324004817675039,"PBLUP","not_genotyped"
4,3,"107103",0.29973466265139,-0.101231861110107,0.290980156020969,"PBLUP","genotyped"
4,3,"126114",1.67147474278739,0.0812595651513061,0.473471582282383,"PBLUP","not_genotyped"
4,3,"1290408",-0.336269171599065,0.0456496524242855,0.437861669555362,"PBLUP","genotyped"
4,3,"1290414",-0.332376301048552,0.0456496524242855,0.437861669555362,"PBLUP","genotyped"
4,3,"1293839",-0.0380492263717348,0.104037010842005,0.496249027973082,"PBLUP","genotyped"
4,3,"1296766",0.183298741603949,0.00655513611541153,0.398767153246488,"PBLUP","not_genotyped"
4,3,"1298205",-0.951635905483413,-0.181853611957321,0.210358405173756,"PBLUP","not_genotyped"
4,3,"1301802",-0.857237866673811,-0.406748450679752,-0.0145364335486747,"PBLUP","genotyped"
4,3,"130562",-0.781090712599981,0.368444303666402,0.760656320797478,"PBLUP","not_genotyped"
4,3,"1311265",-0.879609656218283,0.199986386029966,0.592198403161043,"PBLUP","not_genotyped"
4,3,"13396",0.797614889084498,-0.188212501192231,0.203999515938845,"PBLUP","not_genotyped"
4,3,"1343502",-0.704397905122626,-0.351264555303378,0.0409474618276991,"PBLUP","not_genotyped"
4,3,"13469",2.33971284824899,0.329228925260108,0.721440942391185,"PBLUP","not_genotyped"
4,3,"1360815",0.567332864636195,0.00418441825541171,0.396396435386489,"PBLUP","genotyped"
4,3,"13728",0.950023214361255,0.261938548077429,0.654150565208506,"PBLUP","not_genotyped"
4,3,"1390246",-1.64690421462106,-0.148260283945831,0.243951733185246,"PBLUP","genotyped"
4,3,"13954",0.665868096415797,-0.307620098646048,0.0845919184850289,"PBLUP","genotyped"
4,3,"143058",0.638056060997389,0.148457034016566,0.540669051147643,"PBLUP","genotyped"
4,3,"143844",-0.075365403908236,0.329096399211866,0.721308416342942,"PBLUP","genotyped"
4,3,"143989",1.07711159289838,-0.433520670850724,-0.0413086537196468,"PBLUP","not_genotyped"
4,3,"1477928",-0.894342298113424,0.169269137480883,0.56148115461196,"PBLUP","genotyped"
4,3,"1500224",-0.189520982373785,-0.142814443804065,0.249397573327011,"PBLUP","not_genotyped"
4,3,"1507236",-1.28624360305319,-0.119956233976974,0.272255783154103,"PBLUP","not_genotyped"
4,3,"15200",-0.401527689844371,-0.338475154408736,0.0537368627223404,"PBLUP","genotyped"
4,3,"16004",-0.485240694841686,0.086138160480513,0.47835017761159,"PBLUP","genotyped"
4,3,"16122",0.858573332746812,0.392760998138817,0.784973015269894,"PBLUP","genotyped"
4,3,"1630957",0.152864312216366,-0.273312029083917,0.11889998804716,"PBLUP","not_genotyped"
4,3,"1635496",-0.848865751766015,0.00204526412904277,0.39425728126012,"PBLUP","not_genotyped"
4,3,"1637620",0.296908666665976,-0.306490461750688,0.0857215553803886,"PBLUP","not_genotyped"
4,3,"1642335",-0.334257583678611,-0.230700187741598,0.161511829389479,"PBLUP","not_genotyped"
4,3,"1649008",-1.20229441971703,0.248637971769834,0.640849988900911,"PBLUP","genotyped"
4,3,"1673085",-1.12012879004314,-0.82680185242283,-0.434589835291753,"PBLUP","not_genotyped"
4,3,"170744",-2.22424623595239,-1.18607622931096,-0.793864212179882,"PBLUP","not_genotyped"
4,3,"170862",0.323262911648107,0.368444303666402,0.760656320797478,"PBLUP","not_genotyped"
4,3,"1815954",0.394873812800106,-0.0471792305048075,0.345032786626269,"PBLUP","genotyped"
4,3,"1816016",-0.218693079260679,-0.0564497308214613,0.335762286309616,"PBLUP","not_genotyped"
4,3,"1838323",-1.76676064954134,0.399832480815962,0.792044497947039,"PBLUP","genotyped"
4,3,"1982528",-0.731957474040898,-0.30779985157431,0.0844121655567672,"PBLUP","genotyped"
4,3,"2011449",0.0766927259005868,-0.0730644374110933,0.319147579719984,"PBLUP","genotyped"
4,3,"2167",0.341815127367912,-0.161647715746773,0.230564301384304,"PBLUP","genotyped"
4,3,"217385",0.955186561493106,0.228837865732288,0.621049882863365,"PBLUP","not_genotyped"
4,3,"2200733",0.204334901921886,0.364302259754957,0.756514276886034,"PBLUP","not_genotyped"
4,3,"220384",-0.76760411504423,-0.392212017131077,0,"PBLUP","not_genotyped"
4,3,"222693",-0.973934398302038,-0.392212017131077,0,"PBLUP","genotyped"
4,3,"2448314",0.700333845724937,0.0312336071103072,0.423445624241384,"PBLUP","not_genotyped"
4,3,"2460025",-0.086099302204419,0.0692292768971271,0.461441294028204,"PBLUP","genotyped"
4,3,"2465",0.785439488513336,0.0662697591768974,0.458481776307974,"PBLUP","genotyped"
4,3,"2485043",-1.35715411326932,-0.559493976425379,-0.167281959294302,"PBLUP","genotyped"
4,3,"2485913",-2.15730189301262,-1.43210573144606,-1.03989371431499,"PBLUP","genotyped"
4,3,"2601500",0.294286272696802,0.0456877712626945,0.437899788393771,"PBLUP","not_genotyped"
4,3,"2621166",-0.628633522839326,-0.0053261187536946,0.386885898377382,"PBLUP","genotyped"
4,3,"294745",0.374236712434001,-0.65596665200053,-0.263754634869453,"PBLUP","not_genotyped"
4,3,"294834",-0.157009812420551,0.242070821632917,0.634282838763993,"PBLUP","not_genotyped"
4,3,"295026",1.44896217127881,0.635923043182983,1.02813506031406,"PBLUP","not_genotyped"
4,3,"295091",0.609291168142973,0.153453390345617,0.545665407476694,"PBLUP","not_genotyped"
4,3,"295788",-1.68811326270808,-0.392212017131077,0,"PBLUP","not_genotyped"
4,3,"320849",-0.682832379562464,-0.392212017131077,0,"PBLUP","not_genotyped"
4,3,"321131",0.159412153058651,0.326665283488757,0.718877300619834,"PBLUP","genotyped"
4,3,"323172",1.15157292227774,0.218144116801077,0.610356133932154,"PBLUP","genotyped"
4,3,"341985",-0.539431407484175,0.197405192763697,0.589617209894774,"PBLUP","genotyped"
4,3,"342253",1.07641120196251,0.889457994542502,1.28167001167358,"PBLUP","genotyped"
4,3,"342263",0.0796897475796432,0.371822159292741,0.764034176423818,"PBLUP","genotyped"
4,3,"3578390",-1.48235306509574,0.254435648673445,0.646647665804522,"PBLUP","not_genotyped"
4,3,"367789",1.33162225727927,0.486602893447985,0.878814910579062,"PBLUP","genotyped"
4,3,"368747",1.46796231143435,0.226735614062151,0.618947631193227,"PBLUP","genotyped"
4,3,"377246",1.11277452206301,0.496442523542687,0.888654540673764,"PBLUP","not_genotyped"
4,3,"3827762",-2.04514161430622,-0.172185879915154,0.220026137215923,"PBLUP","not_genotyped"
4,3,"3827771",-1.56944586356264,-0.224990914248961,0.167221102882116,"PBLUP","genotyped"
4,3,"3830167",-1.78563862848713,-0.343080995404214,0.0491310217268626,"PBLUP","not_genotyped"
4,3,"3830206",-1.74084618491428,-0.159470796536811,0.232741220594266,"PBLUP","not_genotyped"
4,3,"3855646",-1.60297504359708,-0.333820207841029,0.058391809290048,"PBLUP","genotyped"
4,3,"3855675",-1.66940630945593,-0.0720462409288481,0.320165776202229,"PBLUP","not_genotyped"
4,3,"3889",2.33609687644057,0.269580105185176,0.661792122316253,"PBLUP","genotyped"
4,3,"390604",0.852253526162716,0.40926371936608,0.801475736497157,"PBLUP","not_genotyped"
4,3,"392956",0.556664118985209,0.0362773787582149,0.428489395889292,"PBLUP","not_genotyped"
4,3,"4059217",-1.14887739473626,0.00204526412904277,0.39425728126012,"PBLUP","not_genotyped"
4,3,"4062993",-1.24850393332291,-0.15165118138916,0.240560835741917,"PBLUP","not_genotyped"
4,3,"4069736",-1.20997428776961,-0.337467863824805,0.0547441533062719,"PBLUP","genotyped"
4,3,"41418",0.12124899113459,0.137558972361586,0.529770989492663,"PBLUP","genotyped"
4,3,"41484",0.282216745174085,0.0219525338657074,0.414164550996784,"PBLUP","genotyped"
4,3,"41800",0.686040984184875,0.0441259964041037,0.436338013535181,"PBLUP","genotyped"
4,3,"419525",0.918261299827786,0.175101440922587,0.567313458053664,"PBLUP","not_genotyped"
4,3,"420158",1.51528756408922,0.292642573639443,0.68485459077052,"PBLUP","not_genotyped"
4,3,"42066",0.139231121208924,0.499720385211173,0.891932402342249,"PBLUP","genotyped"
4,3,"421064",0.142985542388393,0.377984764297254,0.770196781428331,"PBLUP","not_genotyped"
4,3,"421340",1.00852214566739,0.478360130037353,0.87057214716843,"PBLUP","not_genotyped"
4,3,"42237",-1.09225974606019,0.24996756101173,0.642179578142807,"PBLUP","genotyped"
4,3,"42274",0.449406576829877,0.232779270806305,0.624991287937382,"PBLUP","not_genotyped"
4,3,"423671",0.529128982308885,0.123978619982488,0.516190637113564,"PBLUP","genotyped"
4,3,"450448",1.42136188195729,0.205764938402966,0.597976955534042,"PBLUP","genotyped"
4,3,"450770",0.934068960368675,0.205764938402966,0.597976955534042,"PBLUP","genotyped"
4,3,"454059",1.54804305646194,0.727148958976943,1.11936097610802,"PBLUP","genotyped"
4,3,"460689",0.966873317225293,0.0501555973066345,0.442367614437711,"PBLUP","genotyped"
4,3,"464211",0.902209316867409,-0.0453865119242366,0.34682550520684,"PBLUP","not_genotyped"
4,3,"471420",-0.766496520075884,0.13253594166552,0.524747958796597,"PBLUP","genotyped"
4,3,"62114",0.142285151452527,0.125975398801714,0.518187415932791,"PBLUP","genotyped"
4,3,"624629",0.195669600110703,0.107975708089647,0.500187725220723,"PBLUP","not_genotyped"
4,3,"62587",-0.879796970073224,0.0900305534073186,0.482242570538395,"PBLUP","not_genotyped"
4,3,"62633",0.381183613228116,0.185325732191518,0.577537749322595,"PBLUP","genotyped"
4,3,"665788",1.08817125442055,0.368444303666402,0.760656320797478,"PBLUP","genotyped"
4,3,"67929",1.70620110267732,0.00151442634296078,0.393726443474038,"PBLUP","not_genotyped"
4,3,"68460",1.04727168139822,0.360527729288841,0.752739746419917,"PBLUP","genotyped"
4,3,"692904",-1.4323891303104,-0.65596665200053,-0.263754634869453,"PBLUP","genotyped"
4,3,"770285",-0.722681366180996,0.462567995299502,0.854780012430579,"PBLUP","genotyped"
4,3,"77310",-0.0753409716662881,-0.237211582503078,0.155000434627999,"PBLUP","not_genotyped"
4,3,"77587",1.49285062189955,0.261023643197663,0.65323566032874,"PBLUP","not_genotyped"
4,3,"784135",-0.0531727841380565,0.305548654140276,0.697760671271353,"PBLUP","genotyped"
4,3,"80506",-0.60552876603639,0.0610650588144502,0.453277075945527,"PBLUP","genotyped"
4,3,"85587",0.475850406699153,-0.476318753012786,-0.0841067358817091,"PBLUP","genotyped"
4,3,"85599",0.529967822615795,-0.458422674876172,-0.0662106577450953,"PBLUP","not_genotyped"
4,3,"85637",0.149215764085342,0.324362466365184,0.716574483496261,"PBLUP","genotyped"
4,3,"85676",1.25576829010882,0.0747164322984381,0.466928449429515,"PBLUP","genotyped"
4,3,"85685",1.71138073797047,-0.918321327409482,-0.526109310278405,"PBLUP","not_genotyped"
4,3,"85711",0.512392896573941,-0.0860859368202662,0.306126080310811,"PBLUP","not_genotyped"
4,3,"86162",-0.760966689314801,0.401643578546886,0.793855595677963,"PBLUP","not_genotyped"
4,3,"86230",0.268111197488963,0.195240372547632,0.587452389678709,"PBLUP","genotyped"
4,3,"86394",0.108348767385612,-0.0956906166328477,0.296521400498229,"PBLUP","not_genotyped"
4,3,"876108",0.549358878642511,-0.20010467136152,0.192107345769557,"PBLUP","genotyped"
4,3,"1066175",0.208789714037222,0.503555185191266,0.912062345232278,"ssGBLUP","genotyped"
4,3,"107066",0.640882056982801,0.0959250178129716,0.504432177853984,"ssGBLUP","not_genotyped"
4,3,"107103",0.29973466265139,-0.235453186123014,0.173053973917998,"ssGBLUP","genotyped"
4,3,"126114",1.67147474278739,0.463933139679351,0.872440299720364,"ssGBLUP","not_genotyped"
4,3,"1290408",-0.336269171599065,-0.178054328453853,0.23045283158716,"ssGBLUP","genotyped"
4,3,"1290414",-0.332376301048552,-0.229104849812327,0.179402310228685,"ssGBLUP","genotyped"
4,3,"1293839",-0.0380492263717348,0.0664171029855775,0.47492426302659,"ssGBLUP","genotyped"
4,3,"1296766",0.183298741603949,0.0525626068385233,0.461069766879536,"ssGBLUP","not_genotyped"
4,3,"1298205",-0.951635905483413,-0.289278119966824,0.119229040074188,"ssGBLUP","not_genotyped"
4,3,"1301802",-0.857237866673811,-0.478321251683003,-0.0698140916419902,"ssGBLUP","genotyped"
4,3,"130562",-0.781090712599981,-0.103918414411377,0.304588745629635,"ssGBLUP","not_genotyped"
4,3,"1311265",-0.879609656218283,0.348089372537584,0.756596532578597,"ssGBLUP","not_genotyped"
4,3,"13396",0.797614889084498,-0.561944070826304,-0.153436910785291,"ssGBLUP","not_genotyped"
4,3,"1343502",-0.704397905122626,-0.562778283126478,-0.154271123085465,"ssGBLUP","not_genotyped"
4,3,"13469",2.33971284824899,0.778989914976083,1.1874970750171,"ssGBLUP","not_genotyped"
4,3,"1360815",0.567332864636195,-0.12211028401432,0.286396876026692,"ssGBLUP","genotyped"
4,3,"13728",0.950023214361255,0.160636305590382,0.569143465631394,"ssGBLUP","not_genotyped"
4,3,"1390246",-1.64690421462106,0.0963411684580477,0.50484832849906,"ssGBLUP","genotyped"
4,3,"13954",0.665868096415797,0.174535377712168,0.58304253775318,"ssGBLUP","genotyped"
4,3,"143058",0.638056060997389,-0.165796531951279,0.242710628089734,"ssGBLUP","genotyped"
4,3,"143844",-0.075365403908236,0.19084818786987,0.599355347910882,"ssGBLUP","genotyped"
4,3,"143989",1.07711159289838,-0.330908935555164,0.0775982244858484,"ssGBLUP","not_genotyped"
4,3,"1477928",-0.894342298113424,0.511778991243134,0.920286151284146,"ssGBLUP","genotyped"
4,3,"1500224",-0.189520982373785,-0.142722054179055,0.265785105861957,"ssGBLUP","not_genotyped"
4,3,"1507236",-1.28624360305319,-0.368918129219275,0.0395890308217373,"ssGBLUP","not_genotyped"
4,3,"15200",-0.401527689844371,-0.458721540942279,-0.050214380901267,"ssGBLUP","genotyped"
4,3,"16004",-0.485240694841686,-0.180665279552015,0.227841880488998,"ssGBLUP","genotyped"
4,3,"16122",0.858573332746812,0.491339827300377,0.899846987341389,"ssGBLUP","genotyped"
4,3,"1630957",0.152864312216366,-0.0520586229063255,0.356448537134687,"ssGBLUP","not_genotyped"
4,3,"1635496",-0.848865751766015,0.0790989235200206,0.487606083561033,"ssGBLUP","not_genotyped"
4,3,"1637620",0.296908666665976,-0.21685598822879,0.191651171812222,"ssGBLUP","not_genotyped"
4,3,"1642335",-0.334257583678611,-0.301856192785532,0.106650967255481,"ssGBLUP","not_genotyped"
4,3,"1649008",-1.20229441971703,0.633825033170063,1.04233219321108,"ssGBLUP","genotyped"
4,3,"1673085",-1.12012879004314,-0.735907257178922,-0.327400097137909,"ssGBLUP","not_genotyped"
4,3,"170744",-2.22424623595239,-1.26776675679661,-0.859259596755599,"ssGBLUP","not_genotyped"
4,3,"170862",0.323262911648107,-0.103918414411376,0.304588745629636,"ssGBLUP","not_genotyped"
4,3,"1815954",0.394873812800106,-0.0883436122872678,0.320163547753745,"ssGBLUP","genotyped"
4,3,"1816016",-0.218693079260679,-0.100612669783244,0.307894490257769,"ssGBLUP","not_genotyped"
4,3,"1838323",-1.76676064954134,-0.357968606107684,0.0505385539333288,"ssGBLUP","genotyped"
4,3,"1982528",-0.731957474040898,-0.665683900243219,-0.257176740202206,"ssGBLUP","genotyped"
4,3,"2011449",0.0766927259005868,0.127424518342878,0.535931678383891,"ssGBLUP","genotyped"
4,3,"2167",0.341815127367912,-0.165784924985406,0.242722235055607,"ssGBLUP","genotyped"
4,3,"217385",0.955186561493106,0.143201345143232,0.551708505184245,"ssGBLUP","not_genotyped"
4,3,"2200733",0.204334901921886,-0.144005723822287,0.264501436218726,"ssGBLUP","not_genotyped"
4,3,"220384",-0.76760411504423,-0.408507160041013,0,"ssGBLUP","not_genotyped"
4,3,"222693",-0.973934398302038,-0.430138317187665,-0.0216311571466527,"ssGBLUP","genotyped"
4,3,"2448314",0.700333845724937,0.182222170470728,0.590729330511741,"ssGBLUP","not_genotyped"
4,3,"2460025",-0.086099302204419,-0.520882160274397,-0.112375000233385,"ssGBLUP","genotyped"
4,3,"2465",0.785439488513336,0.10767545680752,0.516182616848532,"ssGBLUP","genotyped"
4,3,"2485043",-1.35715411326932,-0.393636155319312,0.0148710047217001,"ssGBLUP","genotyped"
4,3,"2485913",-2.15730189301262,-1.3912433919012,-0.982736231860187,"ssGBLUP","genotyped"
4,3,"2601500",0.294286272696802,0.305898428487294,0.714405588528307,"ssGBLUP","not_genotyped"
4,3,"2621166",-0.628633522839326,0.474388212740986,0.882895372781998,"ssGBLUP","genotyped"
4,3,"294745",0.374236712434001,-0.467717118056896,-0.0592099580158831,"ssGBLUP","not_genotyped"
4,3,"294834",-0.157009812420551,0.506829549607239,0.915336709648252,"ssGBLUP","not_genotyped"
4,3,"295026",1.44896217127881,0.587713699765503,0.996220859806516,"ssGBLUP","not_genotyped"
4,3,"295091",0.609291168142973,0.197020544489006,0.605527704530018,"ssGBLUP","not_genotyped"
4,3,"295788",-1.68811326270808,-0.408507160041013,0,"ssGBLUP","not_genotyped"
4,3,"320849",-0.682832379562464,-0.408507160041013,0,"ssGBLUP","not_genotyped"
4,3,"321131",0.159412153058651,0.053429740205987,0.461936900247,"ssGBLUP","genotyped"
4,3,"323172",1.15157292227774,-0.415480903185373,-0.0069737431443601,"ssGBLUP","genotyped"
4,3,"341985",-0.539431407484175,-0.010495559281972,0.39801160075904,"ssGBLUP","genotyped"
4,3,"342253",1.07641120196251,1.15506563807515,1.56357279811617,"ssGBLUP","genotyped"
4,3,"342263",0.0796897475796432,0.0701025548907926,0.478609714931805,"ssGBLUP","genotyped"
4,3,"3578390",-1.48235306509574,0.312712589172934,0.721219749213947,"ssGBLUP","not_genotyped"
4,3,"367789",1.33162225727927,0.667808916036679,1.07631607607769,"ssGBLUP","genotyped"
4,3,"368747",1.46796231143435,0.314047444879925,0.722554604920938,"ssGBLUP","genotyped"
4,3,"377246",1.11277452206301,0.699057025142248,1.10756418518326,"ssGBLUP","not_genotyped"
4,3,"3827762",-2.04514161430622,0.0244186550475415,0.432925815088554,"ssGBLUP","not_genotyped"
4,3,"3827771",-1.56944586356264,-0.394576239685348,0.0139309203556644,"ssGBLUP","genotyped"
4,3,"3830167",-1.78563862848713,-0.689214490937198,-0.280707330896186,"ssGBLUP","not_genotyped"
4,3,"3830206",-1.74084618491428,0.020780237798968,0.429287397839981,"ssGBLUP","not_genotyped"
4,3,"3855646",-1.60297504359708,-1.30502704248936,-0.896519882448344,"ssGBLUP","genotyped"
4,3,"3855675",-1.66940630945593,-0.124759331447425,0.283747828593587,"ssGBLUP","not_genotyped"
4,3,"3889",2.33609687644057,0.46763309793899,0.876140257980002,"ssGBLUP","genotyped"
4,3,"390604",0.852253526162716,0.553743437503108,0.96225059754412,"ssGBLUP","not_genotyped"
4,3,"392956",0.556664118985209,0.147560923292064,0.556068083333077,"ssGBLUP","not_genotyped"
4,3,"4059217",-1.14887739473626,0.0790989235200155,0.487606083561028,"ssGBLUP","not_genotyped"
4,3,"4062993",-1.24850393332291,-0.172845251098895,0.235661908942117,"ssGBLUP","not_genotyped"
4,3,"4069736",-1.20997428776961,0.608285264976111,1.01679242501712,"ssGBLUP","genotyped"
4,3,"41418",0.12124899113459,-0.144009966557785,0.264497193483227,"ssGBLUP","genotyped"
4,3,"41484",0.282216745174085,-0.559714469616984,-0.151207309575971,"ssGBLUP","genotyped"
4,3,"41800",0.686040984184875,0.301256807990691,0.709763968031704,"ssGBLUP","genotyped"
4,3,"419525",0.918261299827786,0.240127213000561,0.648634373041573,"ssGBLUP","not_genotyped"
4,3,"420158",1.51528756408922,0.243070590677559,0.651577750718571,"ssGBLUP","not_genotyped"
4,3,"42066",0.139231121208924,0.511940589970994,0.920447750012007,"ssGBLUP","genotyped"
4,3,"421064",0.142985542388393,0.489076395930805,0.897583555971817,"ssGBLUP","not_genotyped"
4,3,"421340",1.00852214566739,0.473795611352143,0.882302771393155,"ssGBLUP","not_genotyped"
4,3,"42237",-1.09225974606019,0.682585547641825,1.09109270768284,"ssGBLUP","genotyped"
4,3,"42274",0.449406576829877,0.323961107108825,0.732468267149837,"ssGBLUP","not_genotyped"
4,3,"423671",0.529128982308885,0.394163499724795,0.802670659765808,"ssGBLUP","genotyped"
4,3,"450448",1.42136188195729,0.357596007284351,0.766103167325364,"ssGBLUP","genotyped"
4,3,"450770",0.934068960368675,0.572260475025701,0.980767635066713,"ssGBLUP","genotyped"
4,3,"454059",1.54804305646194,0.362742061866826,0.771249221907839,"ssGBLUP","genotyped"
4,3,"460689",0.966873317225293,0.209782140911586,0.618289300952598,"ssGBLUP","genotyped"
4,3,"464211",0.902209316867409,-0.00864088893819065,0.399866271102822,"ssGBLUP","not_genotyped"
4,3,"471420",-0.766496520075884,0.174902365383399,0.583409525424411,"ssGBLUP","genotyped"
4,3,"62114",0.142285151452527,0.449771722635417,0.85827888267643,"ssGBLUP","genotyped"
4,3,"624629",0.195669600110703,0.124444478398499,0.532951638439512,"ssGBLUP","not_genotyped"
4,3,"62587",-0.879796970073224,0.0298217763629141,0.438328936403927,"ssGBLUP","not_genotyped"
4,3,"62633",0.381183613228116,0.125643558479251,0.534150718520264,"ssGBLUP","genotyped"
4,3,"665788",1.08817125442055,-0.117332912043328,0.291174247997685,"ssGBLUP","genotyped"
4,3,"67929",1.70620110267732,-0.183257346135637,0.225249813905375,"ssGBLUP","not_genotyped"
4,3,"68460",1.04727168139822,0.415790293293935,0.824297453334947,"ssGBLUP","genotyped"
4,3,"692904",-1.4323891303104,-0.44990190953132,-0.0413947494903076,"ssGBLUP","genotyped"
4,3,"770285",-0.722681366180996,0.419831687257298,0.82833884729831,"ssGBLUP","genotyped"
4,3,"77310",-0.0753409716662881,-0.229678931696341,0.178828228344672,"ssGBLUP","not_genotyped"
4,3,"77587",1.49285062189955,0.341840500803312,0.750347660844325,"ssGBLUP","not_genotyped"
4,3,"784135",-0.0531727841380565,1.25948316616517,1.66799032620618,"ssGBLUP","genotyped"
4,3,"80506",-0.60552876603639,0.616585902350462,1.02509306239147,"ssGBLUP","genotyped"
4,3,"85587",0.475850406699153,-0.571776490133578,-0.163269330092566,"ssGBLUP","genotyped"
4,3,"85599",0.529967822615795,-0.558753338973742,-0.150246178932729,"ssGBLUP","not_genotyped"
4,3,"85637",0.149215764085342,0.397927753006119,0.806434913047132,"ssGBLUP","genotyped"
4,3,"85676",1.25576829010882,-0.325879111782358,0.0826280482586545,"ssGBLUP","genotyped"
4,3,"85685",1.71138073797047,-0.915908051221421,-0.507400891180409,"ssGBLUP","not_genotyped"
4,3,"85711",0.512392896573941,-0.0493090063841553,0.359198153656857,"ssGBLUP","not_genotyped"
4,3,"86162",-0.760966689314801,0.549756093191296,0.958263253232309,"ssGBLUP","not_genotyped"
4,3,"86230",0.268111197488963,-0.173719550495481,0.234787609545532,"ssGBLUP","genotyped"
4,3,"86394",0.108348767385612,-0.139912396947261,0.268594763093751,"ssGBLUP","not_genotyped"
4,3,"876108",0.549358878642511,0.480861014158147,0.88936817419916,"ssGBLUP","genotyped"
4,4,"1066279",-0.0723113736646331,0.412497641453151,0.906759032223122,"PBLUP","genotyped"
4,4,"107017",1.73852495877561,0.697788409158708,1.19204979992868,"PBLUP","not_genotyped"
4,4,"108014",0.988813470495336,0.0644519471101022,0.558713337880073,"PBLUP","not_genotyped"
4,4,"1081265",1.56569127922964,-0.387044109081611,0.10721728168836,"PBLUP","not_genotyped"
4,4,"1291472",-0.666690811714943,-0.120313511645798,0.373947879124173,"PBLUP","genotyped"
4,4,"1291739",-0.949941936708294,-0.220817685022291,0.273443705747679,"PBLUP","not_genotyped"
4,4,"1298211",-0.0176238721025183,-0.42613034720154,0.0681310435684309,"PBLUP","genotyped"
4,4,"1300939",-0.969707620444892,0.229272135062643,0.723533525832614,"PBLUP","genotyped"
4,4,"1302311",-0.892656473418955,-0.214707714147682,0.279553676622288,"PBLUP","not_genotyped"
4,4,"133128",0.32484286329413,0.353572219519091,0.847833610289062,"PBLUP","genotyped"
4,4,"13350",0.316022823950605,0.464350951591164,0.958612342361135,"PBLUP","genotyped"
4,4,"143023",-0.135460575021689,0.0354365968328621,0.529697987602833,"PBLUP","genotyped"
4,4,"1437563",-0.551834842313526,-0.435919681391239,0.058341709378732,"PBLUP","genotyped"
4,4,"143808",0.0375359861372731,0.0644519471101022,0.558713337880073,"PBLUP","not_genotyped"
4,4,"1439621",-0.00867352746859992,-0.0339299784415449,0.460331412328426,"PBLUP","not_genotyped"
4,4,"1504972",0.381517520534749,-0.0404767188236038,0.453784671946367,"PBLUP","not_genotyped"
4,4,"1507248",-0.200816822234791,-0.473558920619799,0.0207024701501719,"PBLUP","not_genotyped"
4,4,"15292",-1.12723857245025,-0.494261390769971,0,"PBLUP","genotyped"
4,4,"1541045",-0.317448201217821,0.208815942605521,0.703077333375492,"PBLUP","not_genotyped"
4,4,"1630947",0.133668714125241,-0.29877384380186,0.195487546968111,"PBLUP","genotyped"
4,4,"1636202",-0.174201966671873,0.0749118271425646,0.569173217912535,"PBLUP","not_genotyped"
4,4,"1651705",-0.265073618560194,0.0741278212225455,0.568389211992516,"PBLUP","not_genotyped"
4,4,"167864",0.0653317333943847,-0.361406343318006,0.132855047451964,"PBLUP","not_genotyped"
4,4,"168614",-0.438778714735675,0.0924227800249389,0.58668417079491,"PBLUP","not_genotyped"
4,4,"168924",0.175985357180603,0.177867878359631,0.672129269129602,"PBLUP","not_genotyped"
4,4,"168939",0.325942314181827,0.169250221211353,0.663511611981323,"PBLUP","genotyped"
4,4,"1700001",-1.70234911568359,0.253830729278759,0.748092120048729,"PBLUP","genotyped"
4,4,"1812547",0.2621904508567,0.507653403717476,1.00191479448745,"PBLUP","genotyped"
4,4,"1816173",-0.0502409151041959,0.403756235838807,0.898017626608777,"PBLUP","not_genotyped"
4,4,"1831374",0.414558055730206,-0.494261390769971,0,"PBLUP","not_genotyped"
4,4,"1987795",0.0771325062556649,-0.107097325126482,0.387164065643489,"PBLUP","genotyped"
4,4,"20010",0.985775728413032,-0.157972869330043,0.336288521439928,"PBLUP","genotyped"
4,4,"2031157",0.728031864014252,-0.111762942575987,0.382498448193984,"PBLUP","genotyped"
4,4,"20424",3.27892080508434,0.353572219519091,0.847833610289062,"PBLUP","genotyped"
4,4,"20934",0.434111993369914,-0.0210324520764883,0.473228938693482,"PBLUP","genotyped"
4,4,"2114149",1.08853773804978,-0.165308960578859,0.328952430191111,"PBLUP","not_genotyped"
4,4,"214589",0.623722479054078,0.441202114101666,0.935463504871637,"PBLUP","not_genotyped"
4,4,"2151603",-1.00835942720793,-0.0798064728781545,0.414454917891816,"PBLUP","genotyped"
4,4,"2163595",0.229736289468012,-0.494261390769971,0,"PBLUP","genotyped"
4,4,"217726",-0.630873145017969,-0.000909013594089292,0.493352377175881,"PBLUP","not_genotyped"
4,4,"222490",0.822315885694759,0.112064397403719,0.60632578817369,"PBLUP","genotyped"
4,4,"2448315",0.0113283346068357,0.535285445417792,1.02954683618776,"PBLUP","not_genotyped"
4,4,"2464631",-0.140656498476139,-0.473558920619799,0.0207024701501719,"PBLUP","genotyped"
4,4,"2484313",-1.06314465773784,-0.490531662997945,0.00372972777202553,"PBLUP","not_genotyped"
4,4,"2485050",-0.81742145637788,-0.985124792791368,-0.490863402021397,"PBLUP","genotyped"
4,4,"2485148",-1.82192050778113,-0.432954813466014,0.0613065773039565,"PBLUP","genotyped"
4,4,"2487807",-2.07697682556554,-1.02705797649199,-0.532796585722024,"PBLUP","not_genotyped"
4,4,"2588634",0.216599887380195,-0.186786894494787,0.307474496275184,"PBLUP","genotyped"
4,4,"2621094",-0.692996192213174,0.31762475297224,0.81188614374221,"PBLUP","not_genotyped"
4,4,"2668073",-0.593304500981329,-0.494261390769971,0,"PBLUP","genotyped"
4,4,"292703",0.642038516435046,0.687894144183197,1.18215553495317,"PBLUP","not_genotyped"
4,4,"294670",0.886857724842899,0.0175102945019524,0.511771685271923,"PBLUP","genotyped"
4,4,"294897",0.50474560484396,0.425028926438469,0.91929031720844,"PBLUP","not_genotyped"
4,4,"31089",-1.40101813164811,-0.494261390769971,0,"PBLUP","not_genotyped"
4,4,"321487",0.590209587180944,-0.0088458170620429,0.485415573707928,"PBLUP","genotyped"
4,4,"321840",1.09444219652075,0.341411065131308,0.835672455901278,"PBLUP","not_genotyped"
4,4,"342218",0.0830206765653325,0.124336421865509,0.61859781263548,"PBLUP","not_genotyped"
4,4,"342231",0.642486440870774,0.38997166864709,0.884233059417061,"PBLUP","genotyped"
4,4,"342294",0.689583659267455,0.712215012590206,1.20647640336018,"PBLUP","genotyped"
4,4,"355408",0.759125963934455,0.605024937982446,1.09928632875242,"PBLUP","genotyped"
4,4,"3578468",-1.70247942097398,-0.281960664847002,0.212300725922969,"PBLUP","genotyped"
4,4,"358856",1.40401499017363,0.163256729455061,0.657518120225032,"PBLUP","not_genotyped"
4,4,"369679",0.824579940115349,0.110125558888436,0.604386949658407,"PBLUP","genotyped"
4,4,"369682",1.30000693619749,0.687894144183197,1.18215553495317,"PBLUP","not_genotyped"
4,4,"376804",-0.154615452709568,-0.494261390769971,0,"PBLUP","genotyped"
4,4,"3827748",-1.44840039286753,0.443127368256619,0.937388759026589,"PBLUP","genotyped"
4,4,"3827768",-2.28909755016522,-0.821800484159404,-0.327539093389433,"PBLUP","not_genotyped"
4,4,"3827774",-2.05032124959937,-0.012354672395584,0.481906718374387,"PBLUP","genotyped"
4,4,"3830068",-1.1770559137839,-0.775379230167723,-0.281117839397752,"PBLUP","genotyped"
4,4,"3830109",-2.41866172921982,-0.236348670395767,0.257912720374204,"PBLUP","genotyped"
4,4,"3830162",-1.80525771877203,-0.426503733282945,0.0677576574870256,"PBLUP","not_genotyped"
4,4,"3830184",-1.42619148493605,0.187704518508594,0.681965909278565,"PBLUP","genotyped"
4,4,"3831054",-0.0613168647876624,-0.132829111919543,0.361432278850428,"PBLUP","not_genotyped"
4,4,"3854950",-2.32277332365134,-0.972122643625078,-0.477861252855108,"PBLUP","genotyped"
4,4,"3855090",-2.01515510935437,0.404096421542351,0.898357812312322,"PBLUP","not_genotyped"
4,4,"3855110",-1.74344414664151,-0.45510050216816,0.0391608886018103,"PBLUP","not_genotyped"
4,4,"3863169",-2.14879132873378,-0.798169542293514,-0.303908151523543,"PBLUP","not_genotyped"
4,4,"3868700",-2.00590343373641,-0.34598526824607,0.148276122523901,"PBLUP","genotyped"
4,4,"392036",0.331048652749132,-0.314126004527576,0.180135386242395,"PBLUP","genotyped"
4,4,"393281",1.14763118724333,-0.0349540153402521,0.459307375429719,"PBLUP","genotyped"
4,4,"4066585",-1.05212571661892,-0.123569278962276,0.370692111807695,"PBLUP","not_genotyped"
4,4,"415066",0.240014119247817,0.326568705606433,0.820830096376403,"PBLUP","not_genotyped"
4,4,"416019",-0.58579565862239,0.168785106190437,0.663046496960408,"PBLUP","not_genotyped"
4,4,"41709",0.00451173910311468,0.118498739712572,0.612760130482542,"PBLUP","not_genotyped"
4,4,"419380",0.939240451581174,-0.114596311736773,0.379665079033198,"PBLUP","not_genotyped"
4,4,"42076",0.0253850178080586,0.00628635555134643,0.500547746321317,"PBLUP","genotyped"
4,4,"421018",0.561705304907316,0.353572219519091,0.847833610289062,"PBLUP","not_genotyped"
4,4,"421337",0.918302020231034,0.516284450178197,1.01054584094817,"PBLUP","not_genotyped"
4,4,"42174",-0.365522709292455,0.335019068772321,0.829280459542292,"PBLUP","genotyped"
4,4,"421747",0.0844621788403119,-0.131367320289557,0.362894070480413,"PBLUP","genotyped"
4,4,"422983",0.411675051180245,0.134499039208858,0.628760429978829,"PBLUP","genotyped"
4,4,"423200",1.34527988052866,0.144601386967909,0.63886277773788,"PBLUP","genotyped"
4,4,"423348",-1.47401352651054,-0.00944028434685101,0.48482110642312,"PBLUP","not_genotyped"
4,4,"427520",-0.0624000275140612,0.241859184287974,0.736120575057945,"PBLUP","genotyped"
4,4,"428238",-0.293797791011361,0.0558542610078652,0.550115651777836,"PBLUP","genotyped"
4,4,"429168",-0.217951967921566,-0.733223810763733,-0.238962419993763,"PBLUP","not_genotyped"
4,4,"430154",0.869437536333388,-0.0298344664149128,0.464426924355058,"PBLUP","not_genotyped"
4,4,"430433",0.211509836974191,-0.0298344664149128,0.464426924355058,"PBLUP","genotyped"
4,4,"433740",-0.395224171421573,-0.0798115767890542,0.414449813980917,"PBLUP","not_genotyped"
4,4,"434148",1.18010978087397,-0.789725717395194,-0.295464326625223,"PBLUP","genotyped"
4,4,"438163",0.788835570144222,-0.0717225384942451,0.422538852275726,"PBLUP","genotyped"
4,4,"455538",0.893796481556365,0.313400799542042,0.807662190312013,"PBLUP","genotyped"
4,4,"457982",-1.10227696525921,0.0326486428637426,0.526910033633713,"PBLUP","not_genotyped"
4,4,"458835",0.881148724307524,0.779792785386753,1.27405417615672,"PBLUP","not_genotyped"
4,4,"460142",1.63380836978296,0.558623757087864,1.05288514785783,"PBLUP","genotyped"
4,4,"4937014",0.222276311592972,-0.334974178567676,0.159287212202295,"PBLUP","genotyped"
4,4,"520702",-0.151577710627263,0.0291994616250532,0.523460852395024,"PBLUP","genotyped"
4,4,"62150",1.12297091103632,0.274771946568715,0.769033337338686,"PBLUP","not_genotyped"
4,4,"65315",0.873330406883901,0.196866948713337,0.691128339483308,"PBLUP","not_genotyped"
4,4,"669426",1.50597887990672,0.0155277479067771,0.509789138676748,"PBLUP","genotyped"
4,4,"670602",0.367517845898074,-0.124368846536755,0.369892544233216,"PBLUP","genotyped"
4,4,"692864",-0.987640886035329,-0.559264320665602,-0.0650029298956317,"PBLUP","genotyped"
4,4,"70761",-0.135403566457144,-0.0802278792957033,0.414033511474267,"PBLUP","genotyped"
4,4,"743023",-0.0986411864048143,0.266893580190898,0.761154970960869,"PBLUP","not_genotyped"
4,4,"77534",0.859933394215296,-1.10267777253316,-0.608416381763191,"PBLUP","genotyped"
4,4,"85244",0.907828732515639,0.538422334422423,1.03268372519239,"PBLUP","not_genotyped"
4,4,"85465",0.41013581993747,0.0528841686331067,0.547145559403077,"PBLUP","not_genotyped"
4,4,"85786",1.44805003424606,-0.198803675821067,0.295457714948904,"PBLUP","genotyped"
4,4,"96458",-0.128994174985903,0.294913236249852,0.789174627019823,"PBLUP","not_genotyped"
4,4,"96501",1.01414970539627,-0.187902347696702,0.306359043073268,"PBLUP","genotyped"
4,4,"1066279",-0.0723113736646331,0.418534053456496,0.871146703282356,"ssGBLUP","genotyped"
4,4,"107017",1.73852495877561,0.807307270371895,1.25991992019776,"ssGBLUP","not_genotyped"
4,4,"108014",0.988813470495336,0.1840555424098,0.636668192235661,"ssGBLUP","not_genotyped"
4,4,"1081265",1.56569127922964,-0.470476584918265,-0.0178639350924043,"ssGBLUP","not_genotyped"
4,4,"1291472",-0.666690811714943,-0.0930926874111712,0.359519962414689,"ssGBLUP","genotyped"
4,4,"1291739",-0.949941936708294,-0.134344438695403,0.318268211130458,"ssGBLUP","not_genotyped"
4,4,"1298211",-0.0176238721025183,-0.183833347426321,0.268779302399539,"ssGBLUP","genotyped"
4,4,"1300939",-0.969707620444892,0.448240030093736,0.900852679919597,"ssGBLUP","genotyped"
4,4,"1302311",-0.892656473418955,-0.194873073487192,0.257739576338669,"ssGBLUP","not_genotyped"
4,4,"133128",0.32484286329413,0.40068840847405,0.85330105829991,"ssGBLUP","genotyped"
4,4,"13350",0.316022823950605,0.318733640275999,0.771346290101859,"ssGBLUP","genotyped"
4,4,"143023",-0.135460575021689,0.102007297024433,0.554619946850293,"ssGBLUP","genotyped"
4,4,"1437563",-0.551834842313526,0.127169099726891,0.579781749552751,"ssGBLUP","genotyped"
4,4,"143808",0.0375359861372731,0.184055542409801,0.636668192235662,"ssGBLUP","not_genotyped"
4,4,"1439621",-0.00867352746859992,0.109569753480216,0.562182403306077,"ssGBLUP","not_genotyped"
4,4,"1504972",0.381517520534749,0.00477395479343135,0.457386604619292,"ssGBLUP","not_genotyped"
4,4,"1507248",-0.200816822234791,-0.748865604193963,-0.296252954368103,"ssGBLUP","not_genotyped"
4,4,"15292",-1.12723857245025,-0.646732639381859,-0.194119989555998,"ssGBLUP","genotyped"
4,4,"1541045",-0.317448201217821,0.288947638885176,0.741560288711036,"ssGBLUP","not_genotyped"
4,4,"1630947",0.133668714125241,-0.147767411434155,0.304845238391706,"ssGBLUP","genotyped"
4,4,"1636202",-0.174201966671873,0.0202125278524169,0.472825177678277,"ssGBLUP","not_genotyped"
4,4,"1651705",-0.265073618560194,0.136486550239945,0.589099200065806,"ssGBLUP","not_genotyped"
4,4,"167864",0.0653317333943847,-0.481677715817637,-0.0290650659917767,"ssGBLUP","not_genotyped"
4,4,"168614",-0.438778714735675,0.00969088234401344,0.462303532169874,"ssGBLUP","not_genotyped"
4,4,"168924",0.175985357180603,0.123579434322806,0.576192084148666,"ssGBLUP","not_genotyped"
4,4,"168939",0.325942314181827,-0.0167763522893286,0.435836297536532,"ssGBLUP","genotyped"
4,4,"1700001",-1.70234911568359,0.38143906152838,0.83405171135424,"ssGBLUP","genotyped"
4,4,"1812547",0.2621904508567,0.16091218730757,0.61352483713343,"ssGBLUP","genotyped"
4,4,"1816173",-0.0502409151041959,0.326004448720327,0.778617098546187,"ssGBLUP","not_genotyped"
4,4,"1831374",0.414558055730206,-0.452612649825861,0,"ssGBLUP","not_genotyped"
4,4,"1987795",0.0771325062556649,-0.246006705031228,0.206605944794633,"ssGBLUP","genotyped"
4,4,"20010",0.985775728413032,-0.392962029846117,0.0596506199797436,"ssGBLUP","genotyped"
4,4,"2031157",0.728031864014252,-0.152658201966824,0.299954447859036,"ssGBLUP","genotyped"
4,4,"20424",3.27892080508434,0.501149755624744,0.953762405450604,"ssGBLUP","genotyped"
4,4,"20934",0.434111993369914,0.382904386646183,0.835517036472044,"ssGBLUP","genotyped"
4,4,"2114149",1.08853773804978,0.0349321827084387,0.487544832534299,"ssGBLUP","not_genotyped"
4,4,"214589",0.623722479054078,0.352737749633858,0.805350399459718,"ssGBLUP","not_genotyped"
4,4,"2151603",-1.00835942720793,0.938669406004695,1.39128205583056,"ssGBLUP","genotyped"
4,4,"2163595",0.229736289468012,0.712405548262116,1.16501819808798,"ssGBLUP","genotyped"
4,4,"217726",-0.630873145017969,-0.00758246604038298,0.445030183785478,"ssGBLUP","not_genotyped"
4,4,"222490",0.822315885694759,0.359129040310479,0.81174169013634,"ssGBLUP","genotyped"
4,4,"2448315",0.0113283346068357,0.560698787740459,1.01331143756632,"ssGBLUP","not_genotyped"
4,4,"2464631",-0.140656498476139,-0.751195321546577,-0.298582671720716,"ssGBLUP","genotyped"
4,4,"2484313",-1.06314465773784,-0.549893937343086,-0.0972812875172252,"ssGBLUP","not_genotyped"
4,4,"2485050",-0.81742145637788,-0.478171907854398,-0.0255592580285378,"ssGBLUP","genotyped"
4,4,"2485148",-1.82192050778113,-0.550123230586945,-0.0975105807610842,"ssGBLUP","genotyped"
4,4,"2487807",-2.07697682556554,-1.10685287140485,-0.65424022157899,"ssGBLUP","not_genotyped"
4,4,"2588634",0.216599887380195,-0.100870639808527,0.351742010017333,"ssGBLUP","genotyped"
4,4,"2621094",-0.692996192213174,0.390443685423465,0.843056335249325,"ssGBLUP","not_genotyped"
4,4,"2668073",-0.593304500981329,-0.267991889771664,0.184620760054197,"ssGBLUP","genotyped"
4,4,"292703",0.642038516435046,0.600742369337545,1.05335501916341,"ssGBLUP","not_genotyped"
4,4,"294670",0.886857724842899,0.117713824140724,0.570326473966584,"ssGBLUP","genotyped"
4,4,"294897",0.50474560484396,0.512445683029836,0.965058332855697,"ssGBLUP","not_genotyped"
4,4,"31089",-1.40101813164811,-0.452612649825861,0,"ssGBLUP","not_genotyped"
4,4,"321487",0.590209587180944,-0.160510690414782,0.292101959411078,"ssGBLUP","genotyped"
4,4,"321840",1.09444219652075,0.528096481102023,0.980709130927883,"ssGBLUP","not_genotyped"
4,4,"342218",0.0830206765653325,-0.0573774482228041,0.395235201603056,"ssGBLUP","not_genotyped"
4,4,"342231",0.642486440870774,0.258780420288852,0.711393070114713,"ssGBLUP","genotyped"
4,4,"342294",0.689583659267455,0.652694825568686,1.10530747539455,"ssGBLUP","genotyped"
4,4,"355408",0.759125963934455,0.177555605213289,0.63016825503915,"ssGBLUP","genotyped"
4,4,"3578468",-1.70247942097398,-0.120392610235251,0.332220039590609,"ssGBLUP","genotyped"
4,4,"358856",1.40401499017363,0.149479275415113,0.602091925240974,"ssGBLUP","not_genotyped"
4,4,"369679",0.824579940115349,0.413722046567235,0.866334696393095,"ssGBLUP","genotyped"
4,4,"369682",1.30000693619749,0.600742369337546,1.05335501916341,"ssGBLUP","not_genotyped"
4,4,"376804",-0.154615452709568,-0.0563108241931661,0.396301825632694,"ssGBLUP","genotyped"
4,4,"3827748",-1.44840039286753,-0.39837030031047,0.0542423495153907,"ssGBLUP","genotyped"
4,4,"3827768",-2.28909755016522,-0.915071100439704,-0.462458450613844,"ssGBLUP","not_genotyped"
4,4,"3827774",-2.05032124959937,-0.710094320635769,-0.257481670809908,"ssGBLUP","genotyped"
4,4,"3830068",-1.1770559137839,-0.697898848638191,-0.24528619881233,"ssGBLUP","genotyped"
4,4,"3830109",-2.41866172921982,0.0655092119052601,0.518121861731121,"ssGBLUP","genotyped"
4,4,"3830162",-1.80525771877203,-0.453188051955828,-0.000575402129967846,"ssGBLUP","not_genotyped"
4,4,"3830184",-1.42619148493605,-0.997973554919387,-0.545360905093527,"ssGBLUP","genotyped"
4,4,"3831054",-0.0613168647876624,-0.152353801395549,0.300258848430311,"ssGBLUP","not_genotyped"
4,4,"3854950",-2.32277332365134,-1.20064237897046,-0.748029729144604,"ssGBLUP","genotyped"
4,4,"3855090",-2.01515510935437,0.298450698770955,0.751063348596815,"ssGBLUP","not_genotyped"
4,4,"3855110",-1.74344414664151,-0.520079837389524,-0.0674671875636631,"ssGBLUP","not_genotyped"
4,4,"3863169",-2.14879132873378,-0.865596031954452,-0.412983382128591,"ssGBLUP","not_genotyped"
4,4,"3868700",-2.00590343373641,-1.18132319790497,-0.728710548079107,"ssGBLUP","genotyped"
4,4,"392036",0.331048652749132,0.173135722993313,0.625748372819174,"ssGBLUP","genotyped"
4,4,"393281",1.14763118724333,0.322976206275488,0.775588856101349,"ssGBLUP","genotyped"
4,4,"4066585",-1.05212571661892,-0.0144348343257404,0.43817781550012,"ssGBLUP","not_genotyped"
4,4,"415066",0.240014119247817,0.0891582076500746,0.541770857475935,"ssGBLUP","not_genotyped"
4,4,"416019",-0.58579565862239,0.151468829279793,0.604081479105654,"ssGBLUP","not_genotyped"
4,4,"41709",0.00451173910311468,0.106781311796905,0.559393961622766,"ssGBLUP","not_genotyped"
4,4,"419380",0.939240451581174,-0.0958749014463101,0.35673774837955,"ssGBLUP","not_genotyped"
4,4,"42076",0.0253850178080586,0.441173639464711,0.893786289290572,"ssGBLUP","genotyped"
4,4,"421018",0.561705304907316,0.514758130290724,0.967370780116585,"ssGBLUP","not_genotyped"
4,4,"421337",0.918302020231034,0.519237351063182,0.971850000889042,"ssGBLUP","not_genotyped"
4,4,"42174",-0.365522709292455,0.65510233665468,1.10771498648054,"ssGBLUP","genotyped"
4,4,"421747",0.0844621788403119,-0.296980966702322,0.155631683123538,"ssGBLUP","genotyped"
4,4,"422983",0.411675051180245,-0.231103981934167,0.221508667891694,"ssGBLUP","genotyped"
4,4,"423200",1.34527988052866,-0.248096893037989,0.204515756787872,"ssGBLUP","genotyped"
4,4,"423348",-1.47401352651054,0.0133168949723613,0.465929544798222,"ssGBLUP","not_genotyped"
4,4,"427520",-0.0624000275140612,0.31550718435531,0.768119834181171,"ssGBLUP","genotyped"
4,4,"428238",-0.293797791011361,-0.766693795573941,-0.314081145748081,"ssGBLUP","genotyped"
4,4,"429168",-0.217951967921566,-0.186242611113824,0.266370038712037,"ssGBLUP","not_genotyped"
4,4,"430154",0.869437536333388,-0.428703556052329,0.0239090937735314,"ssGBLUP","not_genotyped"
4,4,"430433",0.211509836974191,-0.518218211435984,-0.0656055616101231,"ssGBLUP","genotyped"
4,4,"433740",-0.395224171421573,-0.256659844064754,0.195952805761107,"ssGBLUP","not_genotyped"
4,4,"434148",1.18010978087397,-0.0446370194074258,0.407975630418435,"ssGBLUP","genotyped"
4,4,"438163",0.788835570144222,0.199847343530405,0.652459993356265,"ssGBLUP","genotyped"
4,4,"455538",0.893796481556365,0.0257616070979784,0.478374256923839,"ssGBLUP","genotyped"
4,4,"457982",-1.10227696525921,0.0326950781642633,0.485307727990124,"ssGBLUP","not_genotyped"
4,4,"458835",0.881148724307524,1.21388322489222,1.66649587471808,"ssGBLUP","not_genotyped"
4,4,"460142",1.63380836978296,0.496242724471054,0.948855374296914,"ssGBLUP","genotyped"
4,4,"4937014",0.222276311592972,0.279903242776438,0.732515892602299,"ssGBLUP","genotyped"
4,4,"520702",-0.151577710627263,-0.0748318345751269,0.377780815250734,"ssGBLUP","genotyped"
4,4,"62150",1.12297091103632,0.272145116885471,0.724757766711332,"ssGBLUP","not_genotyped"
4,4,"65315",0.873330406883901,0.244752440237943,0.697365090063804,"ssGBLUP","not_genotyped"
4,4,"669426",1.50597887990672,0.352490594334239,0.805103244160099,"ssGBLUP","genotyped"
4,4,"670602",0.367517845898074,-0.00721335720672955,0.445399292619131,"ssGBLUP","genotyped"
4,4,"692864",-0.987640886035329,-0.387787237813855,0.0648254120120057,"ssGBLUP","genotyped"
4,4,"70761",-0.135403566457144,0.110655352322109,0.56326800214797,"ssGBLUP","genotyped"
4,4,"743023",-0.0986411864048143,0.105818102177201,0.558430752003062,"ssGBLUP","not_genotyped"
4,4,"77534",0.859933394215296,-1.28588451546444,-0.833271865638584,"ssGBLUP","genotyped"
4,4,"85244",0.907828732515639,0.407201865527266,0.859814515353127,"ssGBLUP","not_genotyped"
4,4,"85465",0.41013581993747,-0.0607340858149233,0.391878564010937,"ssGBLUP","not_genotyped"
4,4,"85786",1.44805003424606,-0.395972311114309,0.0566403387115511,"ssGBLUP","genotyped"
4,4,"96458",-0.128994174985903,0.3816455292377,0.834258179063561,"ssGBLUP","not_genotyped"
4,4,"96501",1.01414970539627,0.486570446182592,0.939183096008453,"ssGBLUP","genotyped"
4,5,"1047493",0.654661841441938,0.168138760561469,0.664869536335936,"PBLUP","not_genotyped"
4,5,"106657",0.354935241294429,-0.171812317043473,0.324918458730993,"PBLUP","not_genotyped"
4,5,"106875",1.61799256516142,0.32020330391375,0.816934079688217,"PBLUP","genotyped"
4,5,"107059",1.25938426191725,0.191589215912443,0.68831999168691,"PBLUP","genotyped"
4,5,"1093268",0.393733641509161,-0.181452152895485,0.315278622878982,"PBLUP","not_genotyped"
4,5,"1101307",0.849134343273915,0.348248254607311,0.844979030381777,"PBLUP","genotyped"
4,5,"1195398",-0.610822418458635,0.438163792646861,0.934894568421327,"PBLUP","not_genotyped"
4,5,"126309",-0.85354045405889,-0.496730775774467,0,"PBLUP","not_genotyped"
4,5,"12867",1.68576760432745,0.491153863010567,0.987884638785033,"PBLUP","genotyped"
4,5,"1291474",-0.0135518317777139,-0.458422490138507,0.0383082856359597,"PBLUP","genotyped"
4,5,"1295300",-0.854232700914106,0.049946058632169,0.546676834406636,"PBLUP","genotyped"
4,5,"1301798",-0.843441794053377,-0.443969372905117,0.0527614028693493,"PBLUP","not_genotyped"
4,5,"1302304",-0.380581114413579,-0.343728869017589,0.153001906756877,"PBLUP","genotyped"
4,5,"1306534",-0.958965578068058,-0.192749556805369,0.303981218969098,"PBLUP","not_genotyped"
4,5,"13302",1.17418089016105,-0.555821808472662,-0.0590910326981957,"PBLUP","not_genotyped"
4,5,"1342417",-0.105140162763201,0.304279385232972,0.801010161007439,"PBLUP","genotyped"
4,5,"13569",1.81367039092954,0.577321601833691,1.07405237760816,"PBLUP","not_genotyped"
4,5,"13767",1.84236198705811,-0.139325954634628,0.357404821139839,"PBLUP","not_genotyped"
4,5,"1390242",0.0430088083338105,-0.811098403430629,-0.314367627656162,"PBLUP","not_genotyped"
4,5,"14103",-0.437956162590065,0.204742213804298,0.701472989578764,"PBLUP","not_genotyped"
4,5,"143067",0.584313272790627,0.412635531855671,0.909366307630138,"PBLUP","not_genotyped"
4,5,"14431",1.65097609179233,-0.0312880059371177,0.465442769837349,"PBLUP","genotyped"
4,5,"1491661",-0.267622715803522,0.376791415691113,0.873522191465579,"PBLUP","not_genotyped"
4,5,"1541043",0.354414020132854,-0.122225897868837,0.37450487790563,"PBLUP","not_genotyped"
4,5,"1542708",-0.319158458154239,0.409164646073869,0.905895421848336,"PBLUP","not_genotyped"
4,5,"1586793",2.08261236622153,-0.0525497443844562,0.44418103139001,"PBLUP","genotyped"
4,5,"1637606",0.0470156960134162,-0.311892847891657,0.18483792788281,"PBLUP","genotyped"
4,5,"1642433",-0.124954710983697,-0.398995446852564,0.0977353289219031,"PBLUP","not_genotyped"
4,5,"168928",0.952971371556413,0.185111292923091,0.681842068697557,"PBLUP","genotyped"
4,5,"169164",-0.143881554413385,-0.52899991179435,-0.0322691360198835,"PBLUP","not_genotyped"
4,5,"1766370",-0.358307053836902,-0.56381399362292,-0.0670832178484537,"PBLUP","genotyped"
4,5,"1799716",-0.931715484214473,-0.825119767852722,-0.328388992078255,"PBLUP","not_genotyped"
4,5,"1815932",-0.263876438704702,0.0625794143369026,0.559310190111369,"PBLUP","not_genotyped"
4,5,"1817540",0.0796490271763938,0.150392135701515,0.647122911475982,"PBLUP","genotyped"
4,5,"19627",0.967549275919211,-0.160016539215825,0.336714236558642,"PBLUP","genotyped"
4,5,"217451",-0.997039155104975,-0.0277122722522913,0.469018503522175,"PBLUP","genotyped"
4,5,"217562",-0.482284393565878,-0.0277122722522913,0.469018503522175,"PBLUP","genotyped"
4,5,"217743",-0.15331239980563,-0.156691769907586,0.340039005866881,"PBLUP","genotyped"
4,5,"2201662",-1.78674622345547,0.386779484965461,0.883510260739928,"PBLUP","not_genotyped"
4,5,"2430154",0.559522691293221,0.121550411092797,0.618281186867263,"PBLUP","genotyped"
4,5,"2448313",0.167621386353455,0.276736595159181,0.773467370933647,"PBLUP","genotyped"
4,5,"2464236",0.0910588841664946,-0.0895642661567786,0.407166509617688,"PBLUP","not_genotyped"
4,5,"2586622",-0.103641651923674,-0.00334224288843776,0.493388532886029,"PBLUP","not_genotyped"
4,5,"2588696",0.0402805413161911,0.0372538952078416,0.533984670982308,"PBLUP","not_genotyped"
4,5,"27001",0.26570869369733,-0.0748068478212927,0.421923927953174,"PBLUP","genotyped"
4,5,"292717",0.615765712259412,0.760048425838995,1.25677920161346,"PBLUP","genotyped"
4,5,"294724",0.965651705127852,-0.168196619506188,0.328534156268278,"PBLUP","genotyped"
4,5,"294818",0.514005424542565,-0.0317282322517622,0.465002543522704,"PBLUP","genotyped"
4,5,"294910",-0.347442850250326,0.11824981108627,0.614980586860737,"PBLUP","not_genotyped"
4,5,"294940",-0.428965097552897,0.103695995237024,0.600426771011491,"PBLUP","genotyped"
4,5,"295296",0.80610916520204,-0.496730775774467,0,"PBLUP","genotyped"
4,5,"342336",0.561314389036135,0.00196307147878549,0.498693847253252,"PBLUP","not_genotyped"
4,5,"343376",-1.43664034040949,-0.496730775774467,0,"PBLUP","genotyped"
4,5,"353782",-0.467209700283455,-0.181452152895485,0.315278622878982,"PBLUP","genotyped"
4,5,"358886",1.11577968782272,0.420287818230733,0.917018594005199,"PBLUP","genotyped"
4,5,"367751",1.8362539265709,0.544517925161151,1.04124870093562,"PBLUP","genotyped"
4,5,"369670",0.105807814222934,-0.0887296549406039,0.408001120833863,"PBLUP","not_genotyped"
4,5,"369673",1.21913621534689,0.0956126764030794,0.592343452177546,"PBLUP","genotyped"
4,5,"377276",0.137292830014317,-0.287427710080271,0.209303065694196,"PBLUP","not_genotyped"
4,5,"3822784",-0.562658325496856,-0.842785772774747,-0.34605499700028,"PBLUP","genotyped"
4,5,"3825284",-1.51471764159728,0.16810850778122,0.664839283555687,"PBLUP","genotyped"
4,5,"3825285",-0.503573020383953,0.0967455542816358,0.593476330056102,"PBLUP","genotyped"
4,5,"3826178",-1.22189722184064,-0.335454911686146,0.161275864088321,"PBLUP","genotyped"
4,5,"3826179",-1.44924737725509,-0.634017688526231,-0.137286912751764,"PBLUP","genotyped"
4,5,"3827757",-1.21925853971017,-0.617021442911191,-0.120290667136725,"PBLUP","genotyped"
4,5,"3830034",-2.00663640099488,-0.0276300744309291,0.469100701343538,"PBLUP","genotyped"
4,5,"3830083",-1.82117939644201,-1.57839235569518,-1.08166157992072,"PBLUP","not_genotyped"
4,5,"3848142",-1.64571517884622,-0.926695607409774,-0.429964831635307,"PBLUP","not_genotyped"
4,5,"3849968",-1.45247243319233,-0.00979424304479803,0.486936532729669,"PBLUP","genotyped"
4,5,"3863186",-1.46247336423005,0.268358579072974,0.765089354847441,"PBLUP","genotyped"
4,5,"3868812",-2.13250316743456,0.160821985127842,0.657552760902309,"PBLUP","not_genotyped"
4,5,"392884",0.568171704943104,-0.0227835132868147,0.473947262487652,"PBLUP","genotyped"
4,5,"393298",-0.151805744885452,0.249949243771428,0.746680019545894,"PBLUP","not_genotyped"
4,5,"4057155",-1.02510365702352,-0.301947227479373,0.194783548295093,"PBLUP","genotyped"
4,5,"41263",0.565606319538478,-0.083040845281742,0.413689930492725,"PBLUP","not_genotyped"
4,5,"413317",-0.769851881303522,0.0753577496331775,0.572088525407644,"PBLUP","not_genotyped"
4,5,"418273",-0.9041722034575,-0.0791953033522368,0.41753547242223,"PBLUP","not_genotyped"
4,5,"419150",-0.1259401447423,-0.0777901724583476,0.418940603316119,"PBLUP","genotyped"
4,5,"41948",0.5807135891435,0.477200451510317,0.973931227284783,"PBLUP","genotyped"
4,5,"419528",1.06256626485818,0.284671762080944,0.781402537855411,"PBLUP","not_genotyped"
4,5,"420071",1.23562797866234,0.14331998285581,0.640050758630277,"PBLUP","not_genotyped"
4,5,"420213",-0.75600694419919,-0.0761358395176651,0.420594936256801,"PBLUP","not_genotyped"
4,5,"42083",0.309238804769481,0.0349900474314239,0.531720823205891,"PBLUP","not_genotyped"
4,5,"423133",-0.80039218373955,-0.357363220741475,0.139367555032992,"PBLUP","not_genotyped"
4,5,"423409",0.221396750882815,0.129029350341698,0.625760126116164,"PBLUP","genotyped"
4,5,"423673",0.256986383321601,0.196887709920856,0.693618485695323,"PBLUP","not_genotyped"
4,5,"424673",1.15622319232867,0.474004544490794,0.970735320265261,"PBLUP","genotyped"
4,5,"424689",1.4606977914949,0.474004544490794,0.970735320265261,"PBLUP","not_genotyped"
4,5,"424702",0.939248595661824,0.41393039283258,0.910661168607047,"PBLUP","not_genotyped"
4,5,"427650",-0.151585854707912,0.0298220787471858,0.526552854521652,"PBLUP","not_genotyped"
4,5,"427918",-0.258297743459721,-0.253109663838289,0.243621111936178,"PBLUP","not_genotyped"
4,5,"429726",0.361499370298013,0.421864484321133,0.9185952600956,"PBLUP","genotyped"
4,5,"433924",-0.430691642650614,-0.242199518118355,0.254531257656111,"PBLUP","genotyped"
4,5,"438323",-0.30088314117652,0.267228504423753,0.76395928019822,"PBLUP","not_genotyped"
4,5,"438760",-0.670640690830003,0.166906135431544,0.663636911206011,"PBLUP","not_genotyped"
4,5,"447647",0.81275473501212,0.280019406738234,0.776750182512701,"PBLUP","genotyped"
4,5,"460693",-0.0645744970475065,0.502598639889084,0.999329415663551,"PBLUP","genotyped"
4,5,"471785",-0.572480086760283,0.266527552239407,0.763258328013874,"PBLUP","genotyped"
4,5,"62221",1.08326037378884,0.356168510906963,0.85289928668143,"PBLUP","genotyped"
4,5,"62576",1.23914622150297,0.0268241237819938,0.52355489955646,"PBLUP","genotyped"
4,5,"6387",-1.05082266371498,-0.105680914383861,0.391049861390606,"PBLUP","not_genotyped"
4,5,"64873",0.160755926365836,-0.639088268072364,-0.142357492297897,"PBLUP","genotyped"
4,5,"65038",0.334575039670411,0.0328058401651429,0.52953661593961,"PBLUP","not_genotyped"
4,5,"67055",-0.934574056522484,0.0160671510435054,0.512797926817972,"PBLUP","not_genotyped"
4,5,"730613",-0.860454778530405,0.0472796452399106,0.544010421014377,"PBLUP","not_genotyped"
4,5,"770505",-0.471574927511644,0.00304730143357745,0.499778077208044,"PBLUP","genotyped"
4,5,"77128",1.30970653625117,0.590854761987142,1.08758553776161,"PBLUP","genotyped"
4,5,"77331",0.929996920043869,-0.0743501521199725,0.422380623654494,"PBLUP","not_genotyped"
4,5,"775",1.67162948031973,0.264602132351255,0.761332908125721,"PBLUP","not_genotyped"
4,5,"80662",0.145094859276641,-0.165279525327652,0.331451250446815,"PBLUP","not_genotyped"
4,5,"89491",-1.06303878468939,-0.0639397858519193,0.432790989922547,"PBLUP","not_genotyped"
4,5,"897095",0.599518271363445,-0.237624884575474,0.259105891198992,"PBLUP","genotyped"
4,5,"909641",0.615659839210966,0.144437736072432,0.641168511846899,"PBLUP","not_genotyped"
4,5,"909658",-0.170976910734629,0.144437736072432,0.641168511846899,"PBLUP","not_genotyped"
4,5,"916978",-0.0828905344284735,-0.166476863845868,0.330253911928599,"PBLUP","not_genotyped"
4,5,"96495",1.10011862073352,0.0544118072650168,0.551142583039483,"PBLUP","not_genotyped"
4,5,"96638",2.39853754278111,0.276075592867171,0.772806368641638,"PBLUP","genotyped"
4,5,"97120",-0.430341447182682,0.315193072893469,0.811923848667936,"PBLUP","not_genotyped"
4,5,"97487",-0.677009361897995,0.112289880739171,0.609020656513637,"PBLUP","genotyped"
4,5,"1047493",0.654661841441938,0.17918582639443,0.669915675147458,"ssGBLUP","not_genotyped"
4,5,"106657",0.354935241294429,-0.341584244989205,0.149145603763822,"ssGBLUP","not_genotyped"
4,5,"106875",1.61799256516142,0.254965175661051,0.745695024414078,"ssGBLUP","genotyped"
4,5,"107059",1.25938426191725,0.428990074278869,0.919719923031896,"ssGBLUP","genotyped"
4,5,"1093268",0.393733641509161,-0.0291735990622823,0.461556249690745,"ssGBLUP","not_genotyped"
4,5,"1101307",0.849134343273915,0.0289302402856819,0.519660089038709,"ssGBLUP","genotyped"
4,5,"1195398",-0.610822418458635,0.414374463300394,0.905104312053422,"ssGBLUP","not_genotyped"
4,5,"126309",-0.85354045405889,-0.490729848753027,0,"ssGBLUP","not_genotyped"
4,5,"12867",1.68576760432745,1.20128427840257,1.6920141271556,"ssGBLUP","genotyped"
4,5,"1291474",-0.0135518317777139,-0.536548348004257,-0.04581849925123,"ssGBLUP","genotyped"
4,5,"1295300",-0.854232700914106,-1.03493885455276,-0.544209005799738,"ssGBLUP","genotyped"
4,5,"1301798",-0.843441794053377,-0.433327594634604,0.0574022541184237,"ssGBLUP","not_genotyped"
4,5,"1302304",-0.380581114413579,-0.17537949284147,0.315350355911558,"ssGBLUP","genotyped"
4,5,"1306534",-0.958965578068058,0.00259569348002231,0.49332554223305,"ssGBLUP","not_genotyped"
4,5,"13302",1.17418089016105,-0.64523864951491,-0.154508800761882,"ssGBLUP","not_genotyped"
4,5,"1342417",-0.105140162763201,0.351992317504461,0.842722166257489,"ssGBLUP","genotyped"
4,5,"13569",1.81367039092954,0.510420263648333,1.00115011240136,"ssGBLUP","not_genotyped"
4,5,"13767",1.84236198705811,-0.345514541273858,0.145215307479169,"ssGBLUP","not_genotyped"
4,5,"1390242",0.0430088083338105,-0.290020812766469,0.200709035986558,"ssGBLUP","not_genotyped"
4,5,"14103",-0.437956162590065,0.185669610450688,0.676399459203715,"ssGBLUP","not_genotyped"
4,5,"143067",0.584313272790627,0.313894976292251,0.804624825045278,"ssGBLUP","not_genotyped"
4,5,"14431",1.65097609179233,0.104729816675668,0.595459665428696,"ssGBLUP","genotyped"
4,5,"1491661",-0.267622715803522,0.389501001566549,0.880230850319576,"ssGBLUP","not_genotyped"
4,5,"1541043",0.354414020132854,-0.103386083016758,0.38734376573627,"ssGBLUP","not_genotyped"
4,5,"1542708",-0.319158458154239,0.603568199170368,1.0942980479234,"ssGBLUP","not_genotyped"
4,5,"1586793",2.08261236622153,-0.273297647343888,0.217432201409139,"ssGBLUP","genotyped"
4,5,"1637606",0.0470156960134162,-0.390923645087012,0.0998062036660156,"ssGBLUP","genotyped"
4,5,"1642433",-0.124954710983697,-0.615215028536859,-0.124485179783832,"ssGBLUP","not_genotyped"
4,5,"168928",0.952971371556413,0.000275487374313432,0.491005336127341,"ssGBLUP","genotyped"
4,5,"169164",-0.143881554413385,-0.365561780691904,0.125168068061123,"ssGBLUP","not_genotyped"
4,5,"1766370",-0.358307053836902,-0.55116897120515,-0.0604391224521223,"ssGBLUP","genotyped"
4,5,"1799716",-0.931715484214473,-0.800350617367595,-0.309620768614568,"ssGBLUP","not_genotyped"
4,5,"1815932",-0.263876438704702,0.0787442517123979,0.569474100465425,"ssGBLUP","not_genotyped"
4,5,"1817540",0.0796490271763938,0.208017062714964,0.698746911467991,"ssGBLUP","genotyped"
4,5,"19627",0.967549275919211,-0.235750584241276,0.254979264511751,"ssGBLUP","genotyped"
4,5,"217451",-0.997039155104975,-0.132685520368384,0.358044328384643,"ssGBLUP","genotyped"
4,5,"217562",-0.482284393565878,-0.00726308082511484,0.483466767927912,"ssGBLUP","genotyped"
4,5,"217743",-0.15331239980563,-0.0202053609893893,0.470524487763638,"ssGBLUP","genotyped"
4,5,"2201662",-1.78674622345547,-0.408827023877083,0.0819028248759442,"ssGBLUP","not_genotyped"
4,5,"2430154",0.559522691293221,0.438765412910343,0.92949526166337,"ssGBLUP","genotyped"
4,5,"2448313",0.167621386353455,0.570734553813823,1.06146440256685,"ssGBLUP","genotyped"
4,5,"2464236",0.0910588841664946,-0.122666451107443,0.368063397645584,"ssGBLUP","not_genotyped"
4,5,"2586622",-0.103641651923674,0.195771280230476,0.686501128983504,"ssGBLUP","not_genotyped"
4,5,"2588696",0.0402805413161911,0.0271465217784537,0.517876370531481,"ssGBLUP","not_genotyped"
4,5,"27001",0.26570869369733,-0.0105800929884718,0.480149755764555,"ssGBLUP","genotyped"
4,5,"292717",0.615765712259412,0.605970660058183,1.09670050881121,"ssGBLUP","genotyped"
4,5,"294724",0.965651705127852,-0.156898393376897,0.33383145537613,"ssGBLUP","genotyped"
4,5,"294818",0.514005424542565,0.129185121376126,0.619914970129153,"ssGBLUP","genotyped"
4,5,"294910",-0.347442850250326,-0.127797090702275,0.362932758050752,"ssGBLUP","not_genotyped"
4,5,"294940",-0.428965097552897,-0.0666713586285509,0.424058490124476,"ssGBLUP","genotyped"
4,5,"295296",0.80610916520204,0.441089657754235,0.931819506507262,"ssGBLUP","genotyped"
4,5,"342336",0.561314389036135,0.194860791372845,0.685590640125873,"ssGBLUP","not_genotyped"
4,5,"343376",-1.43664034040949,0.499224980256921,0.989954829009948,"ssGBLUP","genotyped"
4,5,"353782",-0.467209700283455,-0.0184378656280939,0.472291983124933,"ssGBLUP","genotyped"
4,5,"358886",1.11577968782272,0.377424910777221,0.868154759530248,"ssGBLUP","genotyped"
4,5,"367751",1.8362539265709,0.649189502162622,1.13991935091565,"ssGBLUP","genotyped"
4,5,"369670",0.105807814222934,0.157165108241236,0.647894956994263,"ssGBLUP","not_genotyped"
4,5,"369673",1.21913621534689,0.164946628585494,0.655676477338521,"ssGBLUP","genotyped"
4,5,"377276",0.137292830014317,-0.179334334734231,0.311395514018796,"ssGBLUP","not_genotyped"
4,5,"3822784",-0.562658325496856,-0.856063299053681,-0.365333450300654,"ssGBLUP","genotyped"
4,5,"3825284",-1.51471764159728,0.243578226548356,0.734308075301383,"ssGBLUP","genotyped"
4,5,"3825285",-0.503573020383953,0.0402750170747158,0.531004865827743,"ssGBLUP","genotyped"
4,5,"3826178",-1.22189722184064,-0.216779823109372,0.273950025643655,"ssGBLUP","genotyped"
4,5,"3826179",-1.44924737725509,-0.731246723213646,-0.240516874460619,"ssGBLUP","genotyped"
4,5,"3827757",-1.21925853971017,-0.471871874452083,0.0188579743009447,"ssGBLUP","genotyped"
4,5,"3830034",-2.00663640099488,0.0841053394659084,0.574835188218936,"ssGBLUP","genotyped"
4,5,"3830083",-1.82117939644201,-1.47948719059146,-0.988757341838434,"ssGBLUP","not_genotyped"
4,5,"3848142",-1.64571517884622,-1.18675404491567,-0.696024196162643,"ssGBLUP","not_genotyped"
4,5,"3849968",-1.45247243319233,0.512246699260171,1.0029765480132,"ssGBLUP","genotyped"
4,5,"3863186",-1.46247336423005,-0.667097151280992,-0.176367302527965,"ssGBLUP","genotyped"
4,5,"3868812",-2.13250316743456,0.132338551626489,0.623068400379516,"ssGBLUP","not_genotyped"
4,5,"392884",0.568171704943104,-0.0474814855440672,0.44324836320896,"ssGBLUP","genotyped"
4,5,"393298",-0.151805744885452,-0.0197042740731896,0.471025574679838,"ssGBLUP","not_genotyped"
4,5,"4057155",-1.02510365702352,-0.289316567811171,0.201413280941856,"ssGBLUP","genotyped"
4,5,"41263",0.565606319538478,0.174096158134616,0.664826006887643,"ssGBLUP","not_genotyped"
4,5,"413317",-0.769851881303522,0.0840917363910413,0.574821585144069,"ssGBLUP","not_genotyped"
4,5,"418273",-0.9041722034575,-0.0120922736272071,0.47863757512582,"ssGBLUP","not_genotyped"
4,5,"419150",-0.1259401447423,0.32736380632809,0.818093655081117,"ssGBLUP","genotyped"
4,5,"41948",0.5807135891435,0.382304962293124,0.873034811046152,"ssGBLUP","genotyped"
4,5,"419528",1.06256626485818,0.275491998134719,0.766221846887747,"ssGBLUP","not_genotyped"
4,5,"420071",1.23562797866234,0.0558624541518965,0.546592302904924,"ssGBLUP","not_genotyped"
4,5,"420213",-0.75600694419919,-0.160098229387301,0.330631619365726,"ssGBLUP","not_genotyped"
4,5,"42083",0.309238804769481,-0.0743182796432587,0.416411569109769,"ssGBLUP","not_genotyped"
4,5,"423133",-0.80039218373955,-0.461951449025686,0.028778399727341,"ssGBLUP","not_genotyped"
4,5,"423409",0.221396750882815,0.0294909907832976,0.520220839536325,"ssGBLUP","genotyped"
4,5,"423673",0.256986383321601,0.561136338751277,1.0518661875043,"ssGBLUP","not_genotyped"
4,5,"424673",1.15622319232867,0.639598436782132,1.13032828553516,"ssGBLUP","genotyped"
4,5,"424689",1.4606977914949,0.638657108902051,1.12938695765508,"ssGBLUP","not_genotyped"
4,5,"424702",0.939248595661824,0.561000230985835,1.05173007973886,"ssGBLUP","not_genotyped"
4,5,"427650",-0.151585854707912,-0.0210214155872455,0.469708433165782,"ssGBLUP","not_genotyped"
4,5,"427918",-0.258297743459721,-0.190355597560672,0.300374251192355,"ssGBLUP","not_genotyped"
4,5,"429726",0.361499370298013,0.237793005185918,0.728522853938945,"ssGBLUP","genotyped"
4,5,"433924",-0.430691642650614,0.122900145761092,0.613629994514119,"ssGBLUP","genotyped"
4,5,"438323",-0.30088314117652,0.255442281717738,0.746172130470765,"ssGBLUP","not_genotyped"
4,5,"438760",-0.670640690830003,0.24081654485002,0.731546393603047,"ssGBLUP","not_genotyped"
4,5,"447647",0.81275473501212,0.613478112450719,1.10420796120375,"ssGBLUP","genotyped"
4,5,"460693",-0.0645744970475065,0.564423010970854,1.05515285972388,"ssGBLUP","genotyped"
4,5,"471785",-0.572480086760283,0.29277751923405,0.783507367987078,"ssGBLUP","genotyped"
4,5,"62221",1.08326037378884,0.487236467778004,0.977966316531031,"ssGBLUP","genotyped"
4,5,"62576",1.23914622150297,0.45610569505816,0.946835543811188,"ssGBLUP","genotyped"
4,5,"6387",-1.05082266371498,-0.13483912025162,0.355890728501408,"ssGBLUP","not_genotyped"
4,5,"64873",0.160755926365836,-0.557527846327385,-0.0667979975743572,"ssGBLUP","genotyped"
4,5,"65038",0.334575039670411,0.128476474373913,0.61920632312694,"ssGBLUP","not_genotyped"
4,5,"67055",-0.934574056522484,0.0346966522160869,0.525426500969114,"ssGBLUP","not_genotyped"
4,5,"730613",-0.860454778530405,0.0204286939708505,0.511158542723878,"ssGBLUP","not_genotyped"
4,5,"770505",-0.471574927511644,0.259646698147675,0.750376546900702,"ssGBLUP","genotyped"
4,5,"77128",1.30970653625117,1.18027332964595,1.67100317839897,"ssGBLUP","genotyped"
4,5,"77331",0.929996920043869,-0.0405494775525578,0.450180371200469,"ssGBLUP","not_genotyped"
4,5,"775",1.67162948031973,0.233658411520455,0.724388260273482,"ssGBLUP","not_genotyped"
4,5,"80662",0.145094859276641,-0.0686825304846036,0.422047318268424,"ssGBLUP","not_genotyped"
4,5,"89491",-1.06303878468939,-0.0909793563108698,0.399750492442157,"ssGBLUP","not_genotyped"
4,5,"897095",0.599518271363445,-0.0186956456378609,0.472034203115166,"ssGBLUP","genotyped"
4,5,"909641",0.615659839210966,0.122280142917159,0.613009991670186,"ssGBLUP","not_genotyped"
4,5,"909658",-0.170976910734629,0.122280142917159,0.613009991670186,"ssGBLUP","not_genotyped"
4,5,"916978",-0.0828905344284735,-0.108763257343426,0.381966591409601,"ssGBLUP","not_genotyped"
4,5,"96495",1.10011862073352,0.0976118469097669,0.588341695662794,"ssGBLUP","not_genotyped"
4,5,"96638",2.39853754278111,0.492873856210772,0.9836037049638,"ssGBLUP","genotyped"
4,5,"97120",-0.430341447182682,0.285071157953778,0.775801006706805,"ssGBLUP","not_genotyped"
4,5,"97487",-0.677009361897995,-0.410787040375396,0.0799428083776317,"ssGBLUP","genotyped"
5,1,"1066279",-0.0723113736646331,0.4477322544382,0.974737036424158,"PBLUP","genotyped"
5,1,"1082612",1.48183982486128,0.403239497376005,0.930244279361964,"PBLUP","genotyped"
5,1,"1193118",-1.27799364935514,-0.200220590307734,0.326784191678225,"PBLUP","not_genotyped"
5,1,"1210458",-1.53023211523478,-0.144238197835721,0.382766584150237,"PBLUP","genotyped"
5,1,"126308",-0.72547478584381,-0.527004781985958,0,"PBLUP","genotyped"
5,1,"1291474",-0.0135518317777139,-0.449551309216003,0.0774534727699554,"PBLUP","genotyped"
5,1,"1291739",-0.949941936708294,-0.0568867594336093,0.470118022552349,"PBLUP","not_genotyped"
5,1,"1298211",-0.0176238721025183,-0.402581355346003,0.124423426639955,"PBLUP","genotyped"
5,1,"1306534",-0.958965578068058,-0.127657551891202,0.399347230094756,"PBLUP","not_genotyped"
5,1,"13421",1.00136349877638,0.402595547594632,0.92960032958059,"PBLUP","genotyped"
5,1,"13728",0.950023214361255,0.453458327010787,0.980463108996745,"PBLUP","not_genotyped"
5,1,"1390242",0.0430088083338105,-0.673175290645259,-0.146170508659301,"PBLUP","not_genotyped"
5,1,"1399978",-1.50500989746295,0.229888811579889,0.756893593565847,"PBLUP","not_genotyped"
5,1,"1410845",-1.38193655068608,-0.264631283020965,0.262373498964993,"PBLUP","not_genotyped"
5,1,"1437563",-0.551834842313526,-0.381461309759648,0.145543472226311,"PBLUP","genotyped"
5,1,"143844",-0.075365403908236,0.330161793336398,0.857166575322356,"PBLUP","genotyped"
5,1,"1477928",-0.894342298113424,0.215248170284631,0.742252952270589,"PBLUP","genotyped"
5,1,"1478078",0.125092997201205,-0.176214263901144,0.350790518084814,"PBLUP","not_genotyped"
5,1,"1478148",-0.880179741863756,0.158312269136367,0.685317051122326,"PBLUP","genotyped"
5,1,"15292",-1.12723857245025,-0.527004781985958,0,"PBLUP","genotyped"
5,1,"1541045",-0.317448201217821,0.0822482850833055,0.609253067069264,"PBLUP","not_genotyped"
5,1,"1542708",-0.319158458154239,0.379138282986525,0.906143064972484,"PBLUP","not_genotyped"
5,1,"16004",-0.485240694841686,0.157406551539675,0.684411333525634,"PBLUP","genotyped"
5,1,"16122",0.858573332746812,0.375424599526974,0.902429381512933,"PBLUP","genotyped"
5,1,"1636586",-0.384001628286413,-0.341384190913616,0.185620591072342,"PBLUP","not_genotyped"
5,1,"1637620",0.296908666665976,-0.277362968110505,0.249641813875453,"PBLUP","not_genotyped"
5,1,"1671942",0.181808374845072,0.111674792896978,0.638679574882936,"PBLUP","genotyped"
5,1,"167864",0.0653317333943847,-0.317528402302571,0.209476379683388,"PBLUP","not_genotyped"
5,1,"168945",0.926380948235444,0.281699900192549,0.808704682178508,"PBLUP","genotyped"
5,1,"170862",0.323262911648107,-0.0123012235311234,0.514703558454835,"PBLUP","not_genotyped"
5,1,"1766332",-0.555393805557406,-0.46204575214016,0.0649590298457982,"PBLUP","not_genotyped"
5,1,"1766370",-0.358307053836902,-0.46204575214016,0.0649590298457982,"PBLUP","genotyped"
5,1,"1816173",-0.0502409151041959,0.434962998455389,0.961967780441347,"PBLUP","not_genotyped"
5,1,"1831374",0.414558055730206,-0.527004781985958,0,"PBLUP","not_genotyped"
5,1,"1838323",-1.76676064954134,0.2117677991612,0.738772581147159,"PBLUP","genotyped"
5,1,"2011449",0.0766927259005868,-0.169431101240353,0.357573680745606,"PBLUP","genotyped"
5,1,"2031157",0.728031864014252,-0.125869917510469,0.401134864475489,"PBLUP","genotyped"
5,1,"214589",0.623722479054078,0.471433947249829,0.998438729235787,"PBLUP","not_genotyped"
5,1,"2151597",0.577415236480409,0.0585680660581377,0.585572848044096,"PBLUP","genotyped"
5,1,"2163596",0.718584730460706,-0.527004781985958,0,"PBLUP","genotyped"
5,1,"217562",-0.482284393565878,-0.207723238415137,0.319281543570821,"PBLUP","genotyped"
5,1,"2448314",0.700333845724937,0.233676969081219,0.760681751067177,"PBLUP","not_genotyped"
5,1,"2485920",-1.42456266880613,-1.49905796047664,-0.972053178490679,"PBLUP","not_genotyped"
5,1,"2620837",-0.706295475913985,0.134919962137413,0.661924744123372,"PBLUP","not_genotyped"
5,1,"2668073",-0.593304500981329,-0.527004781985958,0,"PBLUP","genotyped"
5,1,"295261",0.222887117641691,0.438478121037581,0.965482903023539,"PBLUP","genotyped"
5,1,"321397",0.364545256460967,0.441584581277471,0.96858936326343,"PBLUP","not_genotyped"
5,1,"326413",0.516912861334475,0.32605013163533,0.853054913621288,"PBLUP","not_genotyped"
5,1,"342090",0.610089288046636,0.298455360981613,0.825460142967571,"PBLUP","not_genotyped"
5,1,"342253",1.07641120196251,0.828205143971499,1.35520992595746,"PBLUP","genotyped"
5,1,"355411",0.893902354604809,0.349437210973491,0.876441992959449,"PBLUP","genotyped"
5,1,"369564",0.0694933586063328,0.119749121114416,0.646753903100375,"PBLUP","genotyped"
5,1,"377246",1.11277452206301,0.480672788509514,1.00767757049547,"PBLUP","not_genotyped"
5,1,"3827762",-2.04514161430622,-0.0146243450440057,0.512380436941953,"PBLUP","not_genotyped"
5,1,"3830034",-2.00663640099488,-0.0193609953747518,0.507643786611207,"PBLUP","genotyped"
5,1,"3830068",-1.1770559137839,-0.721197857551685,-0.194193075565726,"PBLUP","genotyped"
5,1,"3830114",-1.8422725653245,-0.101959520264594,0.425045261721364,"PBLUP","genotyped"
5,1,"3830167",-1.78563862848713,-0.269473127848009,0.257531654137949,"PBLUP","not_genotyped"
5,1,"3830198",-2.0155215929836,-1.50547595600582,-0.978471174019862,"PBLUP","not_genotyped"
5,1,"3848142",-1.64571517884622,-0.867227277658992,-0.340222495673033,"PBLUP","not_genotyped"
5,1,"3855090",-2.01515510935437,0.397642823603195,0.924647605589154,"PBLUP","not_genotyped"
5,1,"3855646",-1.60297504359708,-0.147973503762048,0.379031278223911,"PBLUP","genotyped"
5,1,"391994",0.227317497515078,0.00167924300851163,0.52868402499447,"PBLUP","genotyped"
5,1,"392884",0.568171704943104,-0.118668775937963,0.408336006047996,"PBLUP","genotyped"
5,1,"392956",0.556664118985209,0.0316544684180811,0.558659250404039,"PBLUP","not_genotyped"
5,1,"392959",0.26048019392028,0.679459283373812,1.20646406535977,"PBLUP","not_genotyped"
5,1,"393205",0.523151227112074,0.410690914677873,0.937695696663832,"PBLUP","not_genotyped"
5,1,"4057151",-1.10752175319755,0.00307924757375955,0.530084029559718,"PBLUP","not_genotyped"
5,1,"4062993",-1.24850393332291,-0.229962047905104,0.297042734080854,"PBLUP","not_genotyped"
5,1,"4066585",-1.05212571661892,-0.111658024089133,0.415346757896825,"PBLUP","not_genotyped"
5,1,"413317",-0.769851881303522,0.115350918591699,0.642355700577658,"PBLUP","not_genotyped"
5,1,"41418",0.12124899113459,0.50236568182842,1.02937046381438,"PBLUP","genotyped"
5,1,"414940",1.19555095778562,0.0324839992660053,0.559488781251964,"PBLUP","genotyped"
5,1,"416019",-0.58579565862239,0.199301594378041,0.726306376364,"PBLUP","not_genotyped"
5,1,"416396",2.27981313507113,0.811296119506023,1.33830090149198,"PBLUP","not_genotyped"
5,1,"41660",-1.27526538233752,0.313043129317844,0.840047911303803,"PBLUP","genotyped"
5,1,"418273",-0.9041722034575,-0.129832755880497,0.397172026105461,"PBLUP","not_genotyped"
5,1,"419152",-0.16824864371701,-0.00101088215294831,0.52599389983301,"PBLUP","genotyped"
5,1,"41948",0.5807135891435,0.645095640172502,1.17210042215846,"PBLUP","genotyped"
5,1,"420071",1.23562797866234,0.219283373562973,0.746288155548931,"PBLUP","not_genotyped"
5,1,"420125",0.301453063668456,0.525960642360867,1.05296542434682,"PBLUP","not_genotyped"
5,1,"421340",1.00852214566739,0.427947971505076,0.954952753491034,"PBLUP","not_genotyped"
5,1,"42174",-0.365522709292455,0.319020391898557,0.846025173884516,"PBLUP","genotyped"
5,1,"421747",0.0844621788403119,-0.0247749334467774,0.502229848539181,"PBLUP","genotyped"
5,1,"429168",-0.217951967921566,-0.535931360976614,-0.00892657899065554,"PBLUP","not_genotyped"
5,1,"429726",0.361499370298013,0.353339474489672,0.88034425647563,"PBLUP","genotyped"
5,1,"430154",0.869437536333388,-0.0467128880188805,0.480291893967078,"PBLUP","not_genotyped"
5,1,"43154",0.0307112465529028,-0.00301211669930346,0.523992665286655,"PBLUP","genotyped"
5,1,"431742",-1.65755667211075,0.129591527677215,0.656596309663174,"PBLUP","not_genotyped"
5,1,"434148",1.18010978087397,-0.70314754833417,-0.176142766348212,"PBLUP","genotyped"
5,1,"454059",1.54804305646194,0.738128399745777,1.26513318173174,"PBLUP","genotyped"
5,1,"457982",-1.10227696525921,0.0155407924003526,0.542545574386311,"PBLUP","not_genotyped"
5,1,"480143",0.202347746243382,0.281699900192549,0.808704682178508,"PBLUP","not_genotyped"
5,1,"5131",-0.967639023959892,0.17018201355619,0.697186795542149,"PBLUP","genotyped"
5,1,"601577",0.10942378603136,0.432577554787433,0.959582336773391,"PBLUP","not_genotyped"
5,1,"60900",0.257466884079927,-0.1501353577692,0.376869424216759,"PBLUP","not_genotyped"
5,1,"62526",0.824197168324818,-0.286558478523255,0.240446303462703,"PBLUP","not_genotyped"
5,1,"62587",-0.879796970073224,0.0983676136615322,0.625372395647491,"PBLUP","not_genotyped"
5,1,"6387",-1.05082266371498,-0.117797058663573,0.409207723322385,"PBLUP","not_genotyped"
5,1,"65038",0.334575039670411,-0.0177985454954478,0.509206236490511,"PBLUP","not_genotyped"
5,1,"653215",1.16681049717316,0.162996300874243,0.690001082860202,"PBLUP","genotyped"
5,1,"669426",1.50597887990672,0.0500966584081507,0.577101440394109,"PBLUP","genotyped"
5,1,"692876",-0.85955892965895,-0.30697074068334,0.220034041302618,"PBLUP","not_genotyped"
5,1,"692904",-1.4323891303104,-0.30697074068334,0.220034041302618,"PBLUP","genotyped"
5,1,"77310",-0.0753409716662881,-0.412594086720392,0.114410695265566,"PBLUP","not_genotyped"
5,1,"77331",0.929996920043869,-0.138110942605795,0.388893839380164,"PBLUP","not_genotyped"
5,1,"77587",1.49285062189955,0.226033724911839,0.753038506897797,"PBLUP","not_genotyped"
5,1,"80506",-0.60552876603639,0.042188058719404,0.569192840705362,"PBLUP","genotyped"
5,1,"80836",0.898780658913924,0.225036240657596,0.752041022643554,"PBLUP","genotyped"
5,1,"82710",-0.0599079388352816,0.304316977347489,0.831321759333447,"PBLUP","not_genotyped"
5,1,"85244",0.907828732515639,0.495225550358089,1.02223033234405,"PBLUP","not_genotyped"
5,1,"85741",0.620521855358782,0.413497919599852,0.94050270158581,"PBLUP","genotyped"
5,1,"85899",0.852628153872598,0.0880573635842541,0.615062145570212,"PBLUP","not_genotyped"
5,1,"86954",-0.571950721518058,0.50236568182842,1.02937046381438,"PBLUP","genotyped"
5,1,"897095",0.599518271363445,-0.194297864209458,0.332706917776501,"PBLUP","genotyped"
5,1,"909658",-0.170976910734629,0.32237110024521,0.849375882231168,"PBLUP","not_genotyped"
5,1,"916978",-0.0828905344284735,-0.0864281656390509,0.440576616346907,"PBLUP","not_genotyped"
5,1,"96495",1.10011862073352,0.00597849667972794,0.532983278665686,"PBLUP","not_genotyped"
5,1,"97127",0.36759928670457,-0.0909064359367608,0.436098346049198,"PBLUP","genotyped"
5,1,"97487",-0.677009361897995,0.0570356729842341,0.584040454970192,"PBLUP","genotyped"
5,1,"1066279",-0.0723113736646331,0.329321697627215,0.854264689334101,"ssGBLUP","genotyped"
5,1,"1082612",1.48183982486128,0.0455270317476035,0.57047002345449,"ssGBLUP","genotyped"
5,1,"1193118",-1.27799364935514,-0.0646687369721626,0.460274254734724,"ssGBLUP","not_genotyped"
5,1,"1210458",-1.53023211523478,-0.110381334304731,0.414561657402155,"ssGBLUP","genotyped"
5,1,"126308",-0.72547478584381,-0.141740764255437,0.383202227451449,"ssGBLUP","genotyped"
5,1,"1291474",-0.0135518317777139,-0.379072933140694,0.145870058566192,"ssGBLUP","genotyped"
5,1,"1291739",-0.949941936708294,0.0189666297868114,0.543909621493698,"ssGBLUP","not_genotyped"
5,1,"1298211",-0.0176238721025183,-0.241933469032524,0.283009522674362,"ssGBLUP","genotyped"
5,1,"1306534",-0.958965578068058,-0.0577820429981403,0.467160948708746,"ssGBLUP","not_genotyped"
5,1,"13421",1.00136349877638,0.0276870019603357,0.552629993667222,"ssGBLUP","genotyped"
5,1,"13728",0.950023214361255,0.365358188857863,0.890301180564749,"ssGBLUP","not_genotyped"
5,1,"1390242",0.0430088083338105,-0.192569193064651,0.332373798642236,"ssGBLUP","not_genotyped"
5,1,"1399978",-1.50500989746295,0.204896570418454,0.72983956212534,"ssGBLUP","not_genotyped"
5,1,"1410845",-1.38193655068608,-0.0660480434760263,0.45889494823086,"ssGBLUP","not_genotyped"
5,1,"1437563",-0.551834842313526,0.0168961281758804,0.541839119882767,"ssGBLUP","genotyped"
5,1,"143844",-0.075365403908236,0.190161311515933,0.715104303222819,"ssGBLUP","genotyped"
5,1,"1477928",-0.894342298113424,0.522587031757295,1.04753002346418,"ssGBLUP","genotyped"
5,1,"1478078",0.125092997201205,-0.164765940563904,0.360177051142982,"ssGBLUP","not_genotyped"
5,1,"1478148",-0.880179741863756,0.584039085423456,1.10898207713034,"ssGBLUP","genotyped"
5,1,"15292",-1.12723857245025,-0.398218838271394,0.126724153435492,"ssGBLUP","genotyped"
5,1,"1541045",-0.317448201217821,0.167685056317514,0.6926280480244,"ssGBLUP","not_genotyped"
5,1,"1542708",-0.319158458154239,0.535658694660116,1.060601686367,"ssGBLUP","not_genotyped"
5,1,"16004",-0.485240694841686,-0.157524169296668,0.367418822410218,"ssGBLUP","genotyped"
5,1,"16122",0.858573332746812,0.446895944173548,0.971838935880435,"ssGBLUP","genotyped"
5,1,"1636586",-0.384001628286413,-0.282731337325662,0.242211654381224,"ssGBLUP","not_genotyped"
5,1,"1637620",0.296908666665976,-0.30545648263727,0.219486509069616,"ssGBLUP","not_genotyped"
5,1,"1671942",0.181808374845072,0.258038870513896,0.782981862220782,"ssGBLUP","genotyped"
5,1,"167864",0.0653317333943847,-0.464929811809181,0.0600131798977053,"ssGBLUP","not_genotyped"
5,1,"168945",0.926380948235444,0.443745627812158,0.968688619519044,"ssGBLUP","genotyped"
5,1,"170862",0.323262911648107,-0.306978619035689,0.217964372671197,"ssGBLUP","not_genotyped"
5,1,"1766332",-0.555393805557406,-0.710952464595109,-0.186009472888223,"ssGBLUP","not_genotyped"
5,1,"1766370",-0.358307053836902,-0.655695351051385,-0.130752359344499,"ssGBLUP","genotyped"
5,1,"1816173",-0.0502409151041959,0.390761101656528,0.915704093363414,"ssGBLUP","not_genotyped"
5,1,"1831374",0.414558055730206,-0.524942991706886,0,"ssGBLUP","not_genotyped"
5,1,"1838323",-1.76676064954134,-0.374305494102618,0.150637497604268,"ssGBLUP","genotyped"
5,1,"2011449",0.0766927259005868,-0.147423740883569,0.377519250823317,"ssGBLUP","genotyped"
5,1,"2031157",0.728031864014252,-0.223986109137193,0.300956882569693,"ssGBLUP","genotyped"
5,1,"214589",0.623722479054078,0.38225331926785,0.907196310974736,"ssGBLUP","not_genotyped"
5,1,"2151597",0.577415236480409,-0.00844649193508251,0.516496499771804,"ssGBLUP","genotyped"
5,1,"2163596",0.718584730460706,0.254186565310171,0.779129557017057,"ssGBLUP","genotyped"
5,1,"217562",-0.482284393565878,-0.0658764349578542,0.459066556749032,"ssGBLUP","genotyped"
5,1,"2448314",0.700333845724937,0.315694871575697,0.840637863282583,"ssGBLUP","not_genotyped"
5,1,"2485920",-1.42456266880613,-1.39804443653007,-0.873101444823188,"ssGBLUP","not_genotyped"
5,1,"2620837",-0.706295475913985,0.114704031830091,0.639647023536977,"ssGBLUP","not_genotyped"
5,1,"2668073",-0.593304500981329,-0.282228712259183,0.242714279447703,"ssGBLUP","genotyped"
5,1,"295261",0.222887117641691,0.426480721445032,0.951423713151918,"ssGBLUP","genotyped"
5,1,"321397",0.364545256460967,0.352858617559467,0.877801609266354,"ssGBLUP","not_genotyped"
5,1,"326413",0.516912861334475,0.360323907502788,0.885266899209674,"ssGBLUP","not_genotyped"
5,1,"342090",0.610089288046636,0.293584025517024,0.81852701722391,"ssGBLUP","not_genotyped"
5,1,"342253",1.07641120196251,0.918842294361486,1.44378528606837,"ssGBLUP","genotyped"
5,1,"355411",0.893902354604809,0.154312998317217,0.679255990024103,"ssGBLUP","genotyped"
5,1,"369564",0.0694933586063328,0.0056829260647504,0.530625917771637,"ssGBLUP","genotyped"
5,1,"377246",1.11277452206301,0.624451484258428,1.14939447596531,"ssGBLUP","not_genotyped"
5,1,"3827762",-2.04514161430622,0.14438614590947,0.669329137616356,"ssGBLUP","not_genotyped"
5,1,"3830034",-2.00663640099488,0.0446028407754057,0.569545832482292,"ssGBLUP","genotyped"
5,1,"3830068",-1.1770559137839,-0.866046055464217,-0.341103063757331,"ssGBLUP","genotyped"
5,1,"3830114",-1.8422725653245,-0.385074514069777,0.139868477637109,"ssGBLUP","genotyped"
5,1,"3830167",-1.78563862848713,-0.503686937061285,0.0212560546456014,"ssGBLUP","not_genotyped"
5,1,"3830198",-2.0155215929836,-1.40885010725129,-0.883907115544403,"ssGBLUP","not_genotyped"
5,1,"3848142",-1.64571517884622,-1.21205506120341,-0.68711206949652,"ssGBLUP","not_genotyped"
5,1,"3855090",-2.01515510935437,0.277870642552884,0.80281363425977,"ssGBLUP","not_genotyped"
5,1,"3855646",-1.60297504359708,-1.09422319392472,-0.569280202217833,"ssGBLUP","genotyped"
5,1,"391994",0.227317497515078,0.680374171239521,1.20531716294641,"ssGBLUP","genotyped"
5,1,"392884",0.568171704943104,-0.300321554890029,0.224621436816857,"ssGBLUP","genotyped"
5,1,"392956",0.556664118985209,0.0902572402193493,0.615200231926236,"ssGBLUP","not_genotyped"
5,1,"392959",0.26048019392028,0.761698055229826,1.28664104693671,"ssGBLUP","not_genotyped"
5,1,"393205",0.523151227112074,0.517987264417645,1.04293025612453,"ssGBLUP","not_genotyped"
5,1,"4057151",-1.10752175319755,-0.260337614401894,0.264605377304992,"ssGBLUP","not_genotyped"
5,1,"4062993",-1.24850393332291,-0.10412206322992,0.420820928476967,"ssGBLUP","not_genotyped"
5,1,"4066585",-1.05212571661892,0.00233205051110186,0.527275042217988,"ssGBLUP","not_genotyped"
5,1,"413317",-0.769851881303522,0.0557215335805209,0.580664525287407,"ssGBLUP","not_genotyped"
5,1,"41418",0.12124899113459,-0.00978177015706361,0.515161221549823,"ssGBLUP","genotyped"
5,1,"414940",1.19555095778562,-0.45605729812944,0.068885693577446,"ssGBLUP","genotyped"
5,1,"416019",-0.58579565862239,0.231482558662236,0.756425550369122,"ssGBLUP","not_genotyped"
5,1,"416396",2.27981313507113,1.14295939725272,1.66790238895961,"ssGBLUP","not_genotyped"
5,1,"41660",-1.27526538233752,-0.189242165514576,0.33570082619231,"ssGBLUP","genotyped"
5,1,"418273",-0.9041722034575,0.0548606265118994,0.579803618218786,"ssGBLUP","not_genotyped"
5,1,"419152",-0.16824864371701,-0.000280799135075616,0.524662192571811,"ssGBLUP","genotyped"
5,1,"41948",0.5807135891435,0.451234056954097,0.976177048660983,"ssGBLUP","genotyped"
5,1,"420071",1.23562797866234,0.156576729943035,0.681519721649921,"ssGBLUP","not_genotyped"
5,1,"420125",0.301453063668456,0.4992703935357,1.02421338524259,"ssGBLUP","not_genotyped"
5,1,"421340",1.00852214566739,0.401841765017093,0.92678475672398,"ssGBLUP","not_genotyped"
5,1,"42174",-0.365522709292455,0.846421009442435,1.37136400114932,"ssGBLUP","genotyped"
5,1,"421747",0.0844621788403119,-0.185705884413298,0.339237107293588,"ssGBLUP","genotyped"
5,1,"429168",-0.217951967921566,0.0129677576081292,0.537910749315015,"ssGBLUP","not_genotyped"
5,1,"429726",0.361499370298013,0.361265962750071,0.886208954456957,"ssGBLUP","genotyped"
5,1,"430154",0.869437536333388,-0.2072853325215,0.317657659185386,"ssGBLUP","not_genotyped"
5,1,"43154",0.0307112465529028,0.352795100454431,0.877738092161317,"ssGBLUP","genotyped"
5,1,"431742",-1.65755667211075,0.0285108373952984,0.553453829102185,"ssGBLUP","not_genotyped"
5,1,"434148",1.18010978087397,-0.0178930254476699,0.507049966259216,"ssGBLUP","genotyped"
5,1,"454059",1.54804305646194,0.611474060659349,1.13641705236623,"ssGBLUP","genotyped"
5,1,"457982",-1.10227696525921,-0.0354825570453081,0.489460434661578,"ssGBLUP","not_genotyped"
5,1,"480143",0.202347746243382,0.440966650787723,0.965909642494609,"ssGBLUP","not_genotyped"
5,1,"5131",-0.967639023959892,-0.316309779548259,0.208633212158627,"ssGBLUP","genotyped"
5,1,"601577",0.10942378603136,0.376732103911305,0.901675095618191,"ssGBLUP","not_genotyped"
5,1,"60900",0.257466884079927,-0.242997122963451,0.281945868743436,"ssGBLUP","not_genotyped"
5,1,"62526",0.824197168324818,-0.0624761703891615,0.462466821317725,"ssGBLUP","not_genotyped"
5,1,"62587",-0.879796970073224,0.0659156133640778,0.590858605070964,"ssGBLUP","not_genotyped"
5,1,"6387",-1.05082266371498,-0.182731322105264,0.342211669601622,"ssGBLUP","not_genotyped"
5,1,"65038",0.334575039670411,0.0437632144642824,0.568706206171169,"ssGBLUP","not_genotyped"
5,1,"653215",1.16681049717316,-0.320431140124311,0.204511851582575,"ssGBLUP","genotyped"
5,1,"669426",1.50597887990672,0.158728587413834,0.68367157912072,"ssGBLUP","genotyped"
5,1,"692876",-0.85955892965895,-0.200766995886868,0.324175995820019,"ssGBLUP","not_genotyped"
5,1,"692904",-1.4323891303104,-0.160544963348575,0.364398028358312,"ssGBLUP","genotyped"
5,1,"77310",-0.0753409716662881,-0.391544699138058,0.133398292568828,"ssGBLUP","not_genotyped"
5,1,"77331",0.929996920043869,-0.0143127650226773,0.510630226684209,"ssGBLUP","not_genotyped"
5,1,"77587",1.49285062189955,0.316112825972228,0.841055817679114,"ssGBLUP","not_genotyped"
5,1,"80506",-0.60552876603639,0.348721437243268,0.873664428950154,"ssGBLUP","genotyped"
5,1,"80836",0.898780658913924,0.20250359794707,0.727446589653956,"ssGBLUP","genotyped"
5,1,"82710",-0.0599079388352816,0.408320727418599,0.933263719125485,"ssGBLUP","not_genotyped"
5,1,"85244",0.907828732515639,0.501797685902109,1.026740677609,"ssGBLUP","not_genotyped"
5,1,"85741",0.620521855358782,-0.29267036701609,0.232272624690796,"ssGBLUP","genotyped"
5,1,"85899",0.852628153872598,0.034083814593196,0.559026806300082,"ssGBLUP","not_genotyped"
5,1,"86954",-0.571950721518058,-0.140792142747586,0.3841508489593,"ssGBLUP","genotyped"
5,1,"897095",0.599518271363445,-0.0442246713696968,0.480718320337189,"ssGBLUP","genotyped"
5,1,"909658",-0.170976910734629,0.288290494464406,0.813233486171292,"ssGBLUP","not_genotyped"
5,1,"916978",-0.0828905344284735,0.000988468839233314,0.52593146054612,"ssGBLUP","not_genotyped"
5,1,"96495",1.10011862073352,0.107706655027165,0.632649646734052,"ssGBLUP","not_genotyped"
5,1,"97127",0.36759928670457,0.343915377112587,0.868858368819473,"ssGBLUP","genotyped"
5,1,"97487",-0.677009361897995,-0.259636821189251,0.265306170517636,"ssGBLUP","genotyped"
5,2,"1066175",0.208789714037222,0.405337608722874,0.888860155866646,"PBLUP","genotyped"
5,2,"106657",0.354935241294429,-0.146247732425673,0.337274814718099,"PBLUP","not_genotyped"
5,2,"106875",1.61799256516142,0.253112004300068,0.736634551443839,"PBLUP","genotyped"
5,2,"107066",0.640882056982801,-0.148041346534271,0.335481200609501,"PBLUP","not_genotyped"
5,2,"1079616",0.712370796925057,0.401266854272966,0.884789401416738,"PBLUP","not_genotyped"
5,2,"108014",0.988813470495336,0.0368748003211419,0.520397347464913,"PBLUP","not_genotyped"
5,2,"126309",-0.85354045405889,-0.483522547143771,0,"PBLUP","not_genotyped"
5,2,"1293839",-0.0380492263717348,0.0778230361130747,0.561345583256846,"PBLUP","genotyped"
5,2,"1295736",-1.67898374829987,-0.426814734365715,0.0567078127780562,"PBLUP","genotyped"
5,2,"1296234",-0.732226228702336,0.0647798613604073,0.548302408504179,"PBLUP","genotyped"
5,2,"1296766",0.183298741603949,0.122820097043343,0.606342644187115,"PBLUP","not_genotyped"
5,2,"1301798",-0.843441794053377,-0.356613730586851,0.12690881655692,"PBLUP","not_genotyped"
5,2,"1301800",-1.04135924200014,-0.356613730586851,0.12690881655692,"PBLUP","not_genotyped"
5,2,"130562",-0.781090712599981,0.132491022618339,0.616013569762111,"PBLUP","not_genotyped"
5,2,"1343502",-0.704397905122626,-0.326591163488156,0.156931383655615,"PBLUP","not_genotyped"
5,2,"1360815",0.567332864636195,0.0306989334866074,0.514221480630379,"PBLUP","genotyped"
5,2,"1390246",-1.64690421462106,-0.113854783538199,0.369667763605572,"PBLUP","genotyped"
5,2,"14103",-0.437956162590065,0.106804189356741,0.590326736500512,"PBLUP","not_genotyped"
5,2,"143023",-0.135460575021689,0.079903731624943,0.563426278768714,"PBLUP","genotyped"
5,2,"143058",0.638056060997389,-0.151810931845236,0.331711615298536,"PBLUP","genotyped"
5,2,"14431",1.65097609179233,-0.162224392246667,0.321298154897104,"PBLUP","genotyped"
5,2,"144880",1.72531525996195,0.299379851353623,0.782902398497394,"PBLUP","not_genotyped"
5,2,"1491661",-0.267622715803522,0.309918497261765,0.793441044405536,"PBLUP","not_genotyped"
5,2,"15200",-0.401527689844371,-0.377785817786671,0.105736729357101,"PBLUP","genotyped"
5,2,"1563730",0.980278473974546,0.427764645137908,0.911287192281679,"PBLUP","not_genotyped"
5,2,"1586793",2.08261236622153,-0.106051229298557,0.377471317845214,"PBLUP","genotyped"
5,2,"1630947",0.133668714125241,-0.355771479356187,0.127751067787584,"PBLUP","genotyped"
5,2,"1630957",0.152864312216366,-0.355771479356187,0.127751067787584,"PBLUP","not_genotyped"
5,2,"1635819",-0.549196160183055,-0.019757797473723,0.463764749670048,"PBLUP","genotyped"
5,2,"1636202",-0.174201966671873,-0.101780664106345,0.381741883037426,"PBLUP","not_genotyped"
5,2,"168154",1.4005456118169,0.77317585668801,1.25669840383178,"PBLUP","not_genotyped"
5,2,"168928",0.952971371556413,0.169254731596763,0.652777278740535,"PBLUP","genotyped"
5,2,"169164",-0.143881554413385,-0.418040019779595,0.0654825273641767,"PBLUP","not_genotyped"
5,2,"1700001",-1.70234911568359,0.197468642558837,0.680991189702609,"PBLUP","genotyped"
5,2,"1812547",0.2621904508567,0.292419643864569,0.775942191008341,"PBLUP","genotyped"
5,2,"19627",0.967549275919211,-0.0995256519455577,0.383996895198214,"PBLUP","genotyped"
5,2,"1982528",-0.731957474040898,-0.332157150460885,0.151365396682886,"PBLUP","genotyped"
5,2,"20424",3.27892080508434,0.278310615439689,0.76183316258346,"PBLUP","genotyped"
5,2,"20934",0.434111993369914,-0.0623246908142557,0.421197856329516,"PBLUP","genotyped"
5,2,"2099196",1.6878769212157,-0.0916003787580041,0.391922168385767,"PBLUP","not_genotyped"
5,2,"2163595",0.229736289468012,-0.483522547143771,0,"PBLUP","genotyped"
5,2,"2166",-0.25270276005344,0.0871285737156416,0.570651120859413,"PBLUP","genotyped"
5,2,"217385",0.955186561493106,0.261270976679305,0.744793523823077,"PBLUP","not_genotyped"
5,2,"217451",-0.997039155104975,-0.0809305125723114,0.40259203457146,"PBLUP","genotyped"
5,2,"217754",-0.26662913796427,-0.247653611372907,0.235868935770865,"PBLUP","genotyped"
5,2,"2201662",-1.78674622345547,0.37730099121075,0.860823538354522,"PBLUP","not_genotyped"
5,2,"220384",-0.76760411504423,-0.483522547143771,0,"PBLUP","not_genotyped"
5,2,"222490",0.822315885694759,0.0756037277396835,0.559126274883455,"PBLUP","genotyped"
5,2,"2448315",0.0113283346068357,0.347333541978606,0.830856089122378,"PBLUP","not_genotyped"
5,2,"2464236",0.0910588841664946,-0.107679806833561,0.37584274031021,"PBLUP","not_genotyped"
5,2,"2465",0.785439488513336,0.135515898013719,0.61903844515749,"PBLUP","genotyped"
5,2,"2484313",-1.06314465773784,-0.559579119780109,-0.0760565726363373,"PBLUP","not_genotyped"
5,2,"2485148",-1.82192050778113,-0.422124394130474,0.0613981530132973,"PBLUP","genotyped"
5,2,"2487807",-2.07697682556554,-0.345271181989616,0.138251365154156,"PBLUP","not_genotyped"
5,2,"2600794",-0.27764807908319,0.282682176667897,0.766204723811669,"PBLUP","not_genotyped"
5,2,"2621094",-0.692996192213174,0.0982596606802148,0.581782207823986,"PBLUP","not_genotyped"
5,2,"2621166",-0.628633522839326,0.0982596606802148,0.581782207823986,"PBLUP","genotyped"
5,2,"269000",1.24462718778016,0.257674949091787,0.741197496235558,"PBLUP","genotyped"
5,2,"27001",0.26570869369733,-0.0587871651195363,0.424735382024235,"PBLUP","genotyped"
5,2,"292717",0.615765712259412,0.776320419233154,1.25984296637693,"PBLUP","genotyped"
5,2,"294614",1.49951247987093,0.171197335157556,0.654719882301327,"PBLUP","genotyped"
5,2,"294670",0.886857724842899,0.0107671409381404,0.494289688081912,"PBLUP","genotyped"
5,2,"294724",0.965651705127852,-0.0133086861392368,0.470213861004535,"PBLUP","genotyped"
5,2,"294818",0.514005424542565,-0.00856682737435449,0.474955719769417,"PBLUP","genotyped"
5,2,"345434",2.52690454198022,0.534317977592939,1.01784052473671,"PBLUP","not_genotyped"
5,2,"355408",0.759125963934455,0.557518184063023,1.04104073120679,"PBLUP","genotyped"
5,2,"358060",-0.459033043311249,0.143171126208031,0.626693673351802,"PBLUP","genotyped"
5,2,"358856",1.40401499017363,0.155547582825409,0.63907012996918,"PBLUP","not_genotyped"
5,2,"369673",1.21913621534689,0.121433508162702,0.604956055306474,"PBLUP","genotyped"
5,2,"377191",0.812233513850544,0.287693147200593,0.771215694344364,"PBLUP","not_genotyped"
5,2,"3825285",-0.503573020383953,0.1708621281633,0.654384675307071,"PBLUP","genotyped"
5,2,"3830069",-1.63645535914761,-0.648053266786077,-0.164530719642305,"PBLUP","not_genotyped"
5,2,"3830083",-1.82117939644201,-1.63225259794311,-1.14873005079934,"PBLUP","not_genotyped"
5,2,"3830201",-1.69475068843751,-0.261610784150785,0.221911762992987,"PBLUP","genotyped"
5,2,"3848815",-1.70271559931282,-0.345271181989616,0.138251365154156,"PBLUP","not_genotyped"
5,2,"3855110",-1.74344414664151,-0.379813766867199,0.103708780276573,"PBLUP","not_genotyped"
5,2,"3868812",-2.13250316743456,0.165193412392326,0.648715959536097,"PBLUP","not_genotyped"
5,2,"4057141",-0.841470926536171,-0.0558266675442673,0.427695879599504,"PBLUP","genotyped"
5,2,"41542",1.1421909413694,0.676476990643154,1.15999953778693,"PBLUP","not_genotyped"
5,2,"41686",0.409679751421092,0.515454646554035,0.998977193697806,"PBLUP","not_genotyped"
5,2,"41761",0.535644246828573,0.0460669532577891,0.52958950040156,"PBLUP","genotyped"
5,2,"42083",0.309238804769481,0.100388503458518,0.583911050602289,"PBLUP","not_genotyped"
5,2,"421064",0.142985542388393,0.278310615439689,0.76183316258346,"PBLUP","not_genotyped"
5,2,"421442",0.84616989791746,0.261825113519221,0.745347660662992,"PBLUP","genotyped"
5,2,"422212",-0.278486919390099,0.592860279304231,1.076382826448,"PBLUP","genotyped"
5,2,"42274",0.449406576829877,0.200722476455215,0.684245023598986,"PBLUP","not_genotyped"
5,2,"423671",0.529128982308885,0.0722705481669185,0.55579309531069,"PBLUP","genotyped"
5,2,"4248",0.647218151728196,-0.137866525426929,0.345656021716842,"PBLUP","not_genotyped"
5,2,"427258",0.105180720012913,-0.0387816106138101,0.444740936529961,"PBLUP","not_genotyped"
5,2,"427650",-0.151585854707912,-0.0125791296172625,0.470943417526509,"PBLUP","not_genotyped"
5,2,"429247",-1.04267858306538,0.392995211711328,0.876517758855099,"PBLUP","not_genotyped"
5,2,"432043",-0.726167032699027,0.0912907513677176,0.574813298511489,"PBLUP","not_genotyped"
5,2,"433740",-0.395224171421573,-0.147912819656606,0.335609727487165,"PBLUP","not_genotyped"
5,2,"4937014",0.222276311592972,-0.33547559248581,0.148046954657961,"PBLUP","genotyped"
5,2,"536162",0.398147733221247,0.277686414606977,0.761208961750749,"PBLUP","genotyped"
5,2,"609307",1.1992076499973,0.381888639341123,0.865411186484894,"PBLUP","not_genotyped"
5,2,"609368",1.70775662208139,0.381888639341123,0.865411186484894,"PBLUP","not_genotyped"
5,2,"62256",0.502253516165182,0.344753823245733,0.828276370389505,"PBLUP","not_genotyped"
5,2,"62603",0.702777069919819,-0.217478007452365,0.266044539691406,"PBLUP","genotyped"
5,2,"675238",0.418499790764617,0.222146112235218,0.705668659378989,"PBLUP","not_genotyped"
5,2,"68052",-0.150641141352559,0.156126771622239,0.63964931876601,"PBLUP","not_genotyped"
5,2,"68460",1.04727168139822,0.405794361343596,0.889316908487368,"PBLUP","genotyped"
5,2,"70761",-0.135403566457144,-0.0248489632031012,0.45867358394067,"PBLUP","genotyped"
5,2,"743023",-0.0986411864048143,0.116325419470232,0.599847966614003,"PBLUP","not_genotyped"
5,2,"77128",1.30970653625117,0.653658342884586,1.13718089002836,"PBLUP","genotyped"
5,2,"77205",-1.57563536485635,0.0153572556307297,0.498879802774501,"PBLUP","not_genotyped"
5,2,"77246",0.938141000693478,-0.0866827826983487,0.396839764445423,"PBLUP","genotyped"
5,2,"784135",-0.0531727841380565,0.336369182362197,0.819891729505969,"PBLUP","genotyped"
5,2,"78690",-0.722958264923082,-0.483522547143771,0,"PBLUP","not_genotyped"
5,2,"85331",-0.016524421214821,-0.134437195343491,0.349085351800281,"PBLUP","genotyped"
5,2,"855168",-1.10036310630655,0.152950806462218,0.636473353605989,"PBLUP","not_genotyped"
5,2,"85786",1.44805003424606,-0.271553287932833,0.211969259210938,"PBLUP","genotyped"
5,2,"877657",1.26586695011434,0.175463402810355,0.658985949954127,"PBLUP","not_genotyped"
5,2,"89242",-0.470361459494854,-0.312084356456848,0.171438190686923,"PBLUP","not_genotyped"
5,2,"900613",0.745851112475593,-0.0598088420828292,0.423713705060942,"PBLUP","not_genotyped"
5,2,"904516",0.578807874271491,-0.457534188660546,0.0259883584832258,"PBLUP","genotyped"
5,2,"92207",1.8092807314594,0.278310615439689,0.76183316258346,"PBLUP","genotyped"
5,2,"96413",0.107485494836752,0.393805567028016,0.877328114171787,"PBLUP","genotyped"
5,2,"96458",-0.128994174985903,0.211435630726785,0.694958177870556,"PBLUP","not_genotyped"
5,2,"96638",2.39853754278111,0.245754862033868,0.72927740917764,"PBLUP","genotyped"
5,2,"1066175",0.208789714037222,0.412620436257905,0.830712600154914,"ssGBLUP","genotyped"
5,2,"106657",0.354935241294429,-0.317938648688874,0.100153515208135,"ssGBLUP","not_genotyped"
5,2,"106875",1.61799256516142,0.281155320235407,0.699247484132416,"ssGBLUP","genotyped"
5,2,"107066",0.640882056982801,-0.00473208562569999,0.413360078271309,"ssGBLUP","not_genotyped"
5,2,"1079616",0.712370796925057,0.342131476735078,0.760223640632087,"ssGBLUP","not_genotyped"
5,2,"108014",0.988813470495336,-0.0486319554046893,0.36946020849232,"ssGBLUP","not_genotyped"
5,2,"126309",-0.85354045405889,-0.418092163897009,0,"ssGBLUP","not_genotyped"
5,2,"1293839",-0.0380492263717348,0.142181212449583,0.560273376346592,"ssGBLUP","genotyped"
5,2,"1295736",-1.67898374829987,-0.414898576455995,0.003193587441014,"ssGBLUP","genotyped"
5,2,"1296234",-0.732226228702336,0.233770708688736,0.651862872585745,"ssGBLUP","genotyped"
5,2,"1296766",0.183298741603949,0.184525467391155,0.602617631288164,"ssGBLUP","not_genotyped"
5,2,"1301798",-0.843441794053377,-0.25609406849467,0.161998095402339,"ssGBLUP","not_genotyped"
5,2,"1301800",-1.04135924200014,-0.256094068494669,0.16199809540234,"ssGBLUP","not_genotyped"
5,2,"130562",-0.781090712599981,-0.00980316623878325,0.408288997658226,"ssGBLUP","not_genotyped"
5,2,"1343502",-0.704397905122626,-0.593028094587574,-0.174935930690564,"ssGBLUP","not_genotyped"
5,2,"1360815",0.567332864636195,0.147320402948191,0.5654125668452,"ssGBLUP","genotyped"
5,2,"1390246",-1.64690421462106,0.266026100951934,0.684118264848943,"ssGBLUP","genotyped"
5,2,"14103",-0.437956162590065,0.0914118450116054,0.509504008908614,"ssGBLUP","not_genotyped"
5,2,"143023",-0.135460575021689,0.407416405602856,0.825508569499865,"ssGBLUP","genotyped"
5,2,"143058",0.638056060997389,-0.325918275469749,0.0921738884272604,"ssGBLUP","genotyped"
5,2,"14431",1.65097609179233,0.0299513651592707,0.44804352905628,"ssGBLUP","genotyped"
5,2,"144880",1.72531525996195,0.626234224264884,1.04432638816189,"ssGBLUP","not_genotyped"
5,2,"1491661",-0.267622715803522,0.305070160438259,0.723162324335268,"ssGBLUP","not_genotyped"
5,2,"15200",-0.401527689844371,-0.500507417127184,-0.0824152532301746,"ssGBLUP","genotyped"
5,2,"1563730",0.980278473974546,0.487560367240782,0.905652531137791,"ssGBLUP","not_genotyped"
5,2,"1586793",2.08261236622153,-0.176995156641191,0.241097007255819,"ssGBLUP","genotyped"
5,2,"1630947",0.133668714125241,0.0233634952957199,0.441455659192729,"ssGBLUP","genotyped"
5,2,"1630957",0.152864312216366,0.000288389740157435,0.418380553637167,"ssGBLUP","not_genotyped"
5,2,"1635819",-0.549196160183055,-0.418935050228497,-0.000842886331487555,"ssGBLUP","genotyped"
5,2,"1636202",-0.174201966671873,-0.183682201124805,0.234409962772204,"ssGBLUP","not_genotyped"
5,2,"168154",1.4005456118169,0.943961575674566,1.36205373957158,"ssGBLUP","not_genotyped"
5,2,"168928",0.952971371556413,0.0261056818893547,0.444197845786364,"ssGBLUP","genotyped"
5,2,"169164",-0.143881554413385,-0.341850559120657,0.0762416047763519,"ssGBLUP","not_genotyped"
5,2,"1700001",-1.70234911568359,0.245643648774318,0.663735812671327,"ssGBLUP","genotyped"
5,2,"1812547",0.2621904508567,0.0461088487193203,0.464201012616329,"ssGBLUP","genotyped"
5,2,"19627",0.967549275919211,-0.0589703093744201,0.359121854522589,"ssGBLUP","genotyped"
5,2,"1982528",-0.731957474040898,-0.605345529884487,-0.187253365987478,"ssGBLUP","genotyped"
5,2,"20424",3.27892080508434,0.376908383353334,0.795000547250343,"ssGBLUP","genotyped"
5,2,"20934",0.434111993369914,0.62401043359455,1.04210259749156,"ssGBLUP","genotyped"
5,2,"2099196",1.6878769212157,-0.025184596613486,0.392907567283523,"ssGBLUP","not_genotyped"
5,2,"2163595",0.229736289468012,0.695613271676384,1.11370543557339,"ssGBLUP","genotyped"
5,2,"2166",-0.25270276005344,-0.0891669890147744,0.328925174882235,"ssGBLUP","genotyped"
5,2,"217385",0.955186561493106,0.148753375455903,0.566845539352912,"ssGBLUP","not_genotyped"
5,2,"217451",-0.997039155104975,-0.308533586399017,0.109558577497992,"ssGBLUP","genotyped"
5,2,"217754",-0.26662913796427,-0.598766812299839,-0.18067464840283,"ssGBLUP","genotyped"
5,2,"2201662",-1.78674622345547,-0.379725586435853,0.0383665774611563,"ssGBLUP","not_genotyped"
5,2,"220384",-0.76760411504423,-0.418092163897009,0,"ssGBLUP","not_genotyped"
5,2,"222490",0.822315885694759,0.171959795335518,0.590051959232527,"ssGBLUP","genotyped"
5,2,"2448315",0.0113283346068357,0.515762282768023,0.933854446665032,"ssGBLUP","not_genotyped"
5,2,"2464236",0.0910588841664946,-0.090113788084363,0.327978375812646,"ssGBLUP","not_genotyped"
5,2,"2465",0.785439488513336,0.0694949938924082,0.487587157789417,"ssGBLUP","genotyped"
5,2,"2484313",-1.06314465773784,-0.550294571210785,-0.132202407313776,"ssGBLUP","not_genotyped"
5,2,"2485148",-1.82192050778113,-0.576568096663106,-0.158475932766097,"ssGBLUP","genotyped"
5,2,"2487807",-2.07697682556554,-0.375530119849663,0.0425620440473465,"ssGBLUP","not_genotyped"
5,2,"2600794",-0.27764807908319,0.546772869496545,0.964865033393554,"ssGBLUP","not_genotyped"
5,2,"2621094",-0.692996192213174,0.337664125864524,0.755756289761533,"ssGBLUP","not_genotyped"
5,2,"2621166",-0.628633522839326,0.423462639488928,0.841554803385937,"ssGBLUP","genotyped"
5,2,"269000",1.24462718778016,-0.11427981522179,0.303812348675219,"ssGBLUP","genotyped"
5,2,"27001",0.26570869369733,-0.0445852033289344,0.373506960568075,"ssGBLUP","genotyped"
5,2,"292717",0.615765712259412,0.638702174731537,1.05679433862855,"ssGBLUP","genotyped"
5,2,"294614",1.49951247987093,0.111955531753965,0.530047695650974,"ssGBLUP","genotyped"
5,2,"294670",0.886857724842899,-0.0311731951847459,0.386918968712263,"ssGBLUP","genotyped"
5,2,"294724",0.965651705127852,-0.308289594100001,0.109802569797008,"ssGBLUP","genotyped"
5,2,"294818",0.514005424542565,0.238896082512788,0.656988246409798,"ssGBLUP","genotyped"
5,2,"345434",2.52690454198022,0.463056893670162,0.881149057567171,"ssGBLUP","not_genotyped"
5,2,"355408",0.759125963934455,0.125831688617078,0.543923852514087,"ssGBLUP","genotyped"
5,2,"358060",-0.459033043311249,-0.266681631216959,0.15141053268005,"ssGBLUP","genotyped"
5,2,"358856",1.40401499017363,0.11288065325357,0.530972817150579,"ssGBLUP","not_genotyped"
5,2,"369673",1.21913621534689,0.0969477909883706,0.51503995488538,"ssGBLUP","genotyped"
5,2,"377191",0.812233513850544,0.262320330572064,0.680412494469073,"ssGBLUP","not_genotyped"
5,2,"3825285",-0.503573020383953,0.0604194514167577,0.478511615313767,"ssGBLUP","genotyped"
5,2,"3830069",-1.63645535914761,-0.699226377748375,-0.281134213851366,"ssGBLUP","not_genotyped"
5,2,"3830083",-1.82117939644201,-1.49825677496056,-1.08016461106355,"ssGBLUP","not_genotyped"
5,2,"3830201",-1.69475068843751,-1.38541007687316,-0.967317912976149,"ssGBLUP","genotyped"
5,2,"3848815",-1.70271559931282,-0.375530119849662,0.0425620440473471,"ssGBLUP","not_genotyped"
5,2,"3855110",-1.74344414664151,-0.275408517019538,0.142683646877471,"ssGBLUP","not_genotyped"
5,2,"3868812",-2.13250316743456,0.157191665846491,0.5752838297435,"ssGBLUP","not_genotyped"
5,2,"4057141",-0.841470926536171,-0.241724549324101,0.176367614572908,"ssGBLUP","genotyped"
5,2,"41542",1.1421909413694,0.504004103339785,0.922096267236794,"ssGBLUP","not_genotyped"
5,2,"41686",0.409679751421092,0.279736217432863,0.697828381329873,"ssGBLUP","not_genotyped"
5,2,"41761",0.535644246828573,0.525423131426181,0.94351529532319,"ssGBLUP","genotyped"
5,2,"42083",0.309238804769481,-0.0400042417712873,0.378087922125722,"ssGBLUP","not_genotyped"
5,2,"421064",0.142985542388393,0.349349602126318,0.767441766023327,"ssGBLUP","not_genotyped"
5,2,"421442",0.84616989791746,0.697235018741933,1.11532718263894,"ssGBLUP","genotyped"
5,2,"422212",-0.278486919390099,0.478081660959836,0.896173824856845,"ssGBLUP","genotyped"
5,2,"42274",0.449406576829877,0.232507084591991,0.650599248489001,"ssGBLUP","not_genotyped"
5,2,"423671",0.529128982308885,0.572648899519791,0.9907410634168,"ssGBLUP","genotyped"
5,2,"4248",0.647218151728196,-0.0762624009477279,0.341829762949281,"ssGBLUP","not_genotyped"
5,2,"427258",0.105180720012913,-0.0797027028445267,0.338389461052482,"ssGBLUP","not_genotyped"
5,2,"427650",-0.151585854707912,-0.0399876289084652,0.378104534988544,"ssGBLUP","not_genotyped"
5,2,"429247",-1.04267858306538,0.462554979055038,0.880647142952047,"ssGBLUP","not_genotyped"
5,2,"432043",-0.726167032699027,0.102905427617967,0.520997591514976,"ssGBLUP","not_genotyped"
5,2,"433740",-0.395224171421573,-0.21581460285071,0.202277561046299,"ssGBLUP","not_genotyped"
5,2,"4937014",0.222276311592972,0.322946991538042,0.741039155435051,"ssGBLUP","genotyped"
5,2,"536162",0.398147733221247,0.259654084261427,0.677746248158436,"ssGBLUP","genotyped"
5,2,"609307",1.1992076499973,0.409771104029601,0.82786326792661,"ssGBLUP","not_genotyped"
5,2,"609368",1.70775662208139,0.409771104029597,0.827863267926606,"ssGBLUP","not_genotyped"
5,2,"62256",0.502253516165182,0.37163458237815,0.789726746275159,"ssGBLUP","not_genotyped"
5,2,"62603",0.702777069919819,-0.446114825904797,-0.0280226620077877,"ssGBLUP","genotyped"
5,2,"675238",0.418499790764617,0.305259122256198,0.723351286153207,"ssGBLUP","not_genotyped"
5,2,"68052",-0.150641141352559,0.379446235220316,0.797538399117325,"ssGBLUP","not_genotyped"
5,2,"68460",1.04727168139822,0.293812492833952,0.711904656730961,"ssGBLUP","genotyped"
5,2,"70761",-0.135403566457144,0.137682897292641,0.55577506118965,"ssGBLUP","genotyped"
5,2,"743023",-0.0986411864048143,0.146103998188524,0.564196162085533,"ssGBLUP","not_genotyped"
5,2,"77128",1.30970653625117,1.20328698653069,1.6213791504277,"ssGBLUP","genotyped"
5,2,"77205",-1.57563536485635,0.0691370320668112,0.48722919596382,"ssGBLUP","not_genotyped"
5,2,"77246",0.938141000693478,-0.0712623409140961,0.346829822982913,"ssGBLUP","genotyped"
5,2,"784135",-0.0531727841380565,1.30740210285828,1.72549426675528,"ssGBLUP","genotyped"
5,2,"78690",-0.722958264923082,-0.418092163897009,0,"ssGBLUP","not_genotyped"
5,2,"85331",-0.016524421214821,0.327319255859281,0.74541141975629,"ssGBLUP","genotyped"
5,2,"855168",-1.10036310630655,0.122298290019872,0.540390453916881,"ssGBLUP","not_genotyped"
5,2,"85786",1.44805003424606,-0.396564584426595,0.0215275794704138,"ssGBLUP","genotyped"
5,2,"877657",1.26586695011434,0.227163803844631,0.64525596774164,"ssGBLUP","not_genotyped"
5,2,"89242",-0.470361459494854,-0.22341163252231,0.194680531374699,"ssGBLUP","not_genotyped"
5,2,"900613",0.745851112475593,-0.140750420151205,0.277341743745804,"ssGBLUP","not_genotyped"
5,2,"904516",0.578807874271491,0.0225179824494717,0.440610146346481,"ssGBLUP","genotyped"
5,2,"92207",1.8092807314594,0.263762416675508,0.681854580572518,"ssGBLUP","genotyped"
5,2,"96413",0.107485494836752,0.209916686671502,0.628008850568511,"ssGBLUP","genotyped"
5,2,"96458",-0.128994174985903,0.273292435571498,0.691384599468507,"ssGBLUP","not_genotyped"
5,2,"96638",2.39853754278111,0.105138336613821,0.52323050051083,"ssGBLUP","genotyped"
5,3,"103122",-0.561477433802664,-0.443369644581593,0,"PBLUP","not_genotyped"
5,3,"107052",1.20011164294941,0.200662276206639,0.644031920788232,"PBLUP","not_genotyped"
5,3,"1093268",0.393733641509161,-0.281856242645572,0.161513401936021,"PBLUP","not_genotyped"
5,3,"126114",1.67147474278739,0.00892557381592179,0.452295218397515,"PBLUP","not_genotyped"
5,3,"1290414",-0.332376301048552,-0.117121827646999,0.326247816934594,"PBLUP","genotyped"
5,3,"1291472",-0.666690811714943,-0.148067642258426,0.295302002323167,"PBLUP","genotyped"
5,3,"1295755",-1.01605558342181,-0.649292487633439,-0.205922843051846,"PBLUP","genotyped"
5,3,"1298205",-0.951635905483413,-0.130064879950414,0.313304764631179,"PBLUP","not_genotyped"
5,3,"1302304",-0.380581114413579,-0.265752846244934,0.177616798336659,"PBLUP","genotyped"
5,3,"133128",0.32484286329413,0.46690167460396,0.910271319185554,"PBLUP","genotyped"
5,3,"1342417",-0.105140162763201,0.211058408304621,0.654428052886214,"PBLUP","genotyped"
5,3,"13569",1.81367039092954,0.371020251286619,0.814389895868212,"PBLUP","not_genotyped"
5,3,"143989",1.07711159289838,-0.588592231601677,-0.145222587020084,"PBLUP","not_genotyped"
5,3,"1477994",1.17454737379029,0.112224263503974,0.555593908085567,"PBLUP","not_genotyped"
5,3,"1507236",-1.28624360305319,-0.105999187907328,0.337370456674265,"PBLUP","not_genotyped"
5,3,"1507248",-0.200816822234791,-0.101519320253234,0.341850324328359,"PBLUP","not_genotyped"
5,3,"1637606",0.0470156960134162,-0.148595660994236,0.294773983587357,"PBLUP","genotyped"
5,3,"1642335",-0.334257583678611,-0.150374288803645,0.292995355777948,"PBLUP","not_genotyped"
5,3,"1642486",-0.246480682437141,-0.092095309833754,0.351274334747839,"PBLUP","genotyped"
5,3,"1672866",-0.491755959361372,-0.538878753632968,-0.0955091090513749,"PBLUP","genotyped"
5,3,"168614",-0.438778714735675,0.101979035680111,0.545348680261704,"PBLUP","not_genotyped"
5,3,"1799716",-0.931715484214473,-0.774866276657225,-0.331496632075632,"PBLUP","not_genotyped"
5,3,"1823515",0.462616275643541,0.340260357667046,0.783630002248639,"PBLUP","not_genotyped"
5,3,"1987795",0.0771325062556649,-0.038470879842508,0.404898764739085,"PBLUP","genotyped"
5,3,"2114149",1.08853773804978,-0.198033033890589,0.245336610691004,"PBLUP","not_genotyped"
5,3,"2117143",0.0567723046316471,-0.0078873138151811,0.435482330766412,"PBLUP","genotyped"
5,3,"2151603",-1.00835942720793,-0.204442788135252,0.238926856446341,"PBLUP","genotyped"
5,3,"2163607",0.440545817083104,0.0243062529398523,0.467675897521445,"PBLUP","not_genotyped"
5,3,"217743",-0.15331239980563,-0.293644082537844,0.149725562043749,"PBLUP","genotyped"
5,3,"220399",-0.881059302573914,-0.443369644581593,0,"PBLUP","genotyped"
5,3,"2484320",-1.39759761777528,-0.379790759885982,0.0635788846956113,"PBLUP","genotyped"
5,3,"2485050",-0.81742145637788,-0.868697911170554,-0.425328266588961,"PBLUP","genotyped"
5,3,"2485260",-1.10190233754932,-0.597861401141107,-0.154491756559514,"PBLUP","genotyped"
5,3,"2485915",-1.84783497240818,-1.54917331727829,-1.1058036726967,"PBLUP","not_genotyped"
5,3,"2588696",0.0402805413161911,-0.0144386961351748,0.428930948446418,"PBLUP","not_genotyped"
5,3,"2601500",0.294286272696802,0.02719830100675,0.470567945588343,"PBLUP","not_genotyped"
5,3,"2668072",-0.291427863542325,-0.443369644581593,0,"PBLUP","not_genotyped"
5,3,"292907",-0.32430551712479,0.235364387666067,0.67873403224766,"PBLUP","not_genotyped"
5,3,"294705",0.782361026027785,-0.178956717899994,0.264412926681599,"PBLUP","genotyped"
5,3,"294940",-0.428965097552897,0.130763460585916,0.574133105167509,"PBLUP","genotyped"
5,3,"295146",1.00396960458425,0.24938466932008,0.692754313901673,"PBLUP","genotyped"
5,3,"31089",-1.40101813164811,-0.443369644581593,0,"PBLUP","not_genotyped"
5,3,"320849",-0.682832379562464,-0.443369644581593,0,"PBLUP","not_genotyped"
5,3,"321131",0.159412153058651,0.474433863967659,0.917803508549252,"PBLUP","genotyped"
5,3,"321614",-0.152489847660019,0.405586608960656,0.848956253542249,"PBLUP","not_genotyped"
5,3,"341985",-0.539431407484175,0.302523144611259,0.745892789192852,"PBLUP","genotyped"
5,3,"342231",0.642486440870774,0.471184259117697,0.91455390369929,"PBLUP","genotyped"
5,3,"342263",0.0796897475796432,0.158875061605935,0.602244706187528,"PBLUP","genotyped"
5,3,"359354",0.595723129780728,0.257546810305647,0.70091645488724,"PBLUP","not_genotyped"
5,3,"367751",1.8362539265709,0.527907041391991,0.971276685973584,"PBLUP","genotyped"
5,3,"369670",0.105807814222934,-0.0626691928270239,0.380700451754569,"PBLUP","not_genotyped"
5,3,"369679",0.824579940115349,0.158875061605935,0.602244706187528,"PBLUP","genotyped"
5,3,"376804",-0.154615452709568,-0.443369644581593,0,"PBLUP","genotyped"
5,3,"377165",1.43900196064434,0.252779259259339,0.696148903840932,"PBLUP","not_genotyped"
5,3,"3822784",-0.562658325496856,-0.610173347035293,-0.1668037024537,"PBLUP","genotyped"
5,3,"3826177",-0.880505505089741,0.425815167618845,0.869184812200438,"PBLUP","genotyped"
5,3,"3827770",-2.31129831401605,-0.82546320043751,-0.382093555855917,"PBLUP","genotyped"
5,3,"3827774",-2.05032124959937,0.0348054202045761,0.478175064786169,"PBLUP","genotyped"
5,3,"3830109",-2.41866172921982,0.0393073642877509,0.482677008869344,"PBLUP","genotyped"
5,3,"3830130",-1.50911451411035,-0.0439204243698687,0.399449220211724,"PBLUP","not_genotyped"
5,3,"3830165",-1.84079848672692,-0.677596677611368,-0.234227033029775,"PBLUP","not_genotyped"
5,3,"3830184",-1.42619148493605,0.119156753339679,0.562526397921272,"PBLUP","genotyped"
5,3,"3830206",-1.74084618491428,0.0393073642877509,0.482677008869344,"PBLUP","not_genotyped"
5,3,"3855675",-1.66940630945593,-0.141020819622624,0.30234882495897,"PBLUP","not_genotyped"
5,3,"3863169",-2.14879132873378,-0.629987615801361,-0.186617971219768,"PBLUP","not_genotyped"
5,3,"3863186",-1.46247336423005,0.246741595115413,0.690111239697006,"PBLUP","genotyped"
5,3,"3865255",-1.92223929322299,-0.536858077903301,-0.0934884333217081,"PBLUP","genotyped"
5,3,"3868700",-2.00590343373641,-0.461355264070827,-0.0179856194892341,"PBLUP","genotyped"
5,3,"3881",0.998317612613427,0.624662736656839,1.06803238123843,"PBLUP","genotyped"
5,3,"3895",0.617410816550632,0.376108784421795,0.819478429003389,"PBLUP","genotyped"
5,3,"392036",0.331048652749132,-0.286922768719989,0.156446875861604,"PBLUP","genotyped"
5,3,"393017",-0.57501289584231,0.0268157283166294,0.470185372898223,"PBLUP","not_genotyped"
5,3,"393298",-0.151805744885452,0.306223147719023,0.749592792300616,"PBLUP","not_genotyped"
5,3,"4057142",-0.895572054291514,0.271605068776708,0.714974713358301,"PBLUP","genotyped"
5,3,"412956",0.406967772564773,-0.0510875045711044,0.392282140010489,"PBLUP","genotyped"
5,3,"413235",-0.454749256889555,-0.0785198515842338,0.364849792997359,"PBLUP","genotyped"
5,3,"41471",0.748286192589826,0.192397937760822,0.635767582342415,"PBLUP","not_genotyped"
5,3,"41804",-0.456435081584024,-0.119251471009334,0.324118173572259,"PBLUP","genotyped"
5,3,"419380",0.939240451581174,-0.0655874663144011,0.377782178267192,"PBLUP","not_genotyped"
5,3,"419528",1.06256626485818,0.269850432660243,0.713220077241836,"PBLUP","not_genotyped"
5,3,"42066",0.139231121208924,0.388690883827837,0.83206052840943,"PBLUP","genotyped"
5,3,"42076",0.0253850178080586,0.0247161233080266,0.46808576788962,"PBLUP","genotyped"
5,3,"421337",0.918302020231034,0.396451830838139,0.839821475419732,"PBLUP","not_genotyped"
5,3,"421749",0.130883438543077,-0.0478961995684018,0.395473445013191,"PBLUP","genotyped"
5,3,"421919",0.0629292296027502,0.241536082014996,0.684905726596589,"PBLUP","not_genotyped"
5,3,"422005",0.127161593686205,0.103268264769865,0.546637909351459,"PBLUP","genotyped"
5,3,"422181",1.75413716138091,0.397899529457322,0.841269174038915,"PBLUP","genotyped"
5,3,"42237",-1.09225974606019,0.198720888412247,0.64209053299384,"PBLUP","genotyped"
5,3,"423133",-0.80039218373955,-0.33557237161069,0.107797272970903,"PBLUP","not_genotyped"
5,3,"430174",0.174861474050957,0.23265719980146,0.676026844383053,"PBLUP","genotyped"
5,3,"430433",0.211509836974191,0.134085831952501,0.577455476534095,"PBLUP","genotyped"
5,3,"438163",0.788835570144222,-0.0902292531221843,0.353140391459409,"PBLUP","genotyped"
5,3,"438323",-0.30088314117652,0.334769415927745,0.778139060509338,"PBLUP","not_genotyped"
5,3,"438760",-0.670640690830003,0.194949115178886,0.638318759760479,"PBLUP","not_genotyped"
5,3,"438770",0.342629535432872,0.194949115178886,0.638318759760479,"PBLUP","not_genotyped"
5,3,"447647",0.81275473501212,-0.0299338060515348,0.413435838530058,"PBLUP","genotyped"
5,3,"458835",0.881148724307524,0.659580225623949,1.10294987020554,"PBLUP","not_genotyped"
5,3,"460142",1.63380836978296,0.446242640993473,0.889612285575067,"PBLUP","genotyped"
5,3,"460693",-0.0645744970475065,0.510403723378159,0.953773367959752,"PBLUP","genotyped"
5,3,"460960",-0.381265217188148,-0.124828030929302,0.318541613652291,"PBLUP","not_genotyped"
5,3,"464211",0.902209316867409,-0.165690062071127,0.277679582510466,"PBLUP","not_genotyped"
5,3,"471420",-0.766496520075884,0.304890647671748,0.748260292253341,"PBLUP","genotyped"
5,3,"512731",-0.111875317460428,0.0821214338106,0.525491078392193,"PBLUP","genotyped"
5,3,"62150",1.12297091103632,0.18527494265605,0.628644587237643,"PBLUP","not_genotyped"
5,3,"62221",1.08326037378884,0.189510759993938,0.632880404575531,"PBLUP","genotyped"
5,3,"625454",0.42732797418879,0.286919112227217,0.73028875680881,"PBLUP","genotyped"
5,3,"67055",-0.934574056522484,0.270520881499236,0.713890526080829,"PBLUP","not_genotyped"
5,3,"770505",-0.471574927511644,0.112887593620179,0.556257238201772,"PBLUP","genotyped"
5,3,"77230",-0.321023452622998,-0.108953267340284,0.334416377241309,"PBLUP","genotyped"
5,3,"80662",0.145094859276641,0.304890647671748,0.748260292253341,"PBLUP","not_genotyped"
5,3,"835884",0.0390507851381006,-0.0902135373496488,0.353156107231944,"PBLUP","genotyped"
5,3,"85637",0.149215764085342,0.482197025197245,0.925566669778838,"PBLUP","genotyped"
5,3,"85685",1.71138073797047,-0.679053157180431,-0.235683512598838,"PBLUP","not_genotyped"
5,3,"86783",-1.08113493189282,-0.038470879842508,0.404898764739085,"PBLUP","not_genotyped"
5,3,"876108",0.549358878642511,-0.431643271040414,0.0117263735411788,"PBLUP","genotyped"
5,3,"88809",-0.115605306397947,-0.0453017458485578,0.398067898733035,"PBLUP","genotyped"
5,3,"89762",1.31910480532082,0.0809970798706748,0.524366724452268,"PBLUP","not_genotyped"
5,3,"909641",0.615659839210966,0.139578536353492,0.582948180935085,"PBLUP","not_genotyped"
5,3,"934019",0.0447272093508763,-0.0360628511400195,0.407306793441574,"PBLUP","genotyped"
5,3,"96501",1.01414970539627,-0.15322152162313,0.290148122958463,"PBLUP","genotyped"
5,3,"103122",-0.561477433802664,-0.384354863809536,0,"ssGBLUP","not_genotyped"
5,3,"107052",1.20011164294941,0.241221099757732,0.625575963567267,"ssGBLUP","not_genotyped"
5,3,"1093268",0.393733641509161,-0.192779411608761,0.191575452200774,"ssGBLUP","not_genotyped"
5,3,"126114",1.67147474278739,0.297489245234248,0.681844109043784,"ssGBLUP","not_genotyped"
5,3,"1290414",-0.332376301048552,-0.576188945626748,-0.191834081817212,"ssGBLUP","genotyped"
5,3,"1291472",-0.666690811714943,-0.0893656613916876,0.294989202417848,"ssGBLUP","genotyped"
5,3,"1295755",-1.01605558342181,-0.314985142100037,0.0693697217094983,"ssGBLUP","genotyped"
5,3,"1298205",-0.951635905483413,-0.153278119620597,0.231076744188939,"ssGBLUP","not_genotyped"
5,3,"1302304",-0.380581114413579,-0.228561304610286,0.155793559199249,"ssGBLUP","genotyped"
5,3,"133128",0.32484286329413,0.376645511269248,0.761000375078784,"ssGBLUP","genotyped"
5,3,"1342417",-0.105140162763201,0.371000022471441,0.755354886280977,"ssGBLUP","genotyped"
5,3,"13569",1.81367039092954,0.34258129564084,0.726936159450376,"ssGBLUP","not_genotyped"
5,3,"143989",1.07711159289838,-0.434646880080538,-0.0502920162710021,"ssGBLUP","not_genotyped"
5,3,"1477994",1.17454737379029,0.0336646398944775,0.418019503704013,"ssGBLUP","not_genotyped"
5,3,"1507236",-1.28624360305319,-0.36915219323032,0.0152026705792158,"ssGBLUP","not_genotyped"
5,3,"1507248",-0.200816822234791,-0.388057514718955,-0.00370265090941974,"ssGBLUP","not_genotyped"
5,3,"1637606",0.0470156960134162,-0.446683021967261,-0.0623281581577249,"ssGBLUP","genotyped"
5,3,"1642335",-0.334257583678611,-0.203750303386818,0.180604560422717,"ssGBLUP","not_genotyped"
5,3,"1642486",-0.246480682437141,-0.246059411591806,0.13829545221773,"ssGBLUP","genotyped"
5,3,"1672866",-0.491755959361372,-0.608279164084581,-0.223924300275046,"ssGBLUP","genotyped"
5,3,"168614",-0.438778714735675,-0.0240524490604036,0.360302414749132,"ssGBLUP","not_genotyped"
5,3,"1799716",-0.931715484214473,-0.717682349130647,-0.333327485321112,"ssGBLUP","not_genotyped"
5,3,"1823515",0.462616275643541,0.227794931946898,0.612149795756433,"ssGBLUP","not_genotyped"
5,3,"1987795",0.0771325062556649,-0.352414355433338,0.0319405083761973,"ssGBLUP","genotyped"
5,3,"2114149",1.08853773804978,-0.0942085666328218,0.290146297176714,"ssGBLUP","not_genotyped"
5,3,"2117143",0.0567723046316471,-0.411964005585227,-0.0276091417756914,"ssGBLUP","genotyped"
5,3,"2151603",-1.00835942720793,0.549152020693886,0.933506884503422,"ssGBLUP","genotyped"
5,3,"2163607",0.440545817083104,0.127001981607553,0.511356845417089,"ssGBLUP","not_genotyped"
5,3,"217743",-0.15331239980563,-0.131232038362886,0.25312282544665,"ssGBLUP","genotyped"
5,3,"220399",-0.881059302573914,0.158479074252001,0.542833938061537,"ssGBLUP","genotyped"
5,3,"2484320",-1.39759761777528,-0.11194475715314,0.272410106656395,"ssGBLUP","genotyped"
5,3,"2485050",-0.81742145637788,-0.56422860854766,-0.179873744738125,"ssGBLUP","genotyped"
5,3,"2485260",-1.10190233754932,-1.23822968168383,-0.853874817874299,"ssGBLUP","genotyped"
5,3,"2485915",-1.84783497240818,-1.40002604263401,-1.01567117882447,"ssGBLUP","not_genotyped"
5,3,"2588696",0.0402805413161911,-0.0304309288922155,0.35392393491732,"ssGBLUP","not_genotyped"
5,3,"2601500",0.294286272696802,0.254677087692591,0.639031951502126,"ssGBLUP","not_genotyped"
5,3,"2668072",-0.291427863542325,-0.384354863809536,0,"ssGBLUP","not_genotyped"
5,3,"292907",-0.32430551712479,0.220896773546205,0.605251637355741,"ssGBLUP","not_genotyped"
5,3,"294705",0.782361026027785,0.0748383886426994,0.459193252452235,"ssGBLUP","genotyped"
5,3,"294940",-0.428965097552897,-0.134692689251375,0.249662174558161,"ssGBLUP","genotyped"
5,3,"295146",1.00396960458425,0.700015414084694,1.08437027789423,"ssGBLUP","genotyped"
5,3,"31089",-1.40101813164811,-0.384354863809536,0,"ssGBLUP","not_genotyped"
5,3,"320849",-0.682832379562464,-0.384354863809536,0,"ssGBLUP","not_genotyped"
5,3,"321131",0.159412153058651,0.138623334515838,0.522978198325373,"ssGBLUP","genotyped"
5,3,"321614",-0.152489847660019,0.303359678881418,0.687714542690954,"ssGBLUP","not_genotyped"
5,3,"341985",-0.539431407484175,-0.0571819828597702,0.327172880949765,"ssGBLUP","genotyped"
5,3,"342231",0.642486440870774,0.26942050551687,0.653775369326406,"ssGBLUP","genotyped"
5,3,"342263",0.0796897475796432,0.0407359412247419,0.425090805034277,"ssGBLUP","genotyped"
5,3,"359354",0.595723129780728,0.458135343739492,0.842490207549028,"ssGBLUP","not_genotyped"
5,3,"367751",1.8362539265709,0.665337377990431,1.04969224179997,"ssGBLUP","genotyped"
5,3,"369670",0.105807814222934,0.127711454663093,0.512066318472629,"ssGBLUP","not_genotyped"
5,3,"369679",0.824579940115349,0.190061290222062,0.574416154031597,"ssGBLUP","genotyped"
5,3,"376804",-0.154615452709568,-0.0428129709873304,0.341541892822205,"ssGBLUP","genotyped"
5,3,"377165",1.43900196064434,0.477465920360819,0.861820784170355,"ssGBLUP","not_genotyped"
5,3,"3822784",-0.562658325496856,-0.7201432771567,-0.335788413347164,"ssGBLUP","genotyped"
5,3,"3826177",-0.880505505089741,-0.234959652299854,0.149395211509682,"ssGBLUP","genotyped"
5,3,"3827770",-2.31129831401605,-0.541216717138826,-0.156861853329291,"ssGBLUP","genotyped"
5,3,"3827774",-2.05032124959937,-0.548838278160731,-0.164483414351195,"ssGBLUP","genotyped"
5,3,"3830109",-2.41866172921982,0.127621208877281,0.511976072686816,"ssGBLUP","genotyped"
5,3,"3830130",-1.50911451411035,0.0702129933228345,0.45456785713237,"ssGBLUP","not_genotyped"
5,3,"3830165",-1.84079848672692,-1.16290077720038,-0.778545913390848,"ssGBLUP","not_genotyped"
5,3,"3830184",-1.42619148493605,-0.818818898559461,-0.434464034749925,"ssGBLUP","genotyped"
5,3,"3830206",-1.74084618491428,0.11379975506677,0.498154618876305,"ssGBLUP","not_genotyped"
5,3,"3855675",-1.66940630945593,-0.199577528280614,0.184777335528922,"ssGBLUP","not_genotyped"
5,3,"3863169",-2.14879132873378,-0.684923834324391,-0.300568970514855,"ssGBLUP","not_genotyped"
5,3,"3863186",-1.46247336423005,-0.689667047741351,-0.305312183931816,"ssGBLUP","genotyped"
5,3,"3865255",-1.92223929322299,-0.814928002662844,-0.430573138853309,"ssGBLUP","genotyped"
5,3,"3868700",-2.00590343373641,-1.03254161588704,-0.6481867520775,"ssGBLUP","genotyped"
5,3,"3881",0.998317612613427,0.459731230751264,0.844086094560799,"ssGBLUP","genotyped"
5,3,"3895",0.617410816550632,0.375482579115074,0.759837442924609,"ssGBLUP","genotyped"
5,3,"392036",0.331048652749132,0.0965207826962296,0.480875646505765,"ssGBLUP","genotyped"
5,3,"393017",-0.57501289584231,0.155943954892964,0.540298818702499,"ssGBLUP","not_genotyped"
5,3,"393298",-0.151805744885452,-0.0587006481542826,0.325654215655253,"ssGBLUP","not_genotyped"
5,3,"4057142",-0.895572054291514,0.334314983148131,0.718669846957666,"ssGBLUP","genotyped"
5,3,"412956",0.406967772564773,0.353534881115564,0.737889744925099,"ssGBLUP","genotyped"
5,3,"413235",-0.454749256889555,-0.0778843428157393,0.306470520993796,"ssGBLUP","genotyped"
5,3,"41471",0.748286192589826,0.336956050917376,0.721310914726911,"ssGBLUP","not_genotyped"
5,3,"41804",-0.456435081584024,0.102401487808126,0.486756351617662,"ssGBLUP","genotyped"
5,3,"419380",0.939240451581174,-0.109864445969495,0.27449041784004,"ssGBLUP","not_genotyped"
5,3,"419528",1.06256626485818,0.233600782075681,0.617955645885217,"ssGBLUP","not_genotyped"
5,3,"42066",0.139231121208924,-0.031088590961995,0.353266272847541,"ssGBLUP","genotyped"
5,3,"42076",0.0253850178080586,0.338176123877575,0.722530987687111,"ssGBLUP","genotyped"
5,3,"421337",0.918302020231034,0.398563594623343,0.782918458432878,"ssGBLUP","not_genotyped"
5,3,"421749",0.130883438543077,0.344000561112722,0.728355424922257,"ssGBLUP","genotyped"
5,3,"421919",0.0629292296027502,0.179607366862631,0.563962230672167,"ssGBLUP","not_genotyped"
5,3,"422005",0.127161593686205,0.131818809773064,0.5161736735826,"ssGBLUP","genotyped"
5,3,"422181",1.75413716138091,0.329903127078413,0.714257990887949,"ssGBLUP","genotyped"
5,3,"42237",-1.09225974606019,0.415027767715514,0.79938263152505,"ssGBLUP","genotyped"
5,3,"423133",-0.80039218373955,-0.409020919947067,-0.0246660561375312,"ssGBLUP","not_genotyped"
5,3,"430174",0.174861474050957,0.427876064731805,0.81223092854134,"ssGBLUP","genotyped"
5,3,"430433",0.211509836974191,-0.244377786689809,0.139977077119726,"ssGBLUP","genotyped"
5,3,"438163",0.788835570144222,0.411675967180326,0.796030830989861,"ssGBLUP","genotyped"
5,3,"438323",-0.30088314117652,0.279591596992241,0.663946460801777,"ssGBLUP","not_genotyped"
5,3,"438760",-0.670640690830003,0.240023767139689,0.624378630949224,"ssGBLUP","not_genotyped"
5,3,"438770",0.342629535432872,0.240023767139687,0.624378630949222,"ssGBLUP","not_genotyped"
5,3,"447647",0.81275473501212,0.268807615162256,0.653162478971792,"ssGBLUP","genotyped"
5,3,"458835",0.881148724307524,1.09083307086901,1.47518793467854,"ssGBLUP","not_genotyped"
5,3,"460142",1.63380836978296,0.595088433556671,0.979443297366207,"ssGBLUP","genotyped"
5,3,"460693",-0.0645744970475065,0.596649145356829,0.981004009166364,"ssGBLUP","genotyped"
5,3,"460960",-0.381265217188148,-0.0573785166040719,0.326976347205464,"ssGBLUP","not_genotyped"
5,3,"464211",0.902209316867409,-0.058819146508209,0.325535717301327,"ssGBLUP","not_genotyped"
5,3,"471420",-0.766496520075884,0.133343680929049,0.517698544738584,"ssGBLUP","genotyped"
5,3,"512731",-0.111875317460428,0.175378183962466,0.559733047772002,"ssGBLUP","genotyped"
5,3,"62150",1.12297091103632,0.268834600233722,0.653189464043257,"ssGBLUP","not_genotyped"
5,3,"62221",1.08326037378884,0.351136109330448,0.735490973139983,"ssGBLUP","genotyped"
5,3,"625454",0.42732797418879,0.124439154077837,0.508794017887373,"ssGBLUP","genotyped"
5,3,"67055",-0.934574056522484,0.236701449652979,0.621056313462515,"ssGBLUP","not_genotyped"
5,3,"770505",-0.471574927511644,0.521715039126317,0.906069902935853,"ssGBLUP","genotyped"
5,3,"77230",-0.321023452622998,0.0986019499135524,0.482956813723088,"ssGBLUP","genotyped"
5,3,"80662",0.145094859276641,0.137655039494042,0.522009903303578,"ssGBLUP","not_genotyped"
5,3,"835884",0.0390507851381006,-0.365711010140416,0.0186438536691193,"ssGBLUP","genotyped"
5,3,"85637",0.149215764085342,0.560240221169451,0.944595084978986,"ssGBLUP","genotyped"
5,3,"85685",1.71138073797047,-0.491498730758259,-0.107143866948724,"ssGBLUP","not_genotyped"
5,3,"86783",-1.08113493189282,-0.0513290909994218,0.333025772810114,"ssGBLUP","not_genotyped"
5,3,"876108",0.549358878642511,0.504547570263131,0.888902434072666,"ssGBLUP","genotyped"
5,3,"88809",-0.115605306397947,0.199072992396213,0.583427856205748,"ssGBLUP","genotyped"
5,3,"89762",1.31910480532082,0.150372234586434,0.534727098395969,"ssGBLUP","not_genotyped"
5,3,"909641",0.615659839210966,0.0737386602424399,0.458093524051975,"ssGBLUP","not_genotyped"
5,3,"934019",0.0447272093508763,-0.390107088608591,-0.00575222479905518,"ssGBLUP","genotyped"
5,3,"96501",1.01414970539627,0.434857343216854,0.81921220702639,"ssGBLUP","genotyped"
5,4,"1064007",1.13284153678365,0.164241053672264,0.594576552735945,"PBLUP","genotyped"
5,4,"106844",0.600617722251142,-0.0233513283546455,0.406984170709035,"PBLUP","genotyped"
5,4,"107017",1.73852495877561,0.464455605866115,0.894791104929796,"PBLUP","not_genotyped"
5,4,"107103",0.29973466265139,-0.0465164636109105,0.38381903545277,"PBLUP","genotyped"
5,4,"1081265",1.56569127922964,-0.820686665509946,-0.390351166446265,"PBLUP","not_genotyped"
5,4,"1127595",0.712093898182969,0.402735551096098,0.833071050159778,"PBLUP","genotyped"
5,4,"12867",1.68576760432745,0.167530738503039,0.59786623756672,"PBLUP","genotyped"
5,4,"1290408",-0.336269171599065,-0.128725845052983,0.301609654010698,"PBLUP","genotyped"
5,4,"1301796",-0.598541144839027,-0.328086061464615,0.102249437599065,"PBLUP","not_genotyped"
5,4,"1301802",-0.857237866673811,-0.328086061464615,0.102249437599065,"PBLUP","genotyped"
5,4,"1302311",-0.892656473418955,-0.0898475474004268,0.340487951663254,"PBLUP","not_genotyped"
5,4,"13396",0.797614889084498,-0.40409577954391,0.026239719519771,"PBLUP","not_genotyped"
5,4,"13469",2.33971284824899,0.160747244300679,0.591082743364359,"PBLUP","not_genotyped"
5,4,"13954",0.665868096415797,-0.196504186249502,0.233831312814179,"PBLUP","genotyped"
5,4,"1402346",-0.162702524794628,-0.462758621855857,-0.0324231227921761,"PBLUP","not_genotyped"
5,4,"143067",0.584313272790627,0.41520245334313,0.845537952406811,"PBLUP","not_genotyped"
5,4,"1439621",-0.00867352746859992,-0.116161076677971,0.31417442238571,"PBLUP","not_genotyped"
5,4,"1541043",0.354414020132854,-0.157256151228785,0.273079347834896,"PBLUP","not_genotyped"
5,4,"1642433",-0.124954710983697,-0.397941415259245,0.032394083804436,"PBLUP","not_genotyped"
5,4,"1649008",-1.20229441971703,0.182973382192776,0.613308881256456,"PBLUP","genotyped"
5,4,"1671946",-0.148678417916003,0.162228076631348,0.592563575695029,"PBLUP","genotyped"
5,4,"168060",-0.434926564588412,0.26510941600948,0.695444915073161,"PBLUP","not_genotyped"
5,4,"168524",0.867116473348251,0.394961672272646,0.825297171336327,"PBLUP","not_genotyped"
5,4,"168912",-0.450848242258393,-0.174821324567204,0.255514174496477,"PBLUP","genotyped"
5,4,"168924",0.175985357180603,0.0744533885230375,0.504788887586718,"PBLUP","not_genotyped"
5,4,"168939",0.325942314181827,0.0672174885039938,0.497552987567674,"PBLUP","genotyped"
5,4,"170744",-2.22424623595239,-1.3722848723647,-0.941949373301018,"PBLUP","not_genotyped"
5,4,"1766345",-0.623869235659307,-0.498876454839828,-0.068540955776147,"PBLUP","genotyped"
5,4,"1790751",0.0698516981549165,0.308504345887032,0.738839844950713,"PBLUP","not_genotyped"
5,4,"1815932",-0.263876438704702,0.0770381879534529,0.507373687017133,"PBLUP","not_genotyped"
5,4,"217726",-0.630873145017969,0.0196564009239201,0.449991899987601,"PBLUP","not_genotyped"
5,4,"217777",0.0452402864318024,-0.0123367222525395,0.417998776811141,"PBLUP","genotyped"
5,4,"218554",1.05305397865944,0.178620447678704,0.608955946742385,"PBLUP","genotyped"
5,4,"218794",0.156537292589339,0.0802061047465428,0.510541603810223,"PBLUP","not_genotyped"
5,4,"2430154",0.559522691293221,0.184850314279082,0.615185813342762,"PBLUP","genotyped"
5,4,"2464628",-0.356083719819559,-0.327962699697304,0.102372799366377,"PBLUP","not_genotyped"
5,4,"2485043",-1.35715411326932,-0.629029728704487,-0.198694229640807,"PBLUP","genotyped"
5,4,"2588634",0.216599887380195,-0.116426320529846,0.313909178533834,"PBLUP","genotyped"
5,4,"292703",0.642038516435046,0.673288940084878,1.10362443914856,"PBLUP","not_genotyped"
5,4,"294834",-0.157009812420551,0.22276961248062,0.653105111544301,"PBLUP","not_genotyped"
5,4,"294897",0.50474560484396,0.287347086408235,0.717682585471916,"PBLUP","not_genotyped"
5,4,"295026",1.44896217127881,0.597596926807249,1.02793242587093,"PBLUP","not_genotyped"
5,4,"295091",0.609291168142973,0.161773808509067,0.592109307572747,"PBLUP","not_genotyped"
5,4,"295191",0.107982283756379,0.152642432677991,0.582977931741672,"PBLUP","genotyped"
5,4,"305029",1.2708185511493,0.899114149547367,1.32944964861105,"PBLUP","genotyped"
5,4,"30709",0.345105335950353,-0.0390103903538229,0.391325108709858,"PBLUP","genotyped"
5,4,"321822",0.861635507071064,-0.833265238093704,-0.402929739030023,"PBLUP","not_genotyped"
5,4,"323172",1.15157292227774,0.160986137646332,0.591321636710012,"PBLUP","genotyped"
5,4,"342202",0.333019520266336,-0.261177006918739,0.169158492144942,"PBLUP","not_genotyped"
5,4,"342336",0.561314389036135,0.0421494875405989,0.47248498660428,"PBLUP","not_genotyped"
5,4,"343376",-1.43664034040949,-0.430335499063681,0,"PBLUP","genotyped"
5,4,"353782",-0.467209700283455,0.065384101046308,0.495719600109989,"PBLUP","genotyped"
5,4,"358886",1.11577968782272,0.343698747043345,0.774034246107026,"PBLUP","genotyped"
5,4,"367789",1.33162225727927,0.392318622284502,0.822654121348183,"PBLUP","genotyped"
5,4,"368747",1.46796231143435,0.15448787587126,0.584823374934941,"PBLUP","genotyped"
5,4,"376770",0.552209306869873,0.345362989321582,0.775698488385263,"PBLUP","genotyped"
5,4,"376790",-1.0649282114001,0.0207778396446328,0.451113338708313,"PBLUP","genotyped"
5,4,"3827757",-1.21925853971017,0.263865347262151,0.694200846325832,"PBLUP","genotyped"
5,4,"3827768",-2.28909755016522,-0.908399594334958,-0.478064095271277,"PBLUP","not_genotyped"
5,4,"3827771",-1.56944586356264,0.263865347262151,0.694200846325832,"PBLUP","genotyped"
5,4,"3830032",-1.50356025110732,0.0272584992923997,0.45759399835608,"PBLUP","not_genotyped"
5,4,"3830162",-1.80525771877203,-0.575060306771615,-0.144724807707935,"PBLUP","not_genotyped"
5,4,"3831054",-0.0613168647876624,-0.221351490332331,0.20898400873135,"PBLUP","not_genotyped"
5,4,"3854950",-2.32277332365134,-0.893489583672877,-0.463154084609197,"PBLUP","genotyped"
5,4,"3864287",-2.26872920446055,-0.0970891528930057,0.333246346170675,"PBLUP","genotyped"
5,4,"3889",2.33609687644057,0.215176106115296,0.645511605178977,"PBLUP","genotyped"
5,4,"390604",0.852253526162716,0.342366235294881,0.772701734358562,"PBLUP","not_genotyped"
5,4,"390845",0.463976337112026,-0.430335499063681,0,"PBLUP","not_genotyped"
5,4,"391721",-1.09107885436599,-0.430335499063681,0,"PBLUP","not_genotyped"
5,4,"393281",1.14763118724333,0.0104832628811306,0.440818761944811,"PBLUP","genotyped"
5,4,"39359",1.49504952367494,0.899114149547367,1.32944964861105,"PBLUP","not_genotyped"
5,4,"4057155",-1.02510365702352,-0.249546082490188,0.180789416573493,"PBLUP","genotyped"
5,4,"4059227",-0.490371465650939,-0.214241032610024,0.216094466453657,"PBLUP","not_genotyped"
5,4,"4069736",-1.20997428776961,-0.429578747212699,0.000756751850981906,"PBLUP","genotyped"
5,4,"412450",-0.371948388924996,0.187350445557389,0.61768594462107,"PBLUP","genotyped"
5,4,"41263",0.565606319538478,-0.157735444304684,0.272600054758996,"PBLUP","not_genotyped"
5,4,"41484",0.282216745174085,-0.0144201399593518,0.415915359104329,"PBLUP","genotyped"
5,4,"415173",-0.00198723725527206,0.0535618596639463,0.483897358727627,"PBLUP","genotyped"
5,4,"41669",-0.280189032245867,-0.0533302489501015,0.377005250113579,"PBLUP","genotyped"
5,4,"41800",0.686040984184875,0.299865435083321,0.730200934147002,"PBLUP","genotyped"
5,4,"419525",0.918261299827786,0.252232902572781,0.682568401636462,"PBLUP","not_genotyped"
5,4,"420213",-0.75600694419919,0.109502932365781,0.539838431429462,"PBLUP","not_genotyped"
5,4,"421018",0.561705304907316,0.345362989321582,0.775698488385263,"PBLUP","not_genotyped"
5,4,"422983",0.411675051180245,0.106049800352628,0.536385299416308,"PBLUP","genotyped"
5,4,"423143",-1.25577659734301,-0.237085367117578,0.193250131946103,"PBLUP","not_genotyped"
5,4,"423200",1.34527988052866,0.0428416658025998,0.47317716486628,"PBLUP","genotyped"
5,4,"423348",-1.47401352651054,0.0119452591780356,0.442280758241716,"PBLUP","not_genotyped"
5,4,"423409",0.221396750882815,0.0960107233481449,0.526346222411825,"PBLUP","genotyped"
5,4,"423673",0.256986383321601,0.207933509771691,0.638269008835372,"PBLUP","not_genotyped"
5,4,"424689",1.4606977914949,0.489512407147271,0.919847906210951,"PBLUP","not_genotyped"
5,4,"424700",1.6245078296811,0.460713251248769,0.891048750312449,"PBLUP","genotyped"
5,4,"427918",-0.258297743459721,-0.204399721718355,0.225935777345326,"PBLUP","not_genotyped"
5,4,"428988",0.0947807290233647,0.322264716254095,0.752600215317776,"PBLUP","not_genotyped"
5,4,"429101",-1.68124780272046,-0.0942070120527883,0.336128487010892,"PBLUP","genotyped"
5,4,"431424",0.771415381634711,0.4188555209641,0.84919102002778,"PBLUP","not_genotyped"
5,4,"433924",-0.430691642650614,-0.116858822867315,0.313476676196366,"PBLUP","genotyped"
5,4,"438273",-1.23332336699204,0.591648974771103,1.02198447383478,"PBLUP","not_genotyped"
5,4,"443483",0.658522135669852,0.0429386705303101,0.473274169593991,"PBLUP","not_genotyped"
5,4,"450448",1.42136188195729,0.300673389591334,0.731008888655014,"PBLUP","genotyped"
5,4,"609448",1.15351121347235,0.395400146314647,0.825735645378327,"PBLUP","not_genotyped"
5,4,"623960",0.796075657841723,0.0722279502637011,0.502563449327382,"PBLUP","not_genotyped"
5,4,"62633",0.381183613228116,0.151359174143043,0.581694673206724,"PBLUP","genotyped"
5,4,"664062",2.23440988544957,-0.11189871163711,0.31843678742657,"PBLUP","genotyped"
5,4,"67929",1.70620110267732,0.058083501564085,0.488419000627766,"PBLUP","not_genotyped"
5,4,"743034",0.0299619911331384,0.0922649674409646,0.522600466504645,"PBLUP","genotyped"
5,4,"770285",-0.722681366180996,0.476902778807498,0.907238277871179,"PBLUP","genotyped"
5,4,"775",1.67162948031973,0.0830435431509725,0.513379042214653,"PBLUP","not_genotyped"
5,4,"77534",0.859933394215296,-1.20236286308041,-0.772027364016733,"PBLUP","genotyped"
5,4,"83123",1.29932283342292,0.272837153128014,0.703172652191695,"PBLUP","not_genotyped"
5,4,"85587",0.475850406699153,-0.404159716708924,0.0261757823547568,"PBLUP","genotyped"
5,4,"85599",0.529967822615795,-0.390412160294906,0.0399233387687742,"PBLUP","not_genotyped"
5,4,"85676",1.25576829010882,0.107535019085946,0.537870518149627,"PBLUP","genotyped"
5,4,"85711",0.512392896573941,0.0083716705741993,0.43870716963788,"PBLUP","not_genotyped"
5,4,"85888",0.103739217737934,0.107535019085946,0.537870518149627,"PBLUP","genotyped"
5,4,"86230",0.268111197488963,0.0726918147244842,0.503027313788165,"PBLUP","genotyped"
5,4,"86394",0.108348767385612,-0.115293788890126,0.315041710173555,"PBLUP","not_genotyped"
5,4,"86490",0.790757573177529,0.368634311223243,0.798969810286924,"PBLUP","not_genotyped"
5,4,"87507",-0.0755690059244772,0.0412125223134594,0.47154802137714,"PBLUP","genotyped"
5,4,"878573",0.0873126070676752,0.0802061047465428,0.510541603810223,"PBLUP","not_genotyped"
5,4,"97120",-0.430341447182682,0.368634311223243,0.798969810286924,"PBLUP","not_genotyped"
5,4,"1064007",1.13284153678365,0.289223269840679,0.811310036863452,"ssGBLUP","genotyped"
5,4,"106844",0.600617722251142,-0.300949105445423,0.22113766157735,"ssGBLUP","genotyped"
5,4,"107017",1.73852495877561,0.812865910091466,1.33495267711424,"ssGBLUP","not_genotyped"
5,4,"107103",0.29973466265139,-0.38379208345213,0.138294683570643,"ssGBLUP","genotyped"
5,4,"1081265",1.56569127922964,-0.87442171288465,-0.352334945861877,"ssGBLUP","not_genotyped"
5,4,"1127595",0.712093898182969,0.251790377260897,0.77387714428367,"ssGBLUP","genotyped"
5,4,"12867",1.68576760432745,1.02234563709934,1.54443240412211,"ssGBLUP","genotyped"
5,4,"1290408",-0.336269171599065,-0.264147029477716,0.257939737545058,"ssGBLUP","genotyped"
5,4,"1301796",-0.598541144839027,-0.43063606819176,0.0914506988310131,"ssGBLUP","not_genotyped"
5,4,"1301802",-0.857237866673811,-0.422560944122893,0.0995258228998797,"ssGBLUP","genotyped"
5,4,"1302311",-0.892656473418955,-0.134028456074239,0.388058310948534,"ssGBLUP","not_genotyped"
5,4,"13396",0.797614889084498,-0.703302212468678,-0.181215445445905,"ssGBLUP","not_genotyped"
5,4,"13469",2.33971284824899,0.683375081220729,1.2054618482435,"ssGBLUP","not_genotyped"
5,4,"13954",0.665868096415797,0.305997333614992,0.828084100637765,"ssGBLUP","genotyped"
5,4,"1402346",-0.162702524794628,-0.338843586971381,0.183243180051392,"ssGBLUP","not_genotyped"
5,4,"143067",0.584313272790627,0.453869226651181,0.975955993673954,"ssGBLUP","not_genotyped"
5,4,"1439621",-0.00867352746859992,0.00912603312036464,0.531212800143138,"ssGBLUP","not_genotyped"
5,4,"1541043",0.354414020132854,-0.141642017918277,0.380444749104496,"ssGBLUP","not_genotyped"
5,4,"1642433",-0.124954710983697,-0.71952826395803,-0.197441496935258,"ssGBLUP","not_genotyped"
5,4,"1649008",-1.20229441971703,0.706820105330417,1.22890687235319,"ssGBLUP","genotyped"
5,4,"1671946",-0.148678417916003,0.630280440467318,1.15236720749009,"ssGBLUP","genotyped"
5,4,"168060",-0.434926564588412,0.379190782558331,0.901277549581105,"ssGBLUP","not_genotyped"
5,4,"168524",0.867116473348251,0.537299233391053,1.05938600041383,"ssGBLUP","not_genotyped"
5,4,"168912",-0.450848242258393,-0.200492835428852,0.321593931593921,"ssGBLUP","genotyped"
5,4,"168924",0.175985357180603,0.201142859150186,0.723229626172959,"ssGBLUP","not_genotyped"
5,4,"168939",0.325942314181827,-0.134820846050166,0.387265920972607,"ssGBLUP","genotyped"
5,4,"170744",-2.22424623595239,-1.69907829719229,-1.17699153016952,"ssGBLUP","not_genotyped"
5,4,"1766345",-0.623869235659307,-0.844880508466922,-0.322793741444149,"ssGBLUP","genotyped"
5,4,"1790751",0.0698516981549165,0.444890986047115,0.966977753069888,"ssGBLUP","not_genotyped"
5,4,"1815932",-0.263876438704702,0.0624029824010431,0.584489749423816,"ssGBLUP","not_genotyped"
5,4,"217726",-0.630873145017969,0.00484704500388533,0.526933812026658,"ssGBLUP","not_genotyped"
5,4,"217777",0.0452402864318024,0.534649326594918,1.05673609361769,"ssGBLUP","genotyped"
5,4,"218554",1.05305397865944,-0.188945806644093,0.33314096037868,"ssGBLUP","genotyped"
5,4,"218794",0.156537292589339,0.0538001870743781,0.575886954097151,"ssGBLUP","not_genotyped"
5,4,"2430154",0.559522691293221,0.426305543331772,0.948392310354545,"ssGBLUP","genotyped"
5,4,"2464628",-0.356083719819559,-0.605344695235844,-0.0832579282130714,"ssGBLUP","not_genotyped"
5,4,"2485043",-1.35715411326932,-0.670483890558201,-0.148397123535428,"ssGBLUP","genotyped"
5,4,"2588634",0.216599887380195,-0.136950592078466,0.385136174944307,"ssGBLUP","genotyped"
5,4,"292703",0.642038516435046,0.770240881896025,1.2923276489188,"ssGBLUP","not_genotyped"
5,4,"294834",-0.157009812420551,0.491312277260536,1.01339904428331,"ssGBLUP","not_genotyped"
5,4,"294897",0.50474560484396,0.551891330891432,1.0739780979142,"ssGBLUP","not_genotyped"
5,4,"295026",1.44896217127881,0.620258838995644,1.14234560601842,"ssGBLUP","not_genotyped"
5,4,"295091",0.609291168142973,0.300003594671882,0.822090361694655,"ssGBLUP","not_genotyped"
5,4,"295191",0.107982283756379,0.281194852012741,0.803281619035514,"ssGBLUP","genotyped"
5,4,"305029",1.2708185511493,1.10130067916052,1.62338744618329,"ssGBLUP","genotyped"
5,4,"30709",0.345105335950353,-0.470911853567618,0.051174913455155,"ssGBLUP","genotyped"
5,4,"321822",0.861635507071064,-0.898753184410807,-0.376666417388034,"ssGBLUP","not_genotyped"
5,4,"323172",1.15157292227774,-0.285829065994103,0.23625770102867,"ssGBLUP","genotyped"
5,4,"342202",0.333019520266336,-0.203733365192396,0.318353401830377,"ssGBLUP","not_genotyped"
5,4,"342336",0.561314389036135,0.0493459773865533,0.571432744409326,"ssGBLUP","not_genotyped"
5,4,"343376",-1.43664034040949,0.915913035899634,1.43799980292241,"ssGBLUP","genotyped"
5,4,"353782",-0.467209700283455,0.16428816134227,0.686374928365043,"ssGBLUP","genotyped"
5,4,"358886",1.11577968782272,0.377734314309777,0.89982108133255,"ssGBLUP","genotyped"
5,4,"367789",1.33162225727927,0.54095491555229,1.06304168257506,"ssGBLUP","genotyped"
5,4,"368747",1.46796231143435,0.384497864299906,0.906584631322679,"ssGBLUP","genotyped"
5,4,"376770",0.552209306869873,0.494351311234203,1.01643807825698,"ssGBLUP","genotyped"
5,4,"376790",-1.0649282114001,-0.134659206652699,0.387427560370074,"ssGBLUP","genotyped"
5,4,"3827757",-1.21925853971017,0.144876643254365,0.666963410277138,"ssGBLUP","genotyped"
5,4,"3827768",-2.28909755016522,-1.03563804469914,-0.513551277676371,"ssGBLUP","not_genotyped"
5,4,"3827771",-1.56944586356264,-0.0235159850321965,0.498570781990576,"ssGBLUP","genotyped"
5,4,"3830032",-1.50356025110732,-0.00410870347622017,0.517978063546553,"ssGBLUP","not_genotyped"
5,4,"3830162",-1.80525771877203,-0.462982392773217,0.0591043742495562,"ssGBLUP","not_genotyped"
5,4,"3831054",-0.0613168647876624,-0.305619150671027,0.216467616351746,"ssGBLUP","not_genotyped"
5,4,"3854950",-2.32277332365134,-1.65835996928449,-1.13627320226172,"ssGBLUP","genotyped"
5,4,"3864287",-2.26872920446055,-1.26089046522461,-0.738803698201838,"ssGBLUP","genotyped"
5,4,"3889",2.33609687644057,0.577173154570427,1.0992599215932,"ssGBLUP","genotyped"
5,4,"390604",0.852253526162716,0.65523586959001,1.17732263661278,"ssGBLUP","not_genotyped"
5,4,"390845",0.463976337112026,-0.522086767022773,0,"ssGBLUP","not_genotyped"
5,4,"391721",-1.09107885436599,-0.522086767022773,0,"ssGBLUP","not_genotyped"
5,4,"393281",1.14763118724333,0.372628283141231,0.894715050164004,"ssGBLUP","genotyped"
5,4,"39359",1.49504952367494,1.12373324397741,1.64582001100018,"ssGBLUP","not_genotyped"
5,4,"4057155",-1.02510365702352,-0.400649681488916,0.121437085533857,"ssGBLUP","genotyped"
5,4,"4059227",-0.490371465650939,0.0518378635739694,0.573924630596742,"ssGBLUP","not_genotyped"
5,4,"4069736",-1.20997428776961,0.468127898812119,0.990214665834892,"ssGBLUP","genotyped"
5,4,"412450",-0.371948388924996,-0.272230940509784,0.249855826512989,"ssGBLUP","genotyped"
5,4,"41263",0.565606319538478,0.0167542220956582,0.538840989118431,"ssGBLUP","not_genotyped"
5,4,"41484",0.282216745174085,-0.665079417688178,-0.142992650665405,"ssGBLUP","genotyped"
5,4,"415173",-0.00198723725527206,-0.26443066937335,0.257656097649423,"ssGBLUP","genotyped"
5,4,"41669",-0.280189032245867,-0.342191870643983,0.17989489637879,"ssGBLUP","genotyped"
5,4,"41800",0.686040984184875,0.5599572418574,1.08204400888017,"ssGBLUP","genotyped"
5,4,"419525",0.918261299827786,0.390856459931209,0.912943226953982,"ssGBLUP","not_genotyped"
5,4,"420213",-0.75600694419919,0.0262572028269402,0.548343969849713,"ssGBLUP","not_genotyped"
5,4,"421018",0.561705304907316,0.576388408700875,1.09847517572365,"ssGBLUP","not_genotyped"
5,4,"422983",0.411675051180245,0.0968507780368308,0.618937545059604,"ssGBLUP","genotyped"
5,4,"423143",-1.25577659734301,-0.356031950595049,0.166054816427724,"ssGBLUP","not_genotyped"
5,4,"423200",1.34527988052866,-0.290459943359309,0.231626823663464,"ssGBLUP","genotyped"
5,4,"423348",-1.47401352651054,0.0149771126432902,0.537063879666063,"ssGBLUP","not_genotyped"
5,4,"423409",0.221396750882815,0.2169362845412,0.739023051563973,"ssGBLUP","genotyped"
5,4,"423673",0.256986383321601,0.448787265145048,0.970874032167821,"ssGBLUP","not_genotyped"
5,4,"424689",1.4606977914949,0.840158301211119,1.36224506823389,"ssGBLUP","not_genotyped"
5,4,"424700",1.6245078296811,0.673368148473429,1.1954549154962,"ssGBLUP","genotyped"
5,4,"427918",-0.258297743459721,-0.217569525322118,0.304517241700655,"ssGBLUP","not_genotyped"
5,4,"428988",0.0947807290233647,0.372416125779031,0.894502892801804,"ssGBLUP","not_genotyped"
5,4,"429101",-1.68124780272046,0.475371193328823,0.997457960351596,"ssGBLUP","genotyped"
5,4,"431424",0.771415381634711,0.376642230898056,0.898728997920829,"ssGBLUP","not_genotyped"
5,4,"433924",-0.430691642650614,0.145035588021799,0.667122355044572,"ssGBLUP","genotyped"
5,4,"438273",-1.23332336699204,0.868764515556986,1.39085128257976,"ssGBLUP","not_genotyped"
5,4,"443483",0.658522135669852,0.0818362928656985,0.603923059888472,"ssGBLUP","not_genotyped"
5,4,"450448",1.42136188195729,0.413258381013909,0.935345148036682,"ssGBLUP","genotyped"
5,4,"609448",1.15351121347235,0.607761524479997,1.12984829150277,"ssGBLUP","not_genotyped"
5,4,"623960",0.796075657841723,0.0318924891414282,0.553979256164201,"ssGBLUP","not_genotyped"
5,4,"62633",0.381183613228116,0.103663689919289,0.625750456942062,"ssGBLUP","genotyped"
5,4,"664062",2.23440988544957,1.0825751508808,1.60466191790357,"ssGBLUP","genotyped"
5,4,"67929",1.70620110267732,-0.239936206009556,0.282150561013217,"ssGBLUP","not_genotyped"
5,4,"743034",0.0299619911331384,0.205565603499205,0.727652370521978,"ssGBLUP","genotyped"
5,4,"770285",-0.722681366180996,0.620559018490361,1.14264578551313,"ssGBLUP","genotyped"
5,4,"775",1.67162948031973,-0.0434915411609598,0.478595225861813,"ssGBLUP","not_genotyped"
5,4,"77534",0.859933394215296,-1.17656552988973,-0.654478762866961,"ssGBLUP","genotyped"
5,4,"83123",1.29932283342292,0.219358995002321,0.741445762025094,"ssGBLUP","not_genotyped"
5,4,"85587",0.475850406699153,-0.520518419080466,0.00156834794230713,"ssGBLUP","genotyped"
5,4,"85599",0.529967822615795,-0.518310155376008,0.00377661164676492,"ssGBLUP","not_genotyped"
5,4,"85676",1.25576829010882,-0.267719893514755,0.254366873508018,"ssGBLUP","genotyped"
5,4,"85711",0.512392896573941,0.0358217246805835,0.557908491703357,"ssGBLUP","not_genotyped"
5,4,"85888",0.103739217737934,0.238418430824682,0.760505197847455,"ssGBLUP","genotyped"
5,4,"86230",0.268111197488963,0.0547126686553084,0.576799435678081,"ssGBLUP","genotyped"
5,4,"86394",0.108348767385612,-0.195092560624463,0.32699420639831,"ssGBLUP","not_genotyped"
5,4,"86490",0.790757573177529,0.320540464294483,0.842627231317256,"ssGBLUP","not_genotyped"
5,4,"87507",-0.0755690059244772,0.491178632287985,1.01326539931076,"ssGBLUP","genotyped"
5,4,"878573",0.0873126070676752,0.0538001870743779,0.575886954097151,"ssGBLUP","not_genotyped"
5,4,"97120",-0.430341447182682,0.320540464294485,0.842627231317258,"ssGBLUP","not_genotyped"
5,5,"1047493",0.654661841441938,0.19143659544251,0.712655786223146,"PBLUP","not_genotyped"
5,5,"1058137",-1.22708500121444,0.146843610856451,0.668062801637087,"PBLUP","genotyped"
5,5,"1066569",0.0567723046316471,0.391264389018313,0.912483579798948,"PBLUP","genotyped"
5,5,"107059",1.25938426191725,0.185284851120707,0.706504041901342,"PBLUP","genotyped"
5,5,"107131",0.186100305347415,-0.521219190780635,0,"PBLUP","genotyped"
5,5,"1101307",0.849134343273915,0.364510758363771,0.885729949144406,"PBLUP","genotyped"
5,5,"1195398",-0.610822418458635,0.488596315713569,1.0098155064942,"PBLUP","not_genotyped"
5,5,"1295300",-0.854232700914106,0.23180856769992,0.753027758480555,"PBLUP","genotyped"
5,5,"1298199",-1.01373452043667,-0.0922423417549585,0.428976849025677,"PBLUP","genotyped"
5,5,"1300939",-0.969707620444892,0.294184269866345,0.815403460646981,"PBLUP","genotyped"
5,5,"1301936",-1.04376988987242,-0.224027896670582,0.297191294110053,"PBLUP","not_genotyped"
5,5,"13098",0.891019350054848,0.536753708445909,1.05797289922654,"PBLUP","not_genotyped"
5,5,"1311265",-0.879609656218283,0.180653541386618,0.701872732167254,"PBLUP","not_genotyped"
5,5,"13302",1.17418089016105,-0.853006851799851,-0.331787661019216,"PBLUP","not_genotyped"
5,5,"13350",0.316022823950605,0.568512195822381,1.08973138660302,"PBLUP","genotyped"
5,5,"13767",1.84236198705811,-0.0534152516124979,0.467803939168138,"PBLUP","not_genotyped"
5,5,"1393230",-0.140526193185747,-0.0216378249446871,0.499581365835948,"PBLUP","not_genotyped"
5,5,"143808",0.0375359861372731,0.323243188162177,0.844462378942812,"PBLUP","not_genotyped"
5,5,"1500224",-0.189520982373785,-0.228692021483533,0.292527169297103,"PBLUP","not_genotyped"
5,5,"1504972",0.381517520534749,-0.0146003749253044,0.506618815855331,"PBLUP","not_genotyped"
5,5,"1563726",1.47973050797303,0.42931808285639,0.950537273637026,"PBLUP","genotyped"
5,5,"16262",2.59396290204909,-0.0260966811445884,0.495122509636047,"PBLUP","not_genotyped"
5,5,"1635496",-0.848865751766015,0.110402964105139,0.631622154885774,"PBLUP","not_genotyped"
5,5,"1651705",-0.265073618560194,0.163953161948375,0.68517235272901,"PBLUP","not_genotyped"
5,5,"1673085",-1.12012879004314,-0.813036307560754,-0.291817116780119,"PBLUP","not_genotyped"
5,5,"168979",0.200645633387613,0.416746792563289,0.937965983343925,"PBLUP","not_genotyped"
5,5,"1796426",-0.449993113790185,-0.429408661160224,0.0918105296204115,"PBLUP","not_genotyped"
5,5,"1815954",0.394873812800106,-0.0851090314149611,0.436110159365674,"PBLUP","genotyped"
5,5,"1816016",-0.218693079260679,-0.0922599897601715,0.428959201020464,"PBLUP","not_genotyped"
5,5,"1817540",0.0796490271763938,0.154383153349304,0.67560234412994,"PBLUP","genotyped"
5,5,"19630",-0.519046773618208,-0.105234022285423,0.415985168495212,"PBLUP","not_genotyped"
5,5,"20010",0.985775728413032,-0.136748924711429,0.384470266069206,"PBLUP","genotyped"
5,5,"20585",-1.30511343791833,0.0829186850219761,0.604137875802611,"PBLUP","not_genotyped"
5,5,"2167",0.341815127367912,-0.060809282885874,0.460409907894761,"PBLUP","genotyped"
5,5,"217748",0.578498399206806,0.259693247691062,0.780912438471697,"PBLUP","genotyped"
5,5,"2200733",0.204334901921886,0.388337839230463,0.909557030011098,"PBLUP","not_genotyped"
5,5,"2201664",-1.46839411086231,0.397104343185303,0.918323533965938,"PBLUP","genotyped"
5,5,"222693",-0.973934398302038,-0.521219190780635,0,"PBLUP","genotyped"
5,5,"2448313",0.167621386353455,0.354510855895826,0.875730046676461,"PBLUP","genotyped"
5,5,"2450184",-1.89225278827114,-0.0348695344859481,0.486349656294687,"PBLUP","not_genotyped"
5,5,"2460025",-0.086099302204419,0.0700291916689657,0.591248382449601,"PBLUP","genotyped"
5,5,"2464631",-0.140656498476139,-0.335844834592548,0.185374356188087,"PBLUP","genotyped"
5,5,"2484301",-2.02592158397315,-0.0832402338352076,0.437978956945428,"PBLUP","genotyped"
5,5,"2485890",-2.06419061894565,-0.637627649520989,-0.116408458740354,"PBLUP","not_genotyped"
5,5,"2485913",-2.15730189301262,-1.46911536675348,-0.94789617597284,"PBLUP","genotyped"
5,5,"2586622",-0.103641651923674,0.0479747338536948,0.56919392463433,"PBLUP","not_genotyped"
5,5,"2588632",-0.466631470557333,-0.0266943326599818,0.494524858120654,"PBLUP","not_genotyped"
5,5,"294745",0.374236712434001,-0.797495096725106,-0.276275905944471,"PBLUP","not_genotyped"
5,5,"294881",0.732445955726339,0.306987509269939,0.828206700050574,"PBLUP","not_genotyped"
5,5,"294910",-0.347442850250326,0.190802795782701,0.712021986563336,"PBLUP","not_genotyped"
5,5,"295190",0.249534549527208,0.233194812779382,0.754414003560017,"PBLUP","not_genotyped"
5,5,"295296",0.80610916520204,-0.521219190780635,0,"PBLUP","genotyped"
5,5,"295788",-1.68811326270808,-0.521219190780635,0,"PBLUP","not_genotyped"
5,5,"321487",0.590209587180944,0.0909571443399915,0.612176335120627,"PBLUP","genotyped"
5,5,"321833",1.02641469085457,0.526559671867464,1.0477788626481,"PBLUP","not_genotyped"
5,5,"321840",1.09444219652075,0.427945620340341,0.949164811120977,"PBLUP","not_genotyped"
5,5,"342218",0.0830206765653325,0.0594040113531423,0.580623202133778,"PBLUP","not_genotyped"
5,5,"342284",0.958330176623854,0.631018388028389,1.15223757880902,"PBLUP","not_genotyped"
5,5,"342294",0.689583659267455,0.631018388028389,1.15223757880902,"PBLUP","genotyped"
5,5,"342325",0.252409409996521,0.235662652581095,0.756881843361731,"PBLUP","not_genotyped"
5,5,"342374",1.075702666946,0.327410692452236,0.848629883232871,"PBLUP","genotyped"
5,5,"343215",0.475402482263425,0.241195719945807,0.762414910726443,"PBLUP","not_genotyped"
5,5,"3578390",-1.48235306509574,0.114861799742379,0.636080990523015,"PBLUP","not_genotyped"
5,5,"3578468",-1.70247942097398,-0.240921157316469,0.280298033464167,"PBLUP","genotyped"
5,5,"369682",1.30000693619749,0.633937453981881,1.15515664476252,"PBLUP","not_genotyped"
5,5,"371007",-1.1563536607726,0.286011807951297,0.807230998731933,"PBLUP","genotyped"
5,5,"373045",-0.665941556295178,0.0463968315597877,0.567616022340423,"PBLUP","not_genotyped"
5,5,"373101",-0.44842130622481,-0.164432856025011,0.356786334755624,"PBLUP","genotyped"
5,5,"377276",0.137292830014317,-0.104936128109504,0.416283062671131,"PBLUP","not_genotyped"
5,5,"3825284",-1.51471764159728,0.216625037097808,0.737844227878443,"PBLUP","genotyped"
5,5,"3826178",-1.22189722184064,-0.323879242603352,0.197339948177283,"PBLUP","genotyped"
5,5,"3826179",-1.44924737725509,-0.639371749871013,-0.118152559090378,"PBLUP","genotyped"
5,5,"3827748",-1.44840039286753,0.426821953569021,0.948041144349656,"PBLUP","genotyped"
5,5,"3827759",-2.1265824208023,0.307478335442909,0.828697526223544,"PBLUP","not_genotyped"
5,5,"3830128",-2.00145676570173,-0.304901819561043,0.216317371219593,"PBLUP","not_genotyped"
5,5,"3849968",-1.45247243319233,0.139374738570131,0.660593929350766,"PBLUP","genotyped"
5,5,"390866",0.477267476732186,0.431551098576825,0.95277028935746,"PBLUP","genotyped"
5,5,"4059217",-1.14887739473626,0.110402964105139,0.631622154885774,"PBLUP","not_genotyped"
5,5,"4069854",-0.902396793875885,0.116416144952857,0.637635335733493,"PBLUP","not_genotyped"
5,5,"415066",0.240014119247817,0.311550406633607,0.832769597414242,"PBLUP","not_genotyped"
5,5,"41709",0.00451173910311468,0.189853163851078,0.711072354631713,"PBLUP","not_genotyped"
5,5,"419150",-0.1259401447423,-0.0445683650787539,0.476650825701881,"PBLUP","genotyped"
5,5,"420158",1.51528756408922,0.279862546798982,0.801081737579617,"PBLUP","not_genotyped"
5,5,"422381",-0.397260191583976,0.133393128638469,0.654612319419105,"PBLUP","not_genotyped"
5,5,"424673",1.15622319232867,0.773786588375539,1.29500577915617,"PBLUP","genotyped"
5,5,"424702",0.939248595661824,0.664717341645977,1.18593653242661,"PBLUP","not_genotyped"
5,5,"427520",-0.0624000275140612,0.26101826095246,0.782237451733096,"PBLUP","genotyped"
5,5,"428238",-0.293797791011361,0.0463179042055509,0.567537094986186,"PBLUP","genotyped"
5,5,"430048",-0.567732087741562,0.227229841877752,0.748449032658387,"PBLUP","genotyped"
5,5,"430390",-0.390231849983365,0.280471028471762,0.801690219252397,"PBLUP","not_genotyped"
5,5,"43789",-0.670200910474924,-0.00760412902567797,0.513615061754957,"PBLUP","genotyped"
5,5,"450770",0.934068960368675,0.497464477453198,1.01868366823383,"PBLUP","genotyped"
5,5,"455538",0.893796481556365,0.365659431274391,0.886878622055026,"PBLUP","genotyped"
5,5,"460689",0.966873317225293,0.244601382159056,0.765820572939692,"PBLUP","genotyped"
5,5,"471785",-0.572480086760283,0.3456962254093,0.866915416189936,"PBLUP","genotyped"
5,5,"480914",0.360823411604095,0.29859605742561,0.819815248206246,"PBLUP","not_genotyped"
5,5,"520702",-0.151577710627263,0.0760524430708545,0.59727163385149,"PBLUP","genotyped"
5,5,"62114",0.142285151452527,0.198361861346527,0.719581052127163,"PBLUP","genotyped"
5,5,"624629",0.195669600110703,0.251056829738375,0.772276020519011,"PBLUP","not_genotyped"
5,5,"62576",1.23914622150297,0.0514076862594929,0.572626877040128,"PBLUP","genotyped"
5,5,"62627",0.560687294826115,0.0134285679252287,0.534647758705864,"PBLUP","genotyped"
5,5,"64869",0.525871350049044,0.421039870292603,0.942259061073239,"PBLUP","genotyped"
5,5,"64873",0.160755926365836,-0.381418272718023,0.139800918062612,"PBLUP","genotyped"
5,5,"65315",0.873330406883901,0.215976494213228,0.737195684993863,"PBLUP","not_genotyped"
5,5,"665788",1.08817125442055,0.0991439217533241,0.620363112533959,"PBLUP","genotyped"
5,5,"670602",0.367517845898074,-0.140933429571035,0.3802857612096,"PBLUP","genotyped"
5,5,"673831",0.29330898301885,-0.292125179512348,0.229094011268287,"PBLUP","not_genotyped"
5,5,"692864",-0.987640886035329,-0.797495096725106,-0.276275905944471,"PBLUP","genotyped"
5,5,"701166",-0.948679604207606,-0.368923713331193,0.152295477449442,"PBLUP","genotyped"
5,5,"730613",-0.860454778530405,0.175611685372578,0.696830876153213,"PBLUP","not_genotyped"
5,5,"76718",-0.40858860776758,0.0311679003489389,0.552387091129574,"PBLUP","not_genotyped"
5,5,"85465",0.41013581993747,0.212396916191444,0.733616106972079,"PBLUP","not_genotyped"
5,5,"855587",-0.0389206430012417,0.318118397908951,0.839337588689586,"PBLUP","not_genotyped"
5,5,"85646",1.96339116959193,0.56587332420648,1.08709251498712,"PBLUP","genotyped"
5,5,"86162",-0.760966689314801,0.437975498165827,0.959194688946462,"PBLUP","not_genotyped"
5,5,"87107",0.0043977219740216,0.239548254174928,0.760767444955563,"PBLUP","genotyped"
5,5,"89491",-1.06303878468939,0.0435230550948765,0.564742245875512,"PBLUP","not_genotyped"
5,5,"96619",0.703550757581531,0.481771477714347,1.00299066849498,"PBLUP","genotyped"
5,5,"984151",1.24695639484595,0.298285398465481,0.819504589246116,"PBLUP","not_genotyped"
5,5,"1047493",0.654661841441938,0.144602397725335,0.600227936314678,"ssGBLUP","not_genotyped"
5,5,"1058137",-1.22708500121444,-0.260701766089979,0.194923772499364,"ssGBLUP","genotyped"
5,5,"1066569",0.0567723046316471,0.515433083991862,0.971058622581205,"ssGBLUP","genotyped"
5,5,"107059",1.25938426191725,0.494977907853528,0.950603446442871,"ssGBLUP","genotyped"
5,5,"107131",0.186100305347415,-0.331193432917784,0.124432105671559,"ssGBLUP","genotyped"
5,5,"1101307",0.849134343273915,0.286239527995922,0.741865066585265,"ssGBLUP","genotyped"
5,5,"1195398",-0.610822418458635,0.391712564732004,0.847338103321347,"ssGBLUP","not_genotyped"
5,5,"1295300",-0.854232700914106,-0.626795177200036,-0.171169638610693,"ssGBLUP","genotyped"
5,5,"1298199",-1.01373452043667,-0.0347066108055552,0.420918927783788,"ssGBLUP","genotyped"
5,5,"1300939",-0.969707620444892,0.347495166916378,0.803120705505721,"ssGBLUP","genotyped"
5,5,"1301936",-1.04376988987242,-0.116841584903425,0.338783953685918,"ssGBLUP","not_genotyped"
5,5,"13098",0.891019350054848,0.740117900739193,1.19574343932854,"ssGBLUP","not_genotyped"
5,5,"1311265",-0.879609656218283,0.305074636458198,0.760700175047541,"ssGBLUP","not_genotyped"
5,5,"13302",1.17418089016105,-0.920944715566517,-0.465319176977174,"ssGBLUP","not_genotyped"
5,5,"13350",0.316022823950605,0.509915520177248,0.965541058766591,"ssGBLUP","genotyped"
5,5,"13767",1.84236198705811,-0.256599444095074,0.199026094494269,"ssGBLUP","not_genotyped"
5,5,"1393230",-0.140526193185747,0.0751201126986454,0.530745651287988,"ssGBLUP","not_genotyped"
5,5,"143808",0.0375359861372731,0.284979063944356,0.740604602533699,"ssGBLUP","not_genotyped"
5,5,"1500224",-0.189520982373785,-0.220935021394449,0.234690517194894,"ssGBLUP","not_genotyped"
5,5,"1504972",0.381517520534749,0.00832569176558551,0.463951230354928,"ssGBLUP","not_genotyped"
5,5,"1563726",1.47973050797303,0.31301234532987,0.768637883919213,"ssGBLUP","genotyped"
5,5,"16262",2.59396290204909,-0.126082299316357,0.329543239272986,"ssGBLUP","not_genotyped"
5,5,"1635496",-0.848865751766015,0.0832167894540322,0.538842328043375,"ssGBLUP","not_genotyped"
5,5,"1651705",-0.265073618560194,0.174886879058513,0.630512417647856,"ssGBLUP","not_genotyped"
5,5,"1673085",-1.12012879004314,-0.825441010614931,-0.369815472025588,"ssGBLUP","not_genotyped"
5,5,"168979",0.200645633387613,0.507658851274045,0.963284389863387,"ssGBLUP","not_genotyped"
5,5,"1796426",-0.449993113790185,-0.562071506813619,-0.106445968224276,"ssGBLUP","not_genotyped"
5,5,"1815954",0.394873812800106,0.0166687098854081,0.472294248474751,"ssGBLUP","genotyped"
5,5,"1816016",-0.218693079260679,-0.0248929006745304,0.430732637914813,"ssGBLUP","not_genotyped"
5,5,"1817540",0.0796490271763938,0.030746714919469,0.486372253508812,"ssGBLUP","genotyped"
5,5,"19630",-0.519046773618208,-0.133282101371724,0.322343437217619,"ssGBLUP","not_genotyped"
5,5,"20010",0.985775728413032,-0.285896532494719,0.169729006094624,"ssGBLUP","genotyped"
5,5,"20585",-1.30511343791833,0.0926364015366387,0.548261940125982,"ssGBLUP","not_genotyped"
5,5,"2167",0.341815127367912,-0.276956038097913,0.17866950049143,"ssGBLUP","genotyped"
5,5,"217748",0.578498399206806,-0.282885975805716,0.172739562783627,"ssGBLUP","genotyped"
5,5,"2200733",0.204334901921886,-0.0540625123659852,0.401563026223358,"ssGBLUP","not_genotyped"
5,5,"2201664",-1.46839411086231,-0.754882057576662,-0.299256518987319,"ssGBLUP","genotyped"
5,5,"222693",-0.973934398302038,-0.385191959249714,0.0704335793396288,"ssGBLUP","genotyped"
5,5,"2448313",0.167621386353455,0.223909849607019,0.679535388196362,"ssGBLUP","genotyped"
5,5,"2450184",-1.89225278827114,-0.0172259557111112,0.438399582878232,"ssGBLUP","not_genotyped"
5,5,"2460025",-0.086099302204419,-0.0317325038270893,0.423893034762254,"ssGBLUP","genotyped"
5,5,"2464631",-0.140656498476139,-0.623616207937649,-0.167990669348306,"ssGBLUP","genotyped"
5,5,"2484301",-2.02592158397315,-0.253080316946087,0.202545221643256,"ssGBLUP","genotyped"
5,5,"2485890",-2.06419061894565,-0.554442862976767,-0.0988173243874239,"ssGBLUP","not_genotyped"
5,5,"2485913",-2.15730189301262,-1.33991038038198,-0.88428484179264,"ssGBLUP","genotyped"
5,5,"2586622",-0.103641651923674,0.141046152622412,0.596671691211755,"ssGBLUP","not_genotyped"
5,5,"2588632",-0.466631470557333,-0.0052178637205334,0.45040767486881,"ssGBLUP","not_genotyped"
5,5,"294745",0.374236712434001,-0.486449174712411,-0.0308236361230684,"ssGBLUP","not_genotyped"
5,5,"294881",0.732445955726339,0.384546518244098,0.840172056833441,"ssGBLUP","not_genotyped"
5,5,"294910",-0.347442850250326,-0.0481568689577436,0.407468669631599,"ssGBLUP","not_genotyped"
5,5,"295190",0.249534549527208,0.314408882077818,0.770034420667161,"ssGBLUP","not_genotyped"
5,5,"295296",0.80610916520204,0.35820122009633,0.813826758685673,"ssGBLUP","genotyped"
5,5,"295788",-1.68811326270808,-0.455625538589343,0,"ssGBLUP","not_genotyped"
5,5,"321487",0.590209587180944,0.0791081452245961,0.534733683813939,"ssGBLUP","genotyped"
5,5,"321833",1.02641469085457,0.66517356723121,1.12079910582055,"ssGBLUP","not_genotyped"
5,5,"321840",1.09444219652075,0.494569275424058,0.950194814013401,"ssGBLUP","not_genotyped"
5,5,"342218",0.0830206765653325,-0.152106922370146,0.303518616219197,"ssGBLUP","not_genotyped"
5,5,"342284",0.958330176623854,0.485717064070119,0.941342602659462,"ssGBLUP","not_genotyped"
5,5,"342294",0.689583659267455,0.489253212998983,0.944878751588326,"ssGBLUP","genotyped"
5,5,"342325",0.252409409996521,0.0600158080243141,0.515641346613657,"ssGBLUP","not_genotyped"
5,5,"342374",1.075702666946,0.424525831255046,0.880151369844389,"ssGBLUP","genotyped"
5,5,"343215",0.475402482263425,0.176506270572993,0.632131809162336,"ssGBLUP","not_genotyped"
5,5,"3578390",-1.48235306509574,0.121438506986396,0.577064045575739,"ssGBLUP","not_genotyped"
5,5,"3578468",-1.70247942097398,-0.143616934377202,0.312008604212141,"ssGBLUP","genotyped"
5,5,"369682",1.30000693619749,0.526044879164279,0.981670417753622,"ssGBLUP","not_genotyped"
5,5,"371007",-1.1563536607726,-0.0677952378463245,0.387830300743018,"ssGBLUP","genotyped"
5,5,"373045",-0.665941556295178,0.101703590109037,0.55732912869838,"ssGBLUP","not_genotyped"
5,5,"373101",-0.44842130622481,0.245063651005813,0.700689189595156,"ssGBLUP","genotyped"
5,5,"377276",0.137292830014317,-0.0649451000634839,0.390680438525859,"ssGBLUP","not_genotyped"
5,5,"3825284",-1.51471764159728,0.316214420896146,0.771839959485489,"ssGBLUP","genotyped"
5,5,"3826178",-1.22189722184064,-0.330189338073609,0.125436200515734,"ssGBLUP","genotyped"
5,5,"3826179",-1.44924737725509,-0.715353706210287,-0.259728167620945,"ssGBLUP","genotyped"
5,5,"3827748",-1.44840039286753,-0.676838385995403,-0.22121284740606,"ssGBLUP","genotyped"
5,5,"3827759",-2.1265824208023,0.250134933677036,0.705760472266379,"ssGBLUP","not_genotyped"
5,5,"3830128",-2.00145676570173,-0.712101265335422,-0.256475726746079,"ssGBLUP","not_genotyped"
5,5,"3849968",-1.45247243319233,0.329510013029396,0.785135551618739,"ssGBLUP","genotyped"
5,5,"390866",0.477267476732186,0.268798708993617,0.72442424758296,"ssGBLUP","genotyped"
5,5,"4059217",-1.14887739473626,0.0832167894540313,0.538842328043374,"ssGBLUP","not_genotyped"
5,5,"4069854",-0.902396793875885,0.0131396385489295,0.468765177138272,"ssGBLUP","not_genotyped"
5,5,"415066",0.240014119247817,-0.0862939083692612,0.369331630220082,"ssGBLUP","not_genotyped"
5,5,"41709",0.00451173910311468,0.192120661807632,0.647746200396975,"ssGBLUP","not_genotyped"
5,5,"419150",-0.1259401447423,0.238073395786061,0.693698934375404,"ssGBLUP","genotyped"
5,5,"420158",1.51528756408922,0.235376328129061,0.691001866718404,"ssGBLUP","not_genotyped"
5,5,"422381",-0.397260191583976,0.160761228964789,0.616386767554132,"ssGBLUP","not_genotyped"
5,5,"424673",1.15622319232867,0.748205000710406,1.20383053929975,"ssGBLUP","genotyped"
5,5,"424702",0.939248595661824,0.625691806878644,1.08131734546799,"ssGBLUP","not_genotyped"
5,5,"427520",-0.0624000275140612,0.465580611350835,0.921206149940177,"ssGBLUP","genotyped"
5,5,"428238",-0.293797791011361,-0.488034437017414,-0.0324088984280715,"ssGBLUP","genotyped"
5,5,"430048",-0.567732087741562,-0.0130994691683282,0.442526069421015,"ssGBLUP","genotyped"
5,5,"430390",-0.390231849983365,0.0590529106985389,0.514678449287882,"ssGBLUP","not_genotyped"
5,5,"43789",-0.670200910474924,0.428068193963247,0.88369373255259,"ssGBLUP","genotyped"
5,5,"450770",0.934068960368675,0.687869216260346,1.14349475484969,"ssGBLUP","genotyped"
5,5,"455538",0.893796481556365,0.150977763988568,0.606603302577911,"ssGBLUP","genotyped"
5,5,"460689",0.966873317225293,0.373843223098959,0.829468761688302,"ssGBLUP","genotyped"
5,5,"471785",-0.572480086760283,0.271254545250926,0.726880083840269,"ssGBLUP","genotyped"
5,5,"480914",0.360823411604095,0.199940239900866,0.655565778490209,"ssGBLUP","not_genotyped"
5,5,"520702",-0.151577710627263,-0.00596625179723442,0.449659286792109,"ssGBLUP","genotyped"
5,5,"62114",0.142285151452527,0.632206666229892,1.08783220481924,"ssGBLUP","genotyped"
5,5,"624629",0.195669600110703,0.260425691779957,0.7160512303693,"ssGBLUP","not_genotyped"
5,5,"62576",1.23914622150297,0.289445044931475,0.745070583520818,"ssGBLUP","genotyped"
5,5,"62627",0.560687294826115,0.103237692782136,0.558863231371479,"ssGBLUP","genotyped"
5,5,"64869",0.525871350049044,0.268261132772385,0.723886671361728,"ssGBLUP","genotyped"
5,5,"64873",0.160755926365836,-0.335170155371774,0.120455383217569,"ssGBLUP","genotyped"
5,5,"65315",0.873330406883901,0.205353021674753,0.660978560264096,"ssGBLUP","not_genotyped"
5,5,"665788",1.08817125442055,-0.146236779848919,0.309388758740424,"ssGBLUP","genotyped"
5,5,"670602",0.367517845898074,-0.430859548947711,0.0247659896416323,"ssGBLUP","genotyped"
5,5,"673831",0.29330898301885,-0.254338904174201,0.201286634415142,"ssGBLUP","not_genotyped"
5,5,"692864",-0.987640886035329,-0.445141110610906,0.010484427978437,"ssGBLUP","genotyped"
5,5,"701166",-0.948679604207606,-0.0723671586209642,0.383258379968379,"ssGBLUP","genotyped"
5,5,"730613",-0.860454778530405,0.104757009573081,0.560382548162424,"ssGBLUP","not_genotyped"
5,5,"76718",-0.40858860776758,0.0811227996478114,0.536748338237154,"ssGBLUP","not_genotyped"
5,5,"85465",0.41013581993747,0.0347645230294606,0.490390061618804,"ssGBLUP","not_genotyped"
5,5,"855587",-0.0389206430012417,0.502389817330655,0.958015355919998,"ssGBLUP","not_genotyped"
5,5,"85646",1.96339116959193,0.205647120701994,0.661272659291337,"ssGBLUP","genotyped"
5,5,"86162",-0.760966689314801,0.515758761994084,0.971384300583427,"ssGBLUP","not_genotyped"
5,5,"87107",0.0043977219740216,0.901110977754529,1.35673651634387,"ssGBLUP","genotyped"
5,5,"89491",-1.06303878468939,-0.0411873991506713,0.414438139438672,"ssGBLUP","not_genotyped"
5,5,"96619",0.703550757581531,0.524453045034039,0.980078583623382,"ssGBLUP","genotyped"
5,5,"984151",1.24695639484595,0.247612781974221,0.703238320563564,"ssGBLUP","not_genotyped"
