"repeat","fold","individual_id","observed","predicted","estimated_breeding_value","model"
1,1,"103122",-0.561477433802664,-0.496300010882078,0,"PBLUP"
1,1,"1058137",-1.22708500121444,0.121083331477207,0.617383342359285,"PBLUP"
1,1,"106657",0.354935241294429,-0.205586986827945,0.290713024054133,"PBLUP"
1,1,"106844",0.600617722251142,0.169875908999342,0.66617591988142,"PBLUP"
1,1,"107017",1.73852495877561,0.528094928552516,1.02439493943459,"PBLUP"
1,1,"107103",0.29973466265139,-0.106897899748408,0.38940211113367,"PBLUP"
1,1,"107131",0.186100305347415,-0.496300010882078,0,"PBLUP"
1,1,"1101307",0.849134343273915,0.269168264406658,0.765468275288737,"PBLUP"
1,1,"126309",-0.85354045405889,-0.496300010882078,0,"PBLUP"
1,1,"12867",1.68576760432745,0.357619396958407,0.853919407840485,"PBLUP"
1,1,"1291472",-0.666690811714943,-0.171335457448099,0.324964553433979,"PBLUP"
1,1,"1298211",-0.0176238721025183,-0.353049329823478,0.1432506810586,"PBLUP"
1,1,"1301796",-0.598541144839027,-0.240115817094369,0.25618419378771,"PBLUP"
1,1,"1301800",-1.04135924200014,-0.240115817094369,0.25618419378771,"PBLUP"
1,1,"1302311",-0.892656473418955,-0.0725201204923617,0.423779890389717,"PBLUP"
1,1,"130562",-0.781090712599981,-0.151032013553877,0.345267997328201,"PBLUP"
1,1,"1306534",-0.958965578068058,-0.147700454856475,0.348599556025603,"PBLUP"
1,1,"13350",0.316022823950605,0.404028636102632,0.90032864698471,"PBLUP"
1,1,"13421",1.00136349877638,0.325914469259238,0.822214480141316,"PBLUP"
1,1,"1343502",-0.704397905122626,-0.253207582744623,0.243092428137456,"PBLUP"
1,1,"1393230",-0.140526193185747,0.0342226304871133,0.530522641369192,"PBLUP"
1,1,"1410845",-1.38193655068608,-0.289140030561234,0.207159980320844,"PBLUP"
1,1,"1477928",-0.894342298113424,0.0755614428202337,0.571861453702312,"PBLUP"
1,1,"1478078",0.125092997201205,-0.141462829826622,0.354837181055457,"PBLUP"
1,1,"1504972",0.381517520534749,-0.0513899052947444,0.444910105587334,"PBLUP"
1,1,"15200",-0.401527689844371,-0.274209644158437,0.222090366723641,"PBLUP"
1,1,"1635819",-0.549196160183055,0.0109291381186801,0.507229149000758,"PBLUP"
1,1,"1642433",-0.124954710983697,-0.406882022477668,0.0894179884044105,"PBLUP"
1,1,"1671946",-0.148678417916003,0.120924317157072,0.61722432803915,"PBLUP"
1,1,"1673085",-1.12012879004314,-0.725404588399856,-0.229104577517778,"PBLUP"
1,1,"170862",0.323262911648107,-0.151032013553877,0.345267997328201,"PBLUP"
1,1,"1816016",-0.218693079260679,0.0822914391455336,0.578591450027612,"PBLUP"
1,1,"1982528",-0.731957474040898,-0.281783552261111,0.214516458620967,"PBLUP"
1,1,"2031157",0.728031864014252,-0.15495964633561,0.341340364546468,"PBLUP"
1,1,"20585",-1.30511343791833,0.107069727006348,0.603369737888426,"PBLUP"
1,1,"2163595",0.229736289468012,-0.496300010882078,0,"PBLUP"
1,1,"217385",0.955186561493106,0.261672161118103,0.757972172000181,"PBLUP"
1,1,"217562",-0.482284393565878,-0.185186930668761,0.311113080213317,"PBLUP"
1,1,"217754",-0.26662913796427,-0.177706214441832,0.318593796440247,"PBLUP"
1,1,"217777",0.0452402864318024,0.0525154559246899,0.548815466806768,"PBLUP"
1,1,"218554",1.05305397865944,0.330374417974627,0.826674428856706,"PBLUP"
1,1,"2201664",-1.46839411086231,0.298436340487713,0.794736351369792,"PBLUP"
1,1,"2430154",0.559522691293221,0.00728736044837691,0.503587371330455,"PBLUP"
1,1,"2600794",-0.27764807908319,0.481559766435961,0.977859777318039,"PBLUP"
1,1,"2621094",-0.692996192213174,0.265635670987859,0.761935681869937,"PBLUP"
1,1,"292703",0.642038516435046,0.611015487456801,1.10731549833888,"PBLUP"
1,1,"295190",0.249534549527208,0.185126268823958,0.681426279706037,"PBLUP"
1,1,"295296",0.80610916520204,-0.496300010882078,0,"PBLUP"
1,1,"31089",-1.40101813164811,-0.496300010882078,0,"PBLUP"
1,1,"342263",0.0796897475796432,0.371908717693688,0.868208728575766,"PBLUP"
1,1,"342284",0.958330176623854,0.617995509819192,1.11429552070127,"PBLUP"
1,1,"355411",0.893902354604809,0.336293365963245,0.832593376845323,"PBLUP"
1,1,"358886",1.11577968782272,0.327259962372294,0.823559973254372,"PBLUP"
1,1,"367751",1.8362539265709,0.417517965488884,0.913817976370962,"PBLUP"
1,1,"369670",0.105807814222934,-0.0300161625629931,0.466283848319085,"PBLUP"
1,1,"369682",1.30000693619749,0.611015487456801,1.10731549833888,"PBLUP"
1,1,"371007",-1.1563536607726,0.157806309816771,0.654106320698849,"PBLUP"
1,1,"376770",0.552209306869873,0.339353138571196,0.835653149453275,"PBLUP"
1,1,"377165",1.43900196064434,0.326074315395654,0.822374326277732,"PBLUP"
1,1,"3825285",-0.503573020383953,0.115867246655364,0.612167257537442,"PBLUP"
1,1,"3826179",-1.44924737725509,-0.766850179608614,-0.270550168726535,"PBLUP"
1,1,"3827759",-2.1265824208023,0.100119509141474,0.596419520023552,"PBLUP"
1,1,"3830032",-1.50356025110732,0.0588817990143365,0.555181809896415,"PBLUP"
1,1,"3830128",-2.00145676570173,0.136722222396883,0.633022233278962,"PBLUP"
1,1,"3830162",-1.80525771877203,-0.28793766993548,0.208362340946598,"PBLUP"
1,1,"3830167",-1.78563862848713,-0.223089520218967,0.273210490663111,"PBLUP"
1,1,"3830198",-2.0155215929836,-1.45410640764987,-0.957806396767788,"PBLUP"
1,1,"3848815",-1.70271559931282,-1.02266621675819,-0.526366205876108,"PBLUP"
1,1,"3863169",-2.14879132873378,-0.6105739326312,-0.114273921749122,"PBLUP"
1,1,"3868700",-2.00590343373641,0.136722222396883,0.633022233278962,"PBLUP"
1,1,"392884",0.568171704943104,-0.130234621400949,0.36606538948113,"PBLUP"
1,1,"4059217",-1.14887739473626,-0.182324110745203,0.313975900136875,"PBLUP"
1,1,"4066585",-1.05212571661892,-0.109044868864691,0.387255142017388,"PBLUP"
1,1,"414940",1.19555095778562,0.0193845274368689,0.515684538318947,"PBLUP"
1,1,"41542",1.1421909413694,0.598554149728264,1.09485416061034,"PBLUP"
1,1,"416396",2.27981313507113,0.796566417755817,1.2928664286379,"PBLUP"
1,1,"419525",0.918261299827786,0.371287379511876,0.867587390393954,"PBLUP"
1,1,"420213",-0.75600694419919,0.365495029504162,0.86179504038624,"PBLUP"
1,1,"421018",0.561705304907316,0.339353138571196,0.835653149453275,"PBLUP"
1,1,"422212",-0.278486919390099,0.632401203728076,1.12870121461015,"PBLUP"
1,1,"422381",-0.397260191583976,0.118674887586072,0.61497489846815,"PBLUP"
1,1,"423348",-1.47401352651054,0.0660139385807544,0.562313949462833,"PBLUP"
1,1,"423671",0.529128982308885,0.175626494415972,0.67192650529805,"PBLUP"
1,1,"424700",1.6245078296811,0.627787336371366,1.12408734725344,"PBLUP"
1,1,"427650",-0.151585854707912,0.059405110040209,0.555705120922287,"PBLUP"
1,1,"430048",-0.567732087741562,0.0915954807872048,0.587895491669283,"PBLUP"
1,1,"433924",-0.430691642650614,-0.122564239815051,0.373735771067028,"PBLUP"
1,1,"43789",-0.670200910474924,0.0526662352061397,0.548966246088218,"PBLUP"
1,1,"438273",-1.23332336699204,0.6109417408705,1.10724175175258,"PBLUP"
1,1,"443483",0.658522135669852,0.102369514055112,0.598669524937191,"PBLUP"
1,1,"450770",0.934068960368675,0.38382548153633,0.880125492418408,"PBLUP"
1,1,"454059",1.54804305646194,0.672901657640468,1.16920166852255,"PBLUP"
1,1,"460142",1.63380836978296,0.347919057545046,0.844219068427125,"PBLUP"
1,1,"460693",-0.0645744970475065,0.494719247140004,0.991019258022082,"PBLUP"
1,1,"464211",0.902209316867409,-0.138633982245818,0.35766602863626,"PBLUP"
1,1,"480914",0.360823411604095,0.299966563113575,0.796266573995653,"PBLUP"
1,1,"520702",-0.151577710627263,0.00575299018698,0.502053001069058,"PBLUP"
1,1,"609448",1.15351121347235,0.423545912011771,0.91984592289385,"PBLUP"
1,1,"62114",0.142285151452527,0.172677312909047,0.668977323791125,"PBLUP"
1,1,"62587",-0.879796970073224,0.365495029504162,0.86179504038624,"PBLUP"
1,1,"62603",0.702777069919819,-0.127600343948979,0.368699666933099,"PBLUP"
1,1,"65038",0.334575039670411,0.190494571359641,0.686794582241719,"PBLUP"
1,1,"665788",1.08817125442055,0.0724814796118122,0.568781490493891,"PBLUP"
1,1,"670602",0.367517845898074,-0.000509698801669123,0.495790312080409,"PBLUP"
1,1,"692876",-0.85955892965895,-0.305116046523903,0.191183964358176,"PBLUP"
1,1,"692904",-1.4323891303104,-0.305116046523903,0.191183964358176,"PBLUP"
1,1,"77128",1.30970653625117,0.457956323314447,0.954256334196526,"PBLUP"
1,1,"77331",0.929996920043869,-0.0649734286891778,0.431326582192901,"PBLUP"
1,1,"85637",0.149215764085342,0.353256332914196,0.849556343796274,"PBLUP"
1,1,"85741",0.620521855358782,0.0561707508194052,0.552470761701484,"PBLUP"
1,1,"86490",0.790757573177529,0.429827617810009,0.926127628692088,"PBLUP"
1,1,"87507",-0.0755690059244772,0.147297485444471,0.643597496326549,"PBLUP"
1,1,"876108",0.549358878642511,-0.375163484424567,0.121136526457511,"PBLUP"
1,1,"89491",-1.06303878468939,0.0831619312257753,0.579461942107854,"PBLUP"
1,1,"897095",0.599518271363445,-0.118367642937342,0.377932367944736,"PBLUP"
1,1,"89762",1.31910480532082,0.00690982806136925,0.503209838943448,"PBLUP"
1,1,"916978",-0.0828905344284735,-0.0145791351190873,0.481720875762991,"PBLUP"
1,1,"96458",-0.128994174985903,0.31450804282038,0.810808053702459,"PBLUP"
1,1,"96619",0.703550757581531,0.339353138571196,0.835653149453275,"PBLUP"
1,1,"97120",-0.430341447182682,0.429827617810009,0.926127628692088,"PBLUP"
1,1,"103122",-0.561477433802664,-0.637029659412889,-0.645299011644249,"GBLUP"
1,1,"1058137",-1.22708500121444,-0.415266605521094,-0.423535957752454,"GBLUP"
1,1,"106657",0.354935241294429,-0.476479730070835,-0.484749082302195,"GBLUP"
1,1,"106844",0.600617722251142,-0.538732236591862,-0.547001588823221,"GBLUP"
1,1,"107017",1.73852495877561,0.233731988939127,0.225462636707767,"GBLUP"
1,1,"107103",0.29973466265139,0.154946081792334,0.146676729560974,"GBLUP"
1,1,"107131",0.186100305347415,-0.240929630304744,-0.249198982536104,"GBLUP"
1,1,"1101307",0.849134343273915,-0.000656632939971277,-0.0089259851713312,"GBLUP"
1,1,"126309",-0.85354045405889,0.0107249738310198,0.00245562159965987,"GBLUP"
1,1,"12867",1.68576760432745,0.668066279455606,0.659796927224246,"GBLUP"
1,1,"1291472",-0.666690811714943,-0.55090373044854,-0.5591730826799,"GBLUP"
1,1,"1298211",-0.0176238721025183,-0.0106323175817822,-0.0189016698131421,"GBLUP"
1,1,"1301796",-0.598541144839027,-0.00146828481270236,-0.00973763704406228,"GBLUP"
1,1,"1301800",-1.04135924200014,-0.149770899159776,-0.158040251391136,"GBLUP"
1,1,"1302311",-0.892656473418955,0.113809693740176,0.105540341508816,"GBLUP"
1,1,"130562",-0.781090712599981,-0.597745562265976,-0.606014914497336,"GBLUP"
1,1,"1306534",-0.958965578068058,-0.0507624961897937,-0.0590318484211537,"GBLUP"
1,1,"13350",0.316022823950605,0.548542104462207,0.540272752230847,"GBLUP"
1,1,"13421",1.00136349877638,0.0168724431294706,0.00860309089811069,"GBLUP"
1,1,"1343502",-0.704397905122626,-0.509785248741682,-0.518054600973042,"GBLUP"
1,1,"1393230",-0.140526193185747,0.0542261787052539,0.045956826473894,"GBLUP"
1,1,"1410845",-1.38193655068608,-0.233078249093707,-0.241347601325067,"GBLUP"
1,1,"1477928",-0.894342298113424,0.322900083826003,0.314630731594643,"GBLUP"
1,1,"1478078",0.125092997201205,-0.0814760726835322,-0.0897454249148921,"GBLUP"
1,1,"1504972",0.381517520534749,-0.0590158378144056,-0.0672851900457655,"GBLUP"
1,1,"15200",-0.401527689844371,-0.402289978864786,-0.410559331096146,"GBLUP"
1,1,"1635819",-0.549196160183055,-0.288522651132653,-0.296792003364013,"GBLUP"
1,1,"1642433",-0.124954710983697,-0.496305386365537,-0.504574738596896,"GBLUP"
1,1,"1671946",-0.148678417916003,0.0164726849943544,0.00820333276299443,"GBLUP"
1,1,"1673085",-1.12012879004314,-1.46941826440631,-1.47768761663767,"GBLUP"
1,1,"170862",0.323262911648107,-0.0248254318538522,-0.0330947840852121,"GBLUP"
1,1,"1816016",-0.218693079260679,-0.0724851642263763,-0.0807545164577363,"GBLUP"
1,1,"1982528",-0.731957474040898,-0.512888296354123,-0.521157648585483,"GBLUP"
1,1,"2031157",0.728031864014252,-0.298690878405363,-0.306960230636723,"GBLUP"
1,1,"20585",-1.30511343791833,-0.318000243670265,-0.326269595901625,"GBLUP"
1,1,"2163595",0.229736289468012,0.802542090439744,0.794272738208385,"GBLUP"
1,1,"217385",0.955186561493106,-0.184219516786623,-0.192488869017983,"GBLUP"
1,1,"217562",-0.482284393565878,-0.602162052811206,-0.610431405042566,"GBLUP"
1,1,"217754",-0.26662913796427,-0.35510275247907,-0.36337210471043,"GBLUP"
1,1,"217777",0.0452402864318024,0.722054065672502,0.713784713441142,"GBLUP"
1,1,"218554",1.05305397865944,0.00292044301022912,-0.0053489092211308,"GBLUP"
1,1,"2201664",-1.46839411086231,-0.306895175247702,-0.315164527479062,"GBLUP"
1,1,"2430154",0.559522691293221,0.483741588548332,0.475472236316972,"GBLUP"
1,1,"2600794",-0.27764807908319,0.590586236089,0.58231688385764,"GBLUP"
1,1,"2621094",-0.692996192213174,0.0344015375099766,0.0261321852786167,"GBLUP"
1,1,"292703",0.642038516435046,0.498228644763744,0.489959292532384,"GBLUP"
1,1,"295190",0.249534549527208,0.0610360749792984,0.0527667227479385,"GBLUP"
1,1,"295296",0.80610916520204,0.375393006274641,0.367123654043281,"GBLUP"
1,1,"31089",-1.40101813164811,-0.635832948353881,-0.644102300585241,"GBLUP"
1,1,"342263",0.0796897475796432,0.212996943381795,0.204727591150435,"GBLUP"
1,1,"342284",0.958330176623854,0.648000128794637,0.639730776563277,"GBLUP"
1,1,"355411",0.893902354604809,0.259562333062661,0.251292980831301,"GBLUP"
1,1,"358886",1.11577968782272,0.289690782979871,0.281421430748511,"GBLUP"
1,1,"367751",1.8362539265709,0.64960274223023,0.64133338999887,"GBLUP"
1,1,"369670",0.105807814222934,0.276030777611044,0.267761425379684,"GBLUP"
1,1,"369682",1.30000693619749,0.194719578718691,0.186450226487331,"GBLUP"
1,1,"371007",-1.1563536607726,0.207643047342066,0.199373695110706,"GBLUP"
1,1,"376770",0.552209306869873,0.561730014546102,0.553460662314742,"GBLUP"
1,1,"377165",1.43900196064434,0.133457080792165,0.125187728560805,"GBLUP"
1,1,"3825285",-0.503573020383953,0.185333509927995,0.177064157696635,"GBLUP"
1,1,"3826179",-1.44924737725509,-1.06281902694576,-1.07108837917712,"GBLUP"
1,1,"3827759",-2.1265824208023,-0.783495907505844,-0.791765259737204,"GBLUP"
1,1,"3830032",-1.50356025110732,-0.502119809886956,-0.510389162118316,"GBLUP"
1,1,"3830128",-2.00145676570173,-1.43420088544214,-1.4424702376735,"GBLUP"
1,1,"3830162",-1.80525771877203,-1.05224158555431,-1.06051093778567,"GBLUP"
1,1,"3830167",-1.78563862848713,-1.20633500739894,-1.2146043596303,"GBLUP"
1,1,"3830198",-2.0155215929836,-1.23223655355103,-1.24050590578239,"GBLUP"
1,1,"3848815",-1.70271559931282,-1.42544643302797,-1.43371578525933,"GBLUP"
1,1,"3863169",-2.14879132873378,0.259593783167015,0.251324430935655,"GBLUP"
1,1,"3868700",-2.00590343373641,-1.29033166944821,-1.29860102167957,"GBLUP"
1,1,"392884",0.568171704943104,-0.56207691005986,-0.57034626229122,"GBLUP"
1,1,"4059217",-1.14887739473626,-0.153314036444323,-0.161583388675683,"GBLUP"
1,1,"4066585",-1.05212571661892,-0.419470921829047,-0.427740274060407,"GBLUP"
1,1,"414940",1.19555095778562,-0.950364018109486,-0.958633370340846,"GBLUP"
1,1,"41542",1.1421909413694,0.760905779614805,0.752636427383445,"GBLUP"
1,1,"416396",2.27981313507113,0.0986167844367275,0.0903474322053675,"GBLUP"
1,1,"419525",0.918261299827786,0.002252128657181,-0.00601722357417892,"GBLUP"
1,1,"420213",-0.75600694419919,0.0992451104811601,0.0909757582498002,"GBLUP"
1,1,"421018",0.561705304907316,0.475880420364343,0.467611068132983,"GBLUP"
1,1,"422212",-0.278486919390099,0.301865842848215,0.293596490616855,"GBLUP"
1,1,"422381",-0.397260191583976,-0.451927243327123,-0.460196595558483,"GBLUP"
1,1,"423348",-1.47401352651054,-0.0839278857824842,-0.0921972380138441,"GBLUP"
1,1,"423671",0.529128982308885,0.559750214689734,0.551480862458374,"GBLUP"
1,1,"424700",1.6245078296811,0.700101228553179,0.691831876321819,"GBLUP"
1,1,"427650",-0.151585854707912,0.459927641529763,0.451658289298403,"GBLUP"
1,1,"430048",-0.567732087741562,-0.260487114484262,-0.268756466715622,"GBLUP"
1,1,"433924",-0.430691642650614,0.318278808013195,0.310009455781836,"GBLUP"
1,1,"43789",-0.670200910474924,0.809993300399067,0.801723948167707,"GBLUP"
1,1,"438273",-1.23332336699204,0.713076994596794,0.704807642365434,"GBLUP"
1,1,"443483",0.658522135669852,0.811723317647499,0.803453965416139,"GBLUP"
1,1,"450770",0.934068960368675,0.404875598877807,0.396606246646447,"GBLUP"
1,1,"454059",1.54804305646194,0.978703525117236,0.970434172885876,"GBLUP"
1,1,"460142",1.63380836978296,0.630330678202693,0.622061325971333,"GBLUP"
1,1,"460693",-0.0645744970475065,0.672125016944904,0.663855664713544,"GBLUP"
1,1,"464211",0.902209316867409,0.0652282453719526,0.0569588931405927,"GBLUP"
1,1,"480914",0.360823411604095,0.405395662271341,0.397126310039981,"GBLUP"
1,1,"520702",-0.151577710627263,0.0577105005228599,0.0494411482915,"GBLUP"
1,1,"609448",1.15351121347235,0.203662623148664,0.195393270917304,"GBLUP"
1,1,"62114",0.142285151452527,0.558592258982587,0.550322906751227,"GBLUP"
1,1,"62587",-0.879796970073224,0.0811195122496686,0.0728501600183087,"GBLUP"
1,1,"62603",0.702777069919819,-0.0417550910962585,-0.0500244433276184,"GBLUP"
1,1,"65038",0.334575039670411,0.280975132723472,0.272705780492112,"GBLUP"
1,1,"665788",1.08817125442055,-0.246781344666897,-0.255050696898257,"GBLUP"
1,1,"670602",0.367517845898074,-0.818093272506816,-0.826362624738176,"GBLUP"
1,1,"692876",-0.85955892965895,-0.0297287003337551,-0.037998052565115,"GBLUP"
1,1,"692904",-1.4323891303104,-0.154294888945943,-0.162564241177303,"GBLUP"
1,1,"77128",1.30970653625117,1.18284365611295,1.17457430388159,"GBLUP"
1,1,"77331",0.929996920043869,0.220676699554288,0.212407347322928,"GBLUP"
1,1,"85637",0.149215764085342,0.690198697465673,0.681929345234313,"GBLUP"
1,1,"85741",0.620521855358782,-0.29650729452031,-0.30477664675167,"GBLUP"
1,1,"86490",0.790757573177529,-0.193290843571474,-0.201560195802834,"GBLUP"
1,1,"87507",-0.0755690059244772,0.475253355270439,0.466984003039079,"GBLUP"
1,1,"876108",0.549358878642511,0.630014861544207,0.621745509312847,"GBLUP"
1,1,"89491",-1.06303878468939,-0.0963498253762036,-0.104619177607564,"GBLUP"
1,1,"897095",0.599518271363445,-0.0654600873796571,-0.073729439611017,"GBLUP"
1,1,"89762",1.31910480532082,-0.325269799650675,-0.333539151882035,"GBLUP"
1,1,"916978",-0.0828905344284735,0.0957206997569258,0.0874513475255659,"GBLUP"
1,1,"96458",-0.128994174985903,0.657059897829999,0.648790545598639,"GBLUP"
1,1,"96619",0.703550757581531,0.410165015718943,0.401895663487583,"GBLUP"
1,1,"97120",-0.430341447182682,-0.202992322229619,-0.211261674460979,"GBLUP"
1,2,"1047493",0.654661841441938,0.127846547157822,0.673721303818351,"PBLUP"
1,2,"108014",0.988813470495336,0.000658770730850078,0.546533527391379,"PBLUP"
1,2,"1082612",1.48183982486128,0.25412070484449,0.799995461505019,"PBLUP"
1,2,"1127595",0.712093898182969,0.645056618222625,1.19093137488315,"PBLUP"
1,2,"126308",-0.72547478584381,-0.545874756660528,0,"PBLUP"
1,2,"1291739",-0.949941936708294,-0.388233889067993,0.157640867592535,"PBLUP"
1,2,"1293839",-0.0380492263717348,0.0880937677131697,0.633968524373698,"PBLUP"
1,2,"1295755",-1.01605558342181,-0.941323528386442,-0.395448771725913,"PBLUP"
1,2,"1301936",-1.04376988987242,-0.715976955750357,-0.170102199089828,"PBLUP"
1,2,"13098",0.891019350054848,0.270303666890488,0.816178423551016,"PBLUP"
1,2,"1311265",-0.879609656218283,0.311763689961059,0.857638446621587,"PBLUP"
1,2,"13302",1.17418089016105,-1.01620479409451,-0.47033003743398,"PBLUP"
1,2,"13469",2.33971284824899,0.30452461714196,0.850399373802488,"PBLUP"
1,2,"1360815",0.567332864636195,0.118976458794796,0.664851215455325,"PBLUP"
1,2,"1390242",0.0430088083338105,-1.01793735516173,-0.4720625985012,"PBLUP"
1,2,"143023",-0.135460575021689,0.0126422702738023,0.558517026934331,"PBLUP"
1,2,"143989",1.07711159289838,-0.894043380017772,-0.348168623357243,"PBLUP"
1,2,"1507248",-0.200816822234791,-0.449710254520836,0.0961645021396925,"PBLUP"
1,2,"1541045",-0.317448201217821,0.212888857562653,0.758763614223182,"PBLUP"
1,2,"16122",0.858573332746812,0.59396306838431,1.13983782504484,"PBLUP"
1,2,"1635496",-0.848865751766015,-0.539539349831686,0.006335406828842,"PBLUP"
1,2,"1649008",-1.20229441971703,0.346327371757518,0.892202128418046,"PBLUP"
1,2,"167864",0.0653317333943847,-0.478933671230115,0.0669410854304138,"PBLUP"
1,2,"168060",-0.434926564588412,0.31461129012409,0.860486046784619,"PBLUP"
1,2,"168924",0.175985357180603,-0.472056502520341,0.0738182541401871,"PBLUP"
1,2,"168928",0.952971371556413,-0.472974096073237,0.0729006605872909,"PBLUP"
1,2,"168939",0.325942314181827,-0.472056502520341,0.0738182541401871,"PBLUP"
1,2,"168979",0.200645633387613,0.70916999632161,1.25504475298214,"PBLUP"
1,2,"169164",-0.143881554413385,-0.930109335651724,-0.384234578991195,"PBLUP"
1,2,"1766370",-0.358307053836902,-0.606792219299912,-0.0609174626393839,"PBLUP"
1,2,"1815932",-0.263876438704702,-0.117986762606857,0.427887994053671,"PBLUP"
1,2,"1815954",0.394873812800106,-0.108937980750526,0.436936775910002,"PBLUP"
1,2,"19630",-0.519046773618208,0.165764001836338,0.711638758496866,"PBLUP"
1,2,"20424",3.27892080508434,0.193488529325279,0.739363285985807,"PBLUP"
1,2,"217743",-0.15331239980563,-0.341980924494822,0.203893832165706,"PBLUP"
1,2,"2200733",0.204334901921886,0.559797138579721,1.10567189524025,"PBLUP"
1,2,"2201662",-1.78674622345547,0.556238769184045,1.10211352584457,"PBLUP"
1,2,"220384",-0.76760411504423,-0.545874756660528,0,"PBLUP"
1,2,"222693",-0.973934398302038,-0.545874756660528,0,"PBLUP"
1,2,"2464236",0.0910588841664946,-0.0379375473053641,0.507937209355164,"PBLUP"
1,2,"2484320",-1.39759761777528,0.157810116700051,0.703684873360579,"PBLUP"
1,2,"2485050",-0.81742145637788,-1.07893344821156,-0.533058691551029,"PBLUP"
1,2,"2485260",-1.10190233754932,-0.258631856223287,0.287242900437241,"PBLUP"
1,2,"2485890",-2.06419061894565,-0.777048178016104,-0.231173421355576,"PBLUP"
1,2,"2487807",-2.07697682556554,-1.2266005537556,-0.680725797095076,"PBLUP"
1,2,"2668072",-0.291427863542325,-0.545874756660528,0,"PBLUP"
1,2,"269000",1.24462718778016,0.291330498237817,0.837205254898346,"PBLUP"
1,2,"292907",-0.32430551712479,0.252210086071175,0.798084842731704,"PBLUP"
1,2,"294705",0.782361026027785,-1.08531387387518,-0.539439117214654,"PBLUP"
1,2,"294897",0.50474560484396,0.504185760088768,1.0500605167493,"PBLUP"
1,2,"295026",1.44896217127881,0.680616403895655,1.22649116055618,"PBLUP"
1,2,"295146",1.00396960458425,0.198471679088762,0.744346435749291,"PBLUP"
1,2,"295261",0.222887117641691,0.328505731117053,0.874380487777581,"PBLUP"
1,2,"321131",0.159412153058651,0.31461129012409,0.860486046784619,"PBLUP"
1,2,"321397",0.364545256460967,-0.169285225710987,0.376589530949541,"PBLUP"
1,2,"342294",0.689583659267455,0.718514518825543,1.26438927548607,"PBLUP"
1,2,"358060",-0.459033043311249,0.0581459553726431,0.604020712033172,"PBLUP"
1,2,"359354",0.595723129780728,0.630666742170856,1.17654149883138,"PBLUP"
1,2,"367789",1.33162225727927,0.426026879524094,0.971901636184623,"PBLUP"
1,2,"368747",1.46796231143435,0.127846547157822,0.673721303818351,"PBLUP"
1,2,"369673",1.21913621534689,-0.169285225710987,0.376589530949541,"PBLUP"
1,2,"373045",-0.665941556295178,-0.0517446277432563,0.494130128917272,"PBLUP"
1,2,"3825284",-1.51471764159728,0.0214339809813983,0.567308737641927,"PBLUP"
1,2,"3826177",-0.880505505089741,0.190603239726648,0.736477996387176,"PBLUP"
1,2,"3826178",-1.22189722184064,-0.714515184331483,-0.168640427670955,"PBLUP"
1,2,"3827748",-1.44840039286753,0.517261359805126,1.06313611646565,"PBLUP"
1,2,"3830109",-2.41866172921982,-0.28755137385364,0.258323382806888,"PBLUP"
1,2,"3830165",-1.84079848672692,-0.258631856223287,0.287242900437241,"PBLUP"
1,2,"3848142",-1.64571517884622,-0.258631856223287,0.287242900437241,"PBLUP"
1,2,"3863186",-1.46247336423005,0.254882190192962,0.800756946853491,"PBLUP"
1,2,"3865255",-1.92223929322299,-0.537446327546642,0.00842842911388677,"PBLUP"
1,2,"3889",2.33609687644057,0.242116874839446,0.787991631499975,"PBLUP"
1,2,"391721",-1.09107885436599,-0.545874756660528,0,"PBLUP"
1,2,"392959",0.26048019392028,0.943379074522917,1.48925383118345,"PBLUP"
1,2,"39359",1.49504952367494,1.30468503059664,1.85055978725717,"PBLUP"
1,2,"4057141",-0.841470926536171,0.529821312235895,1.07569606889642,"PBLUP"
1,2,"4057142",-0.895572054291514,0.546945730170684,1.09282048683121,"PBLUP"
1,2,"4059227",-0.490371465650939,0.0423427602036511,0.58821751686418,"PBLUP"
1,2,"4062993",-1.24850393332291,-0.304110976768001,0.241763779892527,"PBLUP"
1,2,"4069736",-1.20997428776961,-0.0981963924815858,0.447678364178943,"PBLUP"
1,2,"412450",-0.371948388924996,0.373471983398094,0.919346740058622,"PBLUP"
1,2,"413235",-0.454749256889555,-0.0488945738052797,0.496980182855249,"PBLUP"
1,2,"415066",0.240014119247817,0.356760530641479,0.902635287302008,"PBLUP"
1,2,"415173",-0.00198723725527206,0.25558655530304,0.801461311963569,"PBLUP"
1,2,"41761",0.535644246828573,0.0958807894286003,0.641755546089129,"PBLUP"
1,2,"41804",-0.456435081584024,-0.103408329689544,0.442466426970984,"PBLUP"
1,2,"42066",0.139231121208924,0.576878310766209,1.12275306742674,"PBLUP"
1,2,"42083",0.309238804769481,0.159726318639574,0.705601075300102,"PBLUP"
1,2,"421747",0.0844621788403119,0.147729608474636,0.693604365135164,"PBLUP"
1,2,"423133",-0.80039218373955,-0.562547297509292,-0.0166725408487634,"PBLUP"
1,2,"423200",1.34527988052866,0.248523212418441,0.794397969078969,"PBLUP"
1,2,"424702",0.939248595661824,0.932740040047256,1.47861479670778,"PBLUP"
1,2,"4248",0.647218151728196,0.227643475649012,0.773518232309541,"PBLUP"
1,2,"427258",0.105180720012913,-0.0386713080763531,0.507203448584175,"PBLUP"
1,2,"429247",-1.04267858306538,0.498010145057583,1.04388490171811,"PBLUP"
1,2,"431742",-1.65755667211075,0.15987155392344,0.705746310583968,"PBLUP"
1,2,"432043",-0.726167032699027,-0.00057575829298373,0.545298998367545,"PBLUP"
1,2,"433740",-0.395224171421573,-0.00189377965643933,0.543980977004089,"PBLUP"
1,2,"480143",0.202347746243382,0.675445942646683,1.22132069930721,"PBLUP"
1,2,"4937014",0.222276311592972,-0.354445185625683,0.191429571034846,"PBLUP"
1,2,"62526",0.824197168324818,-0.936154483805437,-0.390279727144908,"PBLUP"
1,2,"653215",1.16681049717316,0.0972121108385194,0.643086867499048,"PBLUP"
1,2,"67055",-0.934574056522484,0.210276000548769,0.756150757209298,"PBLUP"
1,2,"675238",0.418499790764617,0.234948587105353,0.780823343765882,"PBLUP"
1,2,"67929",1.70620110267732,0.261976667966532,0.807851424627061,"PBLUP"
1,2,"770505",-0.471574927511644,0.206261201408138,0.752135958068667,"PBLUP"
1,2,"775",1.67162948031973,0.349867171070395,0.895741927730923,"PBLUP"
1,2,"77587",1.49285062189955,0.149967773129659,0.695842529790187,"PBLUP"
1,2,"80506",-0.60552876603639,-0.115168651795555,0.430706104864974,"PBLUP"
1,2,"80836",0.898780658913924,0.342917195357476,0.888791952018004,"PBLUP"
1,2,"855587",-0.0389206430012417,0.233319662033722,0.77919441869425,"PBLUP"
1,2,"85587",0.475850406699153,-0.029554055840833,0.516320700819695,"PBLUP"
1,2,"86394",0.108348767385612,-0.114636495468557,0.431238261191971,"PBLUP"
1,2,"86954",-0.571950721518058,0.368172968136601,0.914047724797129,"PBLUP"
1,2,"92207",1.8092807314594,0.193488529325279,0.739363285985807,"PBLUP"
1,2,"96413",0.107485494836752,0.439360972716136,0.985235729376664,"PBLUP"
1,2,"96501",1.01414970539627,-0.129766067906552,0.416108688753976,"PBLUP"
1,2,"97127",0.36759928670457,-0.182193156447066,0.363681600213462,"PBLUP"
1,2,"97487",-0.677009361897995,0.140199816650104,0.686074573310632,"PBLUP"
1,2,"984151",1.24695639484595,0.25548594743823,0.801360704098759,"PBLUP"
1,2,"1047493",0.654661841441938,-0.0153024118032188,-0.0268135317834893,"GBLUP"
1,2,"108014",0.988813470495336,0.332324925974478,0.320813805994207,"GBLUP"
1,2,"1082612",1.48183982486128,-0.0428723955772673,-0.0543835155575378,"GBLUP"
1,2,"1127595",0.712093898182969,0.100318908457354,0.0888077884770831,"GBLUP"
1,2,"126308",-0.72547478584381,-0.0733164547503847,-0.0848275747306552,"GBLUP"
1,2,"1291739",-0.949941936708294,-0.649470875093948,-0.660981995074218,"GBLUP"
1,2,"1293839",-0.0380492263717348,0.278867501457901,0.26735638147763,"GBLUP"
1,2,"1295755",-1.01605558342181,-0.694486664323904,-0.705997784304174,"GBLUP"
1,2,"1301936",-1.04376988987242,-0.626714309365918,-0.638225429346189,"GBLUP"
1,2,"13098",0.891019350054848,0.0656473748239415,0.054136254843671,"GBLUP"
1,2,"1311265",-0.879609656218283,-0.0928222816947091,-0.10433340167498,"GBLUP"
1,2,"13302",1.17418089016105,0.907774543207314,0.896263423227043,"GBLUP"
1,2,"13469",2.33971284824899,0.406739491923949,0.395228371943679,"GBLUP"
1,2,"1360815",0.567332864636195,-0.22002809820527,-0.23153921818554,"GBLUP"
1,2,"1390242",0.0430088083338105,0.498092811459248,0.486581691478978,"GBLUP"
1,2,"143023",-0.135460575021689,0.0866156378869323,0.0751045179066618,"GBLUP"
1,2,"143989",1.07711159289838,-0.570829042490844,-0.582340162471114,"GBLUP"
1,2,"1507248",-0.200816822234791,-0.650863030171764,-0.662374150152035,"GBLUP"
1,2,"1541045",-0.317448201217821,0.133714625768931,0.12220350578866,"GBLUP"
1,2,"16122",0.858573332746812,0.375224098966717,0.363712978986446,"GBLUP"
1,2,"1635496",-0.848865751766015,0.0162395024083239,0.00472838242805342,"GBLUP"
1,2,"1649008",-1.20229441971703,0.290501516789111,0.278990396808841,"GBLUP"
1,2,"167864",0.0653317333943847,-0.21701452051262,-0.228525640492891,"GBLUP"
1,2,"168060",-0.434926564588412,0.523067617511778,0.511556497531508,"GBLUP"
1,2,"168924",0.175985357180603,0.275190554845196,0.263679434864925,"GBLUP"
1,2,"168928",0.952971371556413,0.253180822905734,0.241669702925463,"GBLUP"
1,2,"168939",0.325942314181827,0.417159342071202,0.405648222090932,"GBLUP"
1,2,"168979",0.200645633387613,0.484161240301621,0.472650120321351,"GBLUP"
1,2,"169164",-0.143881554413385,0.2153488558003,0.203837735820029,"GBLUP"
1,2,"1766370",-0.358307053836902,-0.722626669010904,-0.734137788991175,"GBLUP"
1,2,"1815932",-0.263876438704702,0.472059761785412,0.460548641805141,"GBLUP"
1,2,"1815954",0.394873812800106,0.385464060965152,0.373952940984882,"GBLUP"
1,2,"19630",-0.519046773618208,0.122193522484634,0.110682402504363,"GBLUP"
1,2,"20424",3.27892080508434,0.38756645548818,0.376055335507909,"GBLUP"
1,2,"217743",-0.15331239980563,-0.0913390415178772,-0.102850161498148,"GBLUP"
1,2,"2200733",0.204334901921886,0.633888849560455,0.622377729580184,"GBLUP"
1,2,"2201662",-1.78674622345547,0.0234129439537223,0.0119018239734518,"GBLUP"
1,2,"220384",-0.76760411504423,-0.598777949385091,-0.610289069365362,"GBLUP"
1,2,"222693",-0.973934398302038,-0.528479623809494,-0.539990743789764,"GBLUP"
1,2,"2464236",0.0910588841664946,0.0236565719423998,0.0121454519621293,"GBLUP"
1,2,"2484320",-1.39759761777528,0.0626647120584712,0.0511535920782007,"GBLUP"
1,2,"2485050",-0.81742145637788,-0.534539683840585,-0.546050803820856,"GBLUP"
1,2,"2485260",-1.10190233754932,-0.844717359165592,-0.856228479145863,"GBLUP"
1,2,"2485890",-2.06419061894565,-0.31300491828339,-0.32451603826366,"GBLUP"
1,2,"2487807",-2.07697682556554,-1.06450342821911,-1.07601454819938,"GBLUP"
1,2,"2668072",-0.291427863542325,-0.424093398001075,-0.435604517981345,"GBLUP"
1,2,"269000",1.24462718778016,0.00319127393565427,-0.00831984604461625,"GBLUP"
1,2,"292907",-0.32430551712479,-0.314563763321988,-0.326074883302258,"GBLUP"
1,2,"294705",0.782361026027785,0.437112710195516,0.425601590215245,"GBLUP"
1,2,"294897",0.50474560484396,0.5764584082374,0.56494728825713,"GBLUP"
1,2,"295026",1.44896217127881,0.381414395386263,0.369903275405993,"GBLUP"
1,2,"295146",1.00396960458425,0.700752303438782,0.689241183458512,"GBLUP"
1,2,"295261",0.222887117641691,0.371167515047457,0.359656395067186,"GBLUP"
1,2,"321131",0.159412153058651,0.125320264040205,0.113809144059935,"GBLUP"
1,2,"321397",0.364545256460967,0.319294776949372,0.307783656969101,"GBLUP"
1,2,"342294",0.689583659267455,0.375037879035887,0.363526759055617,"GBLUP"
1,2,"358060",-0.459033043311249,-0.204674163729132,-0.216185283709403,"GBLUP"
1,2,"359354",0.595723129780728,0.431121676602934,0.419610556622663,"GBLUP"
1,2,"367789",1.33162225727927,0.535291161881395,0.523780041901125,"GBLUP"
1,2,"368747",1.46796231143435,0.208401628683154,0.196890508702883,"GBLUP"
1,2,"369673",1.21913621534689,0.178236892522962,0.166725772542692,"GBLUP"
1,2,"373045",-0.665941556295178,0.00240022826575875,-0.00911089171451178,"GBLUP"
1,2,"3825284",-1.51471764159728,-0.164962543867553,-0.176473663847823,"GBLUP"
1,2,"3826177",-0.880505505089741,-0.5051090927388,-0.516620212719071,"GBLUP"
1,2,"3826178",-1.22189722184064,-0.438342690934782,-0.449853810915052,"GBLUP"
1,2,"3827748",-1.44840039286753,-0.536002114224615,-0.547513234204885,"GBLUP"
1,2,"3830109",-2.41866172921982,-0.0275105046238956,-0.0390216246041661,"GBLUP"
1,2,"3830165",-1.84079848672692,-0.330445574648796,-0.341956694629067,"GBLUP"
1,2,"3848142",-1.64571517884622,-0.585398550426995,-0.596909670407265,"GBLUP"
1,2,"3863186",-1.46247336423005,-0.665907287788004,-0.677418407768274,"GBLUP"
1,2,"3865255",-1.92223929322299,-1.09412759971405,-1.10563871969432,"GBLUP"
1,2,"3889",2.33609687644057,0.318019583634334,0.306508463654063,"GBLUP"
1,2,"391721",-1.09107885436599,-0.247894751486301,-0.259405871466571,"GBLUP"
1,2,"392959",0.26048019392028,0.355921705430063,0.344410585449792,"GBLUP"
1,2,"39359",1.49504952367494,0.970068669667057,0.958557549686786,"GBLUP"
1,2,"4057141",-0.841470926536171,-0.0588406393384278,-0.0703517593186983,"GBLUP"
1,2,"4057142",-0.895572054291514,-0.0221013095408314,-0.033612429521102,"GBLUP"
1,2,"4059227",-0.490371465650939,-0.116660572634449,-0.12817169261472,"GBLUP"
1,2,"4062993",-1.24850393332291,-0.149952870543467,-0.161463990523737,"GBLUP"
1,2,"4069736",-1.20997428776961,0.30222707023058,0.290715950250309,"GBLUP"
1,2,"412450",-0.371948388924996,-0.217319954622025,-0.228831074602295,"GBLUP"
1,2,"413235",-0.454749256889555,-0.145279921835326,-0.156791041815597,"GBLUP"
1,2,"415066",0.240014119247817,0.442028137608765,0.430517017628494,"GBLUP"
1,2,"415173",-0.00198723725527206,-0.647915491151903,-0.659426611132173,"GBLUP"
1,2,"41761",0.535644246828573,0.432943937478186,0.421432817497915,"GBLUP"
1,2,"41804",-0.456435081584024,0.201444430911297,0.189933310931026,"GBLUP"
1,2,"42066",0.139231121208924,0.309095783849659,0.297584663869389,"GBLUP"
1,2,"42083",0.309238804769481,0.566682801127924,0.555171681147654,"GBLUP"
1,2,"421747",0.0844621788403119,0.133257962381735,0.121746842401464,"GBLUP"
1,2,"423133",-0.80039218373955,0.339057976549364,0.327546856569093,"GBLUP"
1,2,"423200",1.34527988052866,0.180332172143555,0.168821052163285,"GBLUP"
1,2,"424702",0.939248595661824,1.16899582485784,1.15748470487757,"GBLUP"
1,2,"4248",0.647218151728196,-0.0332494964922689,-0.0447606164725394,"GBLUP"
1,2,"427258",0.105180720012913,0.377327351272481,0.365816231292211,"GBLUP"
1,2,"429247",-1.04267858306538,-0.100037207590119,-0.111548327570389,"GBLUP"
1,2,"431742",-1.65755667211075,-0.217289245371125,-0.228800365351396,"GBLUP"
1,2,"432043",-0.726167032699027,0.0212637212012443,0.00975260122097373,"GBLUP"
1,2,"433740",-0.395224171421573,-0.127607101682967,-0.139118221663237,"GBLUP"
1,2,"480143",0.202347746243382,0.392586894095424,0.381075774115154,"GBLUP"
1,2,"4937014",0.222276311592972,-0.308869933131062,-0.320381053111332,"GBLUP"
1,2,"62526",0.824197168324818,-0.695734672838208,-0.707245792818479,"GBLUP"
1,2,"653215",1.16681049717316,0.124035097558437,0.112523977578167,"GBLUP"
1,2,"67055",-0.934574056522484,0.0187103489632049,0.0071992289829344,"GBLUP"
1,2,"675238",0.418499790764617,0.185095419571721,0.17358429959145,"GBLUP"
1,2,"67929",1.70620110267732,-0.395355249330405,-0.406866369310675,"GBLUP"
1,2,"770505",-0.471574927511644,0.549820481601117,0.538309361620846,"GBLUP"
1,2,"775",1.67162948031973,-0.069451190963626,-0.0809623109438966,"GBLUP"
1,2,"77587",1.49285062189955,0.0493013379444218,0.0377902179641513,"GBLUP"
1,2,"80506",-0.60552876603639,-0.0871430390640379,-0.0986541590443084,"GBLUP"
1,2,"80836",0.898780658913924,0.000239933461801465,-0.0112711865184691,"GBLUP"
1,2,"855587",-0.0389206430012417,-0.0191513305005495,-0.03066245048082,"GBLUP"
1,2,"85587",0.475850406699153,0.158717703161414,0.147206583181143,"GBLUP"
1,2,"86394",0.108348767385612,0.293365027865449,0.281853907885179,"GBLUP"
1,2,"86954",-0.571950721518058,0.435853499348592,0.424342379368321,"GBLUP"
1,2,"92207",1.8092807314594,0.386177051543278,0.374665931563007,"GBLUP"
1,2,"96413",0.107485494836752,0.578562682260637,0.567051562280367,"GBLUP"
1,2,"96501",1.01414970539627,0.402316204110668,0.390805084130398,"GBLUP"
1,2,"97127",0.36759928670457,0.383124652988243,0.371613533007972,"GBLUP"
1,2,"97487",-0.677009361897995,-0.0433115903233064,-0.0548227103035769,"GBLUP"
1,2,"984151",1.24695639484595,0.335384832239199,0.323873712258928,"GBLUP"
1,3,"1064007",1.13284153678365,0.219234267916039,0.670827712280797,"PBLUP"
1,3,"1066175",0.208789714037222,0.428964853740255,0.880558298105012,"PBLUP"
1,3,"1081265",1.56569127922964,-0.390345416160735,0.0612480282040217,"PBLUP"
1,3,"1193118",-1.27799364935514,-0.201913295969815,0.249680148394942,"PBLUP"
1,3,"1195398",-0.610822418458635,0.407206438428212,0.858799882792969,"PBLUP"
1,3,"126114",1.67147474278739,0.124037258507573,0.57563070287233,"PBLUP"
1,3,"1296234",-0.732226228702336,0.121220903325052,0.572814347689809,"PBLUP"
1,3,"1298205",-0.951635905483413,-0.135818479385885,0.315774964978873,"PBLUP"
1,3,"1301802",-0.857237866673811,-0.439488378592667,0.0121050657720897,"PBLUP"
1,3,"133128",0.32484286329413,0.445820301369765,0.897413745734522,"PBLUP"
1,3,"13396",0.797614889084498,-0.415116541741429,0.0364769026233285,"PBLUP"
1,3,"1342417",-0.105140162763201,0.22500930267608,0.676602747040837,"PBLUP"
1,3,"13728",0.950023214361255,0.376269848246771,0.827863292611528,"PBLUP"
1,3,"13954",0.665868096415797,-0.186035011929432,0.265558432435325,"PBLUP"
1,3,"1399978",-1.50500989746295,0.181931443167388,0.633524887532145,"PBLUP"
1,3,"1402346",-0.162702524794628,-0.353917692084116,0.0976757522806406,"PBLUP"
1,3,"143067",0.584313272790627,0.361361057752088,0.812954502116846,"PBLUP"
1,3,"1437563",-0.551834842313526,-0.397437234055629,0.0541562103091277,"PBLUP"
1,3,"1477994",1.17454737379029,0.109520194900485,0.561113639265242,"PBLUP"
1,3,"1478148",-0.880179741863756,0.00704126247145281,0.45863470683621,"PBLUP"
1,3,"1491661",-0.267622715803522,0.285097156877177,0.736690601241934,"PBLUP"
1,3,"1541043",0.354414020132854,-0.0229914719693117,0.428601972395445,"PBLUP"
1,3,"1563730",0.980278473974546,0.345552809053093,0.797146253417851,"PBLUP"
1,3,"16004",-0.485240694841686,0.180770159053655,0.632363603418412,"PBLUP"
1,3,"1630947",0.133668714125241,-0.341848050056858,0.109745394307899,"PBLUP"
1,3,"1630957",0.152864312216366,-0.341848050056858,0.109745394307899,"PBLUP"
1,3,"1636586",-0.384001628286413,-0.301341197424129,0.150252246940628,"PBLUP"
1,3,"1637620",0.296908666665976,-0.270812885349383,0.180780559015374,"PBLUP"
1,3,"1651705",-0.265073618560194,0.112332949397399,0.563926393762156,"PBLUP"
1,3,"1671942",0.181808374845072,0.0710771631073471,0.522670607472104,"PBLUP"
1,3,"1672866",-0.491755959361372,-0.405626585987498,0.0459668583772595,"PBLUP"
1,3,"168154",1.4005456118169,0.7017550698274,1.15334851419216,"PBLUP"
1,3,"168614",-0.438778714735675,0.110071420832021,0.561664865196778,"PBLUP"
1,3,"168912",-0.450848242258393,-0.129246775049862,0.322346669314895,"PBLUP"
1,3,"170744",-2.22424623595239,-1.35322215620389,-0.901628711839137,"PBLUP"
1,3,"1796426",-0.449993113790185,-0.310384636377492,0.141208807987265,"PBLUP"
1,3,"1799716",-0.931715484214473,-0.645418551523059,-0.193825107158301,"PBLUP"
1,3,"1838323",-1.76676064954134,0.212821214271181,0.664414658635938,"PBLUP"
1,3,"20010",0.985775728413032,-0.171311944539096,0.280281499825661,"PBLUP"
1,3,"20934",0.434111993369914,0.0453917996965122,0.496985244061269,"PBLUP"
1,3,"2114149",1.08853773804978,-0.180452584510687,0.271140859854071,"PBLUP"
1,3,"2117143",0.0567723046316471,0.0796649447423969,0.531258389107154,"PBLUP"
1,3,"2163607",0.440545817083104,0.0602611380105672,0.511854582375324,"PBLUP"
1,3,"2166",-0.25270276005344,0.199264865339469,0.650858309704226,"PBLUP"
1,3,"217451",-0.997039155104975,-0.0781585917413493,0.373434852623408,"PBLUP"
1,3,"217726",-0.630873145017969,0.0461365007273731,0.49772994509213,"PBLUP"
1,3,"217748",0.578498399206806,0.323881326736113,0.77547477110087,"PBLUP"
1,3,"222490",0.822315885694759,0.0642248475000065,0.515818291864764,"PBLUP"
1,3,"2460025",-0.086099302204419,0.0719168939066572,0.523510338271414,"PBLUP"
1,3,"2465",0.785439488513336,0.138211271695011,0.589804716059768,"PBLUP"
1,3,"2485043",-1.35715411326932,-0.606866770251873,-0.155273325887116,"PBLUP"
1,3,"2485915",-1.84783497240818,-1.4863848826087,-1.03479143824395,"PBLUP"
1,3,"2588634",0.216599887380195,-0.112398294585013,0.339195149779744,"PBLUP"
1,3,"2621166",-0.628633522839326,0.00755755790954327,0.4591510022743,"PBLUP"
1,3,"27001",0.26570869369733,-0.0778480622130054,0.373745382151752,"PBLUP"
1,3,"292717",0.615765712259412,0.74589177399501,1.19748521835977,"PBLUP"
1,3,"294724",0.965651705127852,0.0203253861704297,0.471918830535187,"PBLUP"
1,3,"294834",-0.157009812420551,0.230295749936409,0.681889194301166,"PBLUP"
1,3,"294881",0.732445955726339,0.292436762465436,0.744030206830194,"PBLUP"
1,3,"295191",0.107982283756379,0.136251960966752,0.587845405331509,"PBLUP"
1,3,"295788",-1.68811326270808,-0.451593444364757,0,"PBLUP"
1,3,"30709",0.345105335950353,-0.107126038604428,0.344467405760329,"PBLUP"
1,3,"342253",1.07641120196251,0.840257654225907,1.29185109859066,"PBLUP"
1,3,"345434",2.52690454198022,0.341006121390164,0.792599565754921,"PBLUP"
1,3,"3578468",-1.70247942097398,-0.303839515896079,0.147753928468678,"PBLUP"
1,3,"369564",0.0694933586063328,0.12939745876258,0.580990903127337,"PBLUP"
1,3,"376804",-0.154615452709568,-0.451593444364757,0,"PBLUP"
1,3,"377276",0.137292830014317,-0.142645169614468,0.308948274750289,"PBLUP"
1,3,"3822784",-0.562658325496856,-0.670022984310034,-0.218429539945276,"PBLUP"
1,3,"3827762",-2.04514161430622,-0.0554503624808906,0.396143081883866,"PBLUP"
1,3,"3827768",-2.28909755016522,-0.743860480077991,-0.292267035713234,"PBLUP"
1,3,"3830034",-2.00663640099488,-0.106109629428416,0.345483814936341,"PBLUP"
1,3,"3830069",-1.63645535914761,-0.572967622949122,-0.121374178584365,"PBLUP"
1,3,"3830184",-1.42619148493605,0.142726697958037,0.594320142322794,"PBLUP"
1,3,"3830201",-1.69475068843751,-0.248911935211205,0.202681509153552,"PBLUP"
1,3,"3830206",-1.74084618491428,-0.2654658237961,0.186127620568657,"PBLUP"
1,3,"3849968",-1.45247243319233,0.0324434081704373,0.484036852535194,"PBLUP"
1,3,"3855090",-2.01515510935437,0.284023253435638,0.735616697800395,"PBLUP"
1,3,"3855110",-1.74344414664151,-0.290863052896438,0.160730391468319,"PBLUP"
1,3,"3881",0.998317612613427,0.51266492740394,0.964258371768697,"PBLUP"
1,3,"390604",0.852253526162716,0.33971373203967,0.791307176404427,"PBLUP"
1,3,"391994",0.227317497515078,-0.0481086023141107,0.403484842050646,"PBLUP"
1,3,"392036",0.331048652749132,-0.296330507098091,0.155262937266667,"PBLUP"
1,3,"393205",0.523151227112074,0.351754313401057,0.803347757765814,"PBLUP"
1,3,"393281",1.14763118724333,0.0126844173017635,0.464277861666521,"PBLUP"
1,3,"393298",-0.151805744885452,0.267378895242744,0.718972339607501,"PBLUP"
1,3,"4057151",-1.10752175319755,-0.00380220201142317,0.447791242353334,"PBLUP"
1,3,"416019",-0.58579565862239,0.0957735227688487,0.547366967133606,"PBLUP"
1,3,"41709",0.00451173910311468,0.113067792082673,0.56466123644743,"PBLUP"
1,3,"418273",-0.9041722034575,-0.140280471231118,0.31131297313364,"PBLUP"
1,3,"419528",1.06256626485818,0.193830605555679,0.645424049920436,"PBLUP"
1,3,"421749",0.130883438543077,-0.146008423049673,0.305585021315084,"PBLUP"
1,3,"422983",0.411675051180245,0.0647593128529051,0.516352757217662,"PBLUP"
1,3,"423409",0.221396750882815,0.187008975194289,0.638602419559046,"PBLUP"
1,3,"430154",0.869437536333388,0.0365817345626072,0.488175178927364,"PBLUP"
1,3,"43154",0.0307112465529028,0.0148622418733974,0.466455686238154,"PBLUP"
1,3,"438163",0.788835570144222,-0.0350545896281454,0.416538854736612,"PBLUP"
1,3,"438323",-0.30088314117652,0.308155756812763,0.75974920117752,"PBLUP"
1,3,"447647",0.81275473501212,0.0904712670598152,0.542064711424572,"PBLUP"
1,3,"457982",-1.10227696525921,0.036671356248849,0.488264800613606,"PBLUP"
1,3,"458835",0.881148724307524,0.738622037622863,1.19021548198762,"PBLUP"
1,3,"5131",-0.967639023959892,0.111349397587711,0.562942841952468,"PBLUP"
1,3,"601577",0.10942378603136,0.430080247540035,0.881673691904793,"PBLUP"
1,3,"62221",1.08326037378884,0.318167370404204,0.769760814768962,"PBLUP"
1,3,"624629",0.195669600110703,0.0642248475000065,0.515818291864764,"PBLUP"
1,3,"62627",0.560687294826115,0.110833258450607,0.562426702815364,"PBLUP"
1,3,"62633",0.381183613228116,0.229815556797065,0.681409001161822,"PBLUP"
1,3,"64873",0.160755926365836,-0.450041028844931,0.00155241551982581,"PBLUP"
1,3,"673831",0.29330898301885,-0.264422239837238,0.18717120452752,"PBLUP"
1,3,"68460",1.04727168139822,0.410726357622759,0.862319801987516,"PBLUP"
1,3,"692864",-0.987640886035329,-0.515649221250153,-0.0640557768853962,"PBLUP"
1,3,"730613",-0.860454778530405,0.0684227302760791,0.520016174640836,"PBLUP"
1,3,"76718",-0.40858860776758,-0.157919482612725,0.293673961752032,"PBLUP"
1,3,"77230",-0.321023452622998,-0.0683577451416743,0.383235699223083,"PBLUP"
1,3,"77246",0.938141000693478,-0.0293155817760893,0.422277862588668,"PBLUP"
1,3,"83123",1.29932283342292,0.479270556269302,0.930864000634059,"PBLUP"
1,3,"85676",1.25576829010882,0.144103185144713,0.59569662950947,"PBLUP"
1,3,"86162",-0.760966689314801,0.414629990562665,0.866223434927422,"PBLUP"
1,3,"86230",0.268111197488963,0.231149818277136,0.682743262641893,"PBLUP"
1,3,"934019",0.0447272093508763,-0.0491901560988777,0.402403288265879,"PBLUP"
1,3,"1064007",1.13284153678365,0.239333632967126,0.21259921829127,"GBLUP"
1,3,"1066175",0.208789714037222,0.317324721915344,0.290590307239488,"GBLUP"
1,3,"1081265",1.56569127922964,-0.293195101566624,-0.319929516242479,"GBLUP"
1,3,"1193118",-1.27799364935514,-0.468464568712812,-0.495198983388668,"GBLUP"
1,3,"1195398",-0.610822418458635,0.711084967466808,0.684350552790953,"GBLUP"
1,3,"126114",1.67147474278739,0.657316211238674,0.630581796562818,"GBLUP"
1,3,"1296234",-0.732226228702336,0.27203871026832,0.245304295592464,"GBLUP"
1,3,"1298205",-0.951635905483413,0.0604867236477902,0.0337523089719344,"GBLUP"
1,3,"1301802",-0.857237866673811,-0.373481777932967,-0.400216192608823,"GBLUP"
1,3,"133128",0.32484286329413,0.635765207130215,0.60903079245436,"GBLUP"
1,3,"13396",0.797614889084498,0.0375001891282521,0.0107657744523964,"GBLUP"
1,3,"1342417",-0.105140162763201,0.343222480234895,0.316488065559039,"GBLUP"
1,3,"13728",0.950023214361255,0.505561557950879,0.478827143275023,"GBLUP"
1,3,"13954",0.665868096415797,0.440190961553208,0.413456546877352,"GBLUP"
1,3,"1399978",-1.50500989746295,-0.624063428444477,-0.650797843120333,"GBLUP"
1,3,"1402346",-0.162702524794628,-0.474737953782188,-0.501472368458044,"GBLUP"
1,3,"143067",0.584313272790627,0.310531689494026,0.28379727481817,"GBLUP"
1,3,"1437563",-0.551834842313526,0.0596393157267286,0.0329049010508728,"GBLUP"
1,3,"1477994",1.17454737379029,0.418527157549473,0.391792742873617,"GBLUP"
1,3,"1478148",-0.880179741863756,0.565698500984083,0.538964086308227,"GBLUP"
1,3,"1491661",-0.267622715803522,0.0157788025932438,-0.010955612082612,"GBLUP"
1,3,"1541043",0.354414020132854,0.283893294181451,0.257158879505595,"GBLUP"
1,3,"1563730",0.980278473974546,0.350227949744646,0.323493535068791,"GBLUP"
1,3,"16004",-0.485240694841686,-0.0563290377068836,-0.0830634523827394,"GBLUP"
1,3,"1630947",0.133668714125241,0.0403635365877865,0.0136291219119307,"GBLUP"
1,3,"1630957",0.152864312216366,-0.00145542335028996,-0.0281898380261457,"GBLUP"
1,3,"1636586",-0.384001628286413,-0.0578923936268031,-0.0846268083026589,"GBLUP"
1,3,"1637620",0.296908666665976,-0.127452753668484,-0.15418716834434,"GBLUP"
1,3,"1651705",-0.265073618560194,-0.326595762040031,-0.353330176715887,"GBLUP"
1,3,"1671942",0.181808374845072,0.199591997621664,0.172857582945809,"GBLUP"
1,3,"1672866",-0.491755959361372,-0.684425391465424,-0.71115980614128,"GBLUP"
1,3,"168154",1.4005456118169,0.528683369717832,0.501948955041977,"GBLUP"
1,3,"168614",-0.438778714735675,0.259942084563268,0.233207669887412,"GBLUP"
1,3,"168912",-0.450848242258393,0.0322340937862423,0.00549967911038654,"GBLUP"
1,3,"170744",-2.22424623595239,-1.35025503544901,-1.37698945012487,"GBLUP"
1,3,"1796426",-0.449993113790185,-0.211061312317852,-0.237795726993707,"GBLUP"
1,3,"1799716",-0.931715484214473,-0.544596532250707,-0.571330946926563,"GBLUP"
1,3,"1838323",-1.76676064954134,-0.617099871150623,-0.643834285826479,"GBLUP"
1,3,"20010",0.985775728413032,-0.277593882864513,-0.304328297540369,"GBLUP"
1,3,"20934",0.434111993369914,0.335645950490041,0.308911535814185,"GBLUP"
1,3,"2114149",1.08853773804978,-0.52960257211507,-0.556336986790926,"GBLUP"
1,3,"2117143",0.0567723046316471,-0.228576763994537,-0.255311178670392,"GBLUP"
1,3,"2163607",0.440545817083104,0.0390461112884484,0.0123116966125927,"GBLUP"
1,3,"2166",-0.25270276005344,-0.0364352701123236,-0.0631696847881793,"GBLUP"
1,3,"217451",-0.997039155104975,-0.0584020813956509,-0.0851364960715067,"GBLUP"
1,3,"217726",-0.630873145017969,0.578246534772903,0.551512120097047,"GBLUP"
1,3,"217748",0.578498399206806,0.0913754251028936,0.0646410104270378,"GBLUP"
1,3,"222490",0.822315885694759,0.253399766830895,0.226665352155039,"GBLUP"
1,3,"2460025",-0.086099302204419,-0.0170699378734801,-0.0438043525493359,"GBLUP"
1,3,"2465",0.785439488513336,0.438658860196252,0.411924445520396,"GBLUP"
1,3,"2485043",-1.35715411326932,-0.0143434048925551,-0.0410778195684108,"GBLUP"
1,3,"2485915",-1.84783497240818,-1.55699092356016,-1.58372533823601,"GBLUP"
1,3,"2588634",0.216599887380195,-0.516774194509311,-0.543508609185167,"GBLUP"
1,3,"2621166",-0.628633522839326,0.109153984773519,0.0824195700976632,"GBLUP"
1,3,"27001",0.26570869369733,0.119257762579593,0.0925233479037375,"GBLUP"
1,3,"292717",0.615765712259412,0.382405166396824,0.355670751720968,"GBLUP"
1,3,"294724",0.965651705127852,-0.7315994799145,-0.758333894590356,"GBLUP"
1,3,"294834",-0.157009812420551,0.334697091536576,0.30796267686072,"GBLUP"
1,3,"294881",0.732445955726339,0.668587956206421,0.641853541530565,"GBLUP"
1,3,"295191",0.107982283756379,0.0813205761493731,0.0545861614735174,"GBLUP"
1,3,"295788",-1.68811326270808,-0.377278265897966,-0.404012680573822,"GBLUP"
1,3,"30709",0.345105335950353,-0.11949434601425,-0.146228760690106,"GBLUP"
1,3,"342253",1.07641120196251,0.990341122914329,0.963606708238473,"GBLUP"
1,3,"345434",2.52690454198022,0.577412048010542,0.550677633334686,"GBLUP"
1,3,"3578468",-1.70247942097398,-0.208054362889473,-0.234788777565329,"GBLUP"
1,3,"369564",0.0694933586063328,-0.0849967397840677,-0.111731154459923,"GBLUP"
1,3,"376804",-0.154615452709568,0.03306028495531,0.00632587027945427,"GBLUP"
1,3,"377276",0.137292830014317,0.0668712858690557,0.0401368711932,"GBLUP"
1,3,"3822784",-0.562658325496856,-0.603216120123112,-0.629950534798968,"GBLUP"
1,3,"3827762",-2.04514161430622,-0.252508773321065,-0.279243187996921,"GBLUP"
1,3,"3827768",-2.28909755016522,-0.0474342747132404,-0.0741686893890961,"GBLUP"
1,3,"3830034",-2.00663640099488,0.0836850053192535,0.0569505906433977,"GBLUP"
1,3,"3830069",-1.63645535914761,-0.370605445162514,-0.39733985983837,"GBLUP"
1,3,"3830184",-1.42619148493605,-1.15821997959556,-1.18495439427141,"GBLUP"
1,3,"3830201",-1.69475068843751,-1.27694706233767,-1.30368147701353,"GBLUP"
1,3,"3830206",-1.74084618491428,-0.268694128884059,-0.295428543559915,"GBLUP"
1,3,"3849968",-1.45247243319233,0.396653655463859,0.369919240788003,"GBLUP"
1,3,"3855090",-2.01515510935437,-0.158172297802765,-0.18490671247862,"GBLUP"
1,3,"3855110",-1.74344414664151,0.35857631469174,0.331841900015884,"GBLUP"
1,3,"3881",0.998317612613427,0.41325586439156,0.386521449715704,"GBLUP"
1,3,"390604",0.852253526162716,0.497915870090417,0.471181455414562,"GBLUP"
1,3,"391994",0.227317497515078,0.919683690448362,0.892949275772506,"GBLUP"
1,3,"392036",0.331048652749132,-0.25491757333451,-0.281651988010366,"GBLUP"
1,3,"393205",0.523151227112074,0.204736895837319,0.178002481161464,"GBLUP"
1,3,"393281",1.14763118724333,0.289151915006293,0.262417500330437,"GBLUP"
1,3,"393298",-0.151805744885452,0.350943089443042,0.324208674767186,"GBLUP"
1,3,"4057151",-1.10752175319755,0.137724434800122,0.110990020124266,"GBLUP"
1,3,"416019",-0.58579565862239,0.425962918071001,0.399228503395146,"GBLUP"
1,3,"41709",0.00451173910311468,0.356268081534905,0.329533666859049,"GBLUP"
1,3,"418273",-0.9041722034575,0.0654042579177248,0.0386698432418691,"GBLUP"
1,3,"419528",1.06256626485818,0.124444646398418,0.0977102317225622,"GBLUP"
1,3,"421749",0.130883438543077,0.35611091786862,0.329376503192764,"GBLUP"
1,3,"422983",0.411675051180245,0.0329851761603265,0.00625076148447072,"GBLUP"
1,3,"423409",0.221396750882815,0.363168503465326,0.33643408878947,"GBLUP"
1,3,"430154",0.869437536333388,-0.248317243370889,-0.275051658046745,"GBLUP"
1,3,"43154",0.0307112465529028,0.285277821500962,0.258543406825106,"GBLUP"
1,3,"438163",0.788835570144222,0.30469938475309,0.277964970077235,"GBLUP"
1,3,"438323",-0.30088314117652,0.396238490704868,0.369504076029013,"GBLUP"
1,3,"447647",0.81275473501212,0.268886964165221,0.242152549489366,"GBLUP"
1,3,"457982",-1.10227696525921,0.278066480599011,0.251332065923155,"GBLUP"
1,3,"458835",0.881148724307524,0.925254738506761,0.898520323830905,"GBLUP"
1,3,"5131",-0.967639023959892,-0.434087304240531,-0.460821718916386,"GBLUP"
1,3,"601577",0.10942378603136,0.642240742022096,0.61550632734624,"GBLUP"
1,3,"62221",1.08326037378884,0.382502514276932,0.355768099601077,"GBLUP"
1,3,"624629",0.195669600110703,0.156978842915413,0.130244428239557,"GBLUP"
1,3,"62627",0.560687294826115,-0.402411525225168,-0.429145939901023,"GBLUP"
1,3,"62633",0.381183613228116,0.370447002084053,0.343712587408197,"GBLUP"
1,3,"64873",0.160755926365836,-0.247980232236692,-0.274714646912548,"GBLUP"
1,3,"673831",0.29330898301885,0.480584807798349,0.453850393122493,"GBLUP"
1,3,"68460",1.04727168139822,0.00258064765306514,-0.0241537670227906,"GBLUP"
1,3,"692864",-0.987640886035329,-0.39398798943997,-0.420722404115826,"GBLUP"
1,3,"730613",-0.860454778530405,-0.0254694066292757,-0.0522038213051315,"GBLUP"
1,3,"76718",-0.40858860776758,-0.135870434542179,-0.162604849218035,"GBLUP"
1,3,"77230",-0.321023452622998,-0.423870363243671,-0.450604777919527,"GBLUP"
1,3,"77246",0.938141000693478,0.0862654361006264,0.0595310214247706,"GBLUP"
1,3,"83123",1.29932283342292,0.334840873442404,0.308106458766548,"GBLUP"
1,3,"85676",1.25576829010882,-0.214497942653496,-0.241232357329352,"GBLUP"
1,3,"86162",-0.760966689314801,0.315948515878933,0.289214101203077,"GBLUP"
1,3,"86230",0.268111197488963,0.657831794573493,0.631097379897637,"GBLUP"
1,3,"934019",0.0447272093508763,-0.356159170451591,-0.382893585127447,"GBLUP"
1,4,"1066279",-0.0723113736646331,0.493422055825302,0.984536841153131,"PBLUP"
1,4,"1066569",0.0567723046316471,0.500676124164693,0.991790909492522,"PBLUP"
1,4,"107066",0.640882056982801,-0.0694795271805531,0.421635258147276,"PBLUP"
1,4,"1093268",0.393733641509161,-0.168889531160154,0.322225254167676,"PBLUP"
1,4,"1210458",-1.53023211523478,-0.240992285695243,0.250122499632587,"PBLUP"
1,4,"1295736",-1.67898374829987,-0.402230607451538,0.0888841778762911,"PBLUP"
1,4,"1296766",0.183298741603949,0.159934096373722,0.651048881701552,"PBLUP"
1,4,"1298199",-1.01373452043667,-0.104421159995327,0.386693625332502,"PBLUP"
1,4,"1300939",-0.969707620444892,0.294427318564601,0.78554210389243,"PBLUP"
1,4,"1390246",-1.64690421462106,-0.139058643907888,0.352056141419941,"PBLUP"
1,4,"14103",-0.437956162590065,0.138070269387658,0.629185054715487,"PBLUP"
1,4,"143808",0.0375359861372731,0.356885736541777,0.848000521869607,"PBLUP"
1,4,"1439621",-0.00867352746859992,0.0285590522094514,0.519673837537281,"PBLUP"
1,4,"144880",1.72531525996195,0.0903582695846138,0.581473054912443,"PBLUP"
1,4,"1500224",-0.189520982373785,-0.212877382885928,0.278237402441901,"PBLUP"
1,4,"1636202",-0.174201966671873,0.0983875332966314,0.589502318624461,"PBLUP"
1,4,"1637606",0.0470156960134162,-0.451164537378009,0.0399502479498203,"PBLUP"
1,4,"1642486",-0.246480682437141,-0.0932356557356565,0.397879129592173,"PBLUP"
1,4,"168524",0.867116473348251,0.394521700156425,0.885636485484254,"PBLUP"
1,4,"1700001",-1.70234911568359,0.431286038581941,0.92240082390977,"PBLUP"
1,4,"1766332",-0.555393805557406,-0.470247101665966,0.0208676836618632,"PBLUP"
1,4,"1766345",-0.623869235659307,-0.470247101665966,0.0208676836618632,"PBLUP"
1,4,"1823515",0.462616275643541,0.431286038581941,0.92240082390977,"PBLUP"
1,4,"1831374",0.414558055730206,-0.491114785327829,0,"PBLUP"
1,4,"19627",0.967549275919211,-0.162224871760302,0.328889913567528,"PBLUP"
1,4,"2011449",0.0766927259005868,0.0585536519614328,0.549668437289262,"PBLUP"
1,4,"2099196",1.6878769212157,-0.0796150076218541,0.411499777705975,"PBLUP"
1,4,"214589",0.623722479054078,0.508440395107491,0.99955518043532,"PBLUP"
1,4,"2151597",0.577415236480409,0.0227261033681856,0.513840888696015,"PBLUP"
1,4,"2151603",-1.00835942720793,-0.0607541722840405,0.430360613043789,"PBLUP"
1,4,"2163596",0.718584730460706,-0.491114785327829,0,"PBLUP"
1,4,"220399",-0.881059302573914,-0.491114785327829,0,"PBLUP"
1,4,"2464628",-0.356083719819559,-0.358157536694319,0.132957248633511,"PBLUP"
1,4,"2464631",-0.140656498476139,-0.334524655593492,0.156590129734337,"PBLUP"
1,4,"2484313",-1.06314465773784,-0.438287967288477,0.0528268180393526,"PBLUP"
1,4,"2485913",-2.15730189301262,-1.54034552997789,-1.04923074465006,"PBLUP"
1,4,"2485920",-1.42456266880613,-1.53437489123636,-1.04326010590853,"PBLUP"
1,4,"2588696",0.0402805413161911,0.0152858119270085,0.506400597254838,"PBLUP"
1,4,"2601500",0.294286272696802,0.0841551185120034,0.575269903839833,"PBLUP"
1,4,"2620837",-0.706295475913985,0.0923153360692968,0.583430121397126,"PBLUP"
1,4,"2668073",-0.593304500981329,-0.491114785327829,0,"PBLUP"
1,4,"294614",1.49951247987093,0.0271089852909568,0.518223770618786,"PBLUP"
1,4,"294670",0.886857724842899,0.0205861680711258,0.511700953398955,"PBLUP"
1,4,"294818",0.514005424542565,-0.00102674698727678,0.490088038340552,"PBLUP"
1,4,"294910",-0.347442850250326,0.106948505455662,0.598063290783491,"PBLUP"
1,4,"294940",-0.428965097552897,0.156315457313018,0.647430242640847,"PBLUP"
1,4,"295091",0.609291168142973,0.337668994712815,0.828783780040644,"PBLUP"
1,4,"305029",1.2708185511493,1.06586610098858,1.55698088631641,"PBLUP"
1,4,"321614",-0.152489847660019,0.439400337820972,0.930515123148801,"PBLUP"
1,4,"321840",1.09444219652075,0.351383353657279,0.842498138985108,"PBLUP"
1,4,"323172",1.15157292227774,0.198827791150759,0.689942576478588,"PBLUP"
1,4,"341985",-0.539431407484175,0.37460603787037,0.865720823198199,"PBLUP"
1,4,"342090",0.610089288046636,0.0250660531963267,0.516180838524156,"PBLUP"
1,4,"343376",-1.43664034040949,-0.491114785327829,0,"PBLUP"
1,4,"353782",-0.467209700283455,-0.168889531160154,0.322225254167676,"PBLUP"
1,4,"355408",0.759125963934455,0.666390422910835,1.15750520823866,"PBLUP"
1,4,"3578390",-1.48235306509574,0.182991350819824,0.674106136147653,"PBLUP"
1,4,"373101",-0.44842130622481,-0.303901756696916,0.187213028630913,"PBLUP"
1,4,"3827757",-1.21925853971017,-0.345736293362666,0.145378491965163,"PBLUP"
1,4,"3827770",-2.31129831401605,-0.874768085081266,-0.383653299753437,"PBLUP"
1,4,"3827774",-2.05032124959937,-0.0713402269752467,0.419774558352583,"PBLUP"
1,4,"3830068",-1.1770559137839,-0.885950178371281,-0.394835393043452,"PBLUP"
1,4,"3864287",-2.26872920446055,0.063700995578978,0.554815780906807,"PBLUP"
1,4,"3868812",-2.13250316743456,0.27863734374114,0.769752129068969,"PBLUP"
1,4,"3895",0.617410816550632,0.462974133539705,0.954088918867534,"PBLUP"
1,4,"390866",0.477267476732186,0.349141521064914,0.840256306392743,"PBLUP"
1,4,"392956",0.556664118985209,0.161803475584529,0.652918260912358,"PBLUP"
1,4,"412956",0.406967772564773,-0.101226336570276,0.389888448757553,"PBLUP"
1,4,"413317",-0.769851881303522,0.0821776628905928,0.573292448218422,"PBLUP"
1,4,"41471",0.748286192589826,0.311669549391643,0.802784334719472,"PBLUP"
1,4,"41669",-0.280189032245867,-0.113955197404573,0.377159587923256,"PBLUP"
1,4,"419152",-0.16824864371701,-0.0338674784254149,0.457247306902414,"PBLUP"
1,4,"420071",1.23562797866234,0.170849880017168,0.661964665344998,"PBLUP"
1,4,"420158",1.51528756408922,0.27198795411296,0.763102739440789,"PBLUP"
1,4,"421919",0.0629292296027502,0.268309832481251,0.759424617809081,"PBLUP"
1,4,"42237",-1.09225974606019,-0.498392808919141,-0.00727802359131161,"PBLUP"
1,4,"423673",0.256986383321601,0.225941212798919,0.717055998126749,"PBLUP"
1,4,"428238",-0.293797791011361,0.0737240598502071,0.564838845178036,"PBLUP"
1,4,"429101",-1.68124780272046,0.0241180701662967,0.515232855494126,"PBLUP"
1,4,"429168",-0.217951967921566,0.0241180701662967,0.515232855494126,"PBLUP"
1,4,"429726",0.361499370298013,0.42129080627184,0.912405591599669,"PBLUP"
1,4,"430390",-0.390231849983365,0.136262352248178,0.627377137576007,"PBLUP"
1,4,"431424",0.771415381634711,0.323194945811126,0.814309731138955,"PBLUP"
1,4,"434148",1.18010978087397,-0.498392808919141,-0.00727802359131161,"PBLUP"
1,4,"438760",-0.670640690830003,0.1812031726409,0.672317957968729,"PBLUP"
1,4,"438770",0.342629535432872,0.1812031726409,0.672317957968729,"PBLUP"
1,4,"450448",1.42136188195729,0.391735890810505,0.882850676138334,"PBLUP"
1,4,"471420",-0.766496520075884,0.226739214095862,0.717853999423691,"PBLUP"
1,4,"471785",-0.572480086760283,0.346032496889976,0.837147282217805,"PBLUP"
1,4,"512731",-0.111875317460428,0.0441555389985404,0.53527032432637,"PBLUP"
1,4,"60900",0.257466884079927,-0.178350416429902,0.312764368897927,"PBLUP"
1,4,"609307",1.1992076499973,0.515903290201208,1.00701807552904,"PBLUP"
1,4,"62150",1.12297091103632,0.296632052910991,0.78774683823882,"PBLUP"
1,4,"623960",0.796075657841723,0.0776536081782137,0.568768393506043,"PBLUP"
1,4,"664062",2.23440988544957,-0.040205677911976,0.450909107415853,"PBLUP"
1,4,"68052",-0.150641141352559,0.346032496889976,0.837147282217805,"PBLUP"
1,4,"701166",-0.948679604207606,-0.396290101926292,0.0948246834015369,"PBLUP"
1,4,"743023",-0.0986411864048143,0.0417520152903761,0.532866800618205,"PBLUP"
1,4,"743034",0.0299619911331384,0.0417520152903761,0.532866800618205,"PBLUP"
1,4,"770285",-0.722681366180996,0.473516894345306,0.964631679673136,"PBLUP"
1,4,"77310",-0.0753409716662881,-0.367511918899701,0.123602866428128,"PBLUP"
1,4,"77534",0.859933394215296,-1.48441546266698,-0.993300677339146,"PBLUP"
1,4,"78690",-0.722958264923082,-0.491114785327829,0,"PBLUP"
1,4,"80662",0.145094859276641,0.226739214095862,0.717853999423691,"PBLUP"
1,4,"82710",-0.0599079388352816,0.37728294050396,0.868397725831789,"PBLUP"
1,4,"835884",0.0390507851381006,-0.0572670161965078,0.433847769131322,"PBLUP"
1,4,"85331",-0.016524421214821,-0.122958920078066,0.368155865249763,"PBLUP"
1,4,"85465",0.41013581993747,0.0205441341254078,0.511658919453237,"PBLUP"
1,4,"855168",-1.10036310630655,0.26279255323756,0.75390733856539,"PBLUP"
1,4,"85646",1.96339116959193,0.650725880787115,1.14184066611494,"PBLUP"
1,4,"85711",0.512392896573941,0.0974612526377577,0.588576037965587,"PBLUP"
1,4,"85888",0.103739217737934,0.248721893927294,0.739836679255124,"PBLUP"
1,4,"87107",0.0043977219740216,0.254422250547474,0.745537035875303,"PBLUP"
1,4,"877657",1.26586695011434,0.133534991095707,0.624649776423537,"PBLUP"
1,4,"878573",0.0873126070676752,0.0657941514579536,0.556908936785783,"PBLUP"
1,4,"88809",-0.115605306397947,-0.0269775621337381,0.464137223194091,"PBLUP"
1,4,"904516",0.578807874271491,-0.44997102290807,0.041143762419759,"PBLUP"
1,4,"909641",0.615659839210966,0.282035207814871,0.7731499931427,"PBLUP"
1,4,"909658",-0.170976910734629,0.282035207814871,0.7731499931427,"PBLUP"
1,4,"96495",1.10011862073352,0.0721561526455895,0.563270937973419,"PBLUP"
1,4,"1066279",-0.0723113736646331,0.573536442489935,0.553207227180345,"GBLUP"
1,4,"1066569",0.0567723046316471,0.691727795992937,0.671398580683346,"GBLUP"
1,4,"107066",0.640882056982801,0.364657011769722,0.344327796460132,"GBLUP"
1,4,"1093268",0.393733641509161,0.601635671251858,0.581306455942268,"GBLUP"
1,4,"1210458",-1.53023211523478,-0.202789953107242,-0.223119168416833,"GBLUP"
1,4,"1295736",-1.67898374829987,-0.457378258401536,-0.477707473711126,"GBLUP"
1,4,"1296766",0.183298741603949,0.345223575156033,0.324894359846443,"GBLUP"
1,4,"1298199",-1.01373452043667,-0.241789132078059,-0.262118347387649,"GBLUP"
1,4,"1300939",-0.969707620444892,0.615059640251611,0.594730424942021,"GBLUP"
1,4,"1390246",-1.64690421462106,0.363904026519146,0.343574811209556,"GBLUP"
1,4,"14103",-0.437956162590065,-0.517377787245422,-0.537707002555013,"GBLUP"
1,4,"143808",0.0375359861372731,-0.39608616770255,-0.416415383012141,"GBLUP"
1,4,"1439621",-0.00867352746859992,-0.556232112509909,-0.576561327819499,"GBLUP"
1,4,"144880",1.72531525996195,0.305235795601169,0.284906580291579,"GBLUP"
1,4,"1500224",-0.189520982373785,-0.334495523907776,-0.354824739217366,"GBLUP"
1,4,"1636202",-0.174201966671873,0.434649628110682,0.414320412801092,"GBLUP"
1,4,"1637606",0.0470156960134162,-0.301305651959594,-0.321634867269184,"GBLUP"
1,4,"1642486",-0.246480682437141,-0.264184592028698,-0.284513807338288,"GBLUP"
1,4,"168524",0.867116473348251,0.725288497534028,0.704959282224438,"GBLUP"
1,4,"1700001",-1.70234911568359,0.771940896924701,0.751611681615111,"GBLUP"
1,4,"1766332",-0.555393805557406,-0.90645765101814,-0.926786866327731,"GBLUP"
1,4,"1766345",-0.623869235659307,-1.06630037655828,-1.08662959186787,"GBLUP"
1,4,"1823515",0.462616275643541,-0.113220140735379,-0.13354935604497,"GBLUP"
1,4,"1831374",0.414558055730206,0.156539715975546,0.136210500665956,"GBLUP"
1,4,"19627",0.967549275919211,-0.234293036485586,-0.254622251795176,"GBLUP"
1,4,"2011449",0.0766927259005868,0.552718925114905,0.532389709805315,"GBLUP"
1,4,"2099196",1.6878769212157,0.342889546021129,0.322560330711539,"GBLUP"
1,4,"214589",0.623722479054078,0.331736695916831,0.311407480607241,"GBLUP"
1,4,"2151597",0.577415236480409,0.0888533741885903,0.068524158879,"GBLUP"
1,4,"2151603",-1.00835942720793,1.33675729841849,1.3164280831089,"GBLUP"
1,4,"2163596",0.718584730460706,0.463378240881,0.44304902557141,"GBLUP"
1,4,"220399",-0.881059302573914,-0.985306790060625,-1.00563600537022,"GBLUP"
1,4,"2464628",-0.356083719819559,-0.830807162421833,-0.851136377731423,"GBLUP"
1,4,"2464631",-0.140656498476139,-0.645569065523039,-0.66589828083263,"GBLUP"
1,4,"2484313",-1.06314465773784,0.0756376349224701,0.0553084196128798,"GBLUP"
1,4,"2485913",-2.15730189301262,-1.0472383389286,-1.06756755423819,"GBLUP"
1,4,"2485920",-1.42456266880613,-1.00716880989631,-1.0274980252059,"GBLUP"
1,4,"2588696",0.0402805413161911,-1.05134326809194,-1.07167248340153,"GBLUP"
1,4,"2601500",0.294286272696802,0.152136437819204,0.131807222509614,"GBLUP"
1,4,"2620837",-0.706295475913985,0.241578671600035,0.221249456290445,"GBLUP"
1,4,"2668073",-0.593304500981329,-0.460782613659356,-0.481111828968946,"GBLUP"
1,4,"294614",1.49951247987093,0.217925787855299,0.197596572545708,"GBLUP"
1,4,"294670",0.886857724842899,-0.308370335976124,-0.328699551285714,"GBLUP"
1,4,"294818",0.514005424542565,0.317047860588006,0.296718645278416,"GBLUP"
1,4,"294910",-0.347442850250326,-0.512431760257777,-0.532760975567368,"GBLUP"
1,4,"294940",-0.428965097552897,-0.216439538111644,-0.236768753421234,"GBLUP"
1,4,"295091",0.609291168142973,-0.752825756549988,-0.773154971859578,"GBLUP"
1,4,"305029",1.2708185511493,1.07377099048289,1.0534417751733,"GBLUP"
1,4,"321614",-0.152489847660019,-0.149064991243349,-0.169394206552939,"GBLUP"
1,4,"321840",1.09444219652075,0.246530087024701,0.22620087171511,"GBLUP"
1,4,"323172",1.15157292227774,0.103476555909013,0.0831473405994231,"GBLUP"
1,4,"341985",-0.539431407484175,-0.0726042596438788,-0.0929334749534691,"GBLUP"
1,4,"342090",0.610089288046636,0.21303942932231,0.19271021401272,"GBLUP"
1,4,"343376",-1.43664034040949,0.907497286333891,0.8871680710243,"GBLUP"
1,4,"353782",-0.467209700283455,-0.060582691112305,-0.0809119064218952,"GBLUP"
1,4,"355408",0.759125963934455,0.462740261248842,0.442411045939252,"GBLUP"
1,4,"3578390",-1.48235306509574,0.386938380650775,0.366609165341185,"GBLUP"
1,4,"373101",-0.44842130622481,0.240355798308714,0.220026582999123,"GBLUP"
1,4,"3827757",-1.21925853971017,-0.933440974676158,-0.953770189985748,"GBLUP"
1,4,"3827770",-2.31129831401605,-0.778218262087936,-0.798547477397526,"GBLUP"
1,4,"3827774",-2.05032124959937,-0.721547028730441,-0.741876244040031,"GBLUP"
1,4,"3830068",-1.1770559137839,-0.79072214436013,-0.81105135966972,"GBLUP"
1,4,"3864287",-2.26872920446055,-1.24057681274252,-1.26090602805211,"GBLUP"
1,4,"3868812",-2.13250316743456,-1.21255827186013,-1.23288748716972,"GBLUP"
1,4,"3895",0.617410816550632,0.625208237805669,0.604879022496078,"GBLUP"
1,4,"390866",0.477267476732186,0.506336118173076,0.486006902863486,"GBLUP"
1,4,"392956",0.556664118985209,-0.293484319256108,-0.313813534565698,"GBLUP"
1,4,"412956",0.406967772564773,0.127425820651507,0.107096605341916,"GBLUP"
1,4,"413317",-0.769851881303522,0.590715922886418,0.570386707576828,"GBLUP"
1,4,"41471",0.748286192589826,0.394457660374623,0.374128445065033,"GBLUP"
1,4,"41669",-0.280189032245867,-0.560984473121131,-0.581313688430721,"GBLUP"
1,4,"419152",-0.16824864371701,0.0879457774215435,0.0676165621119532,"GBLUP"
1,4,"420071",1.23562797866234,-0.337763512986449,-0.358092728296039,"GBLUP"
1,4,"420158",1.51528756408922,0.360558247706991,0.340229032397401,"GBLUP"
1,4,"421919",0.0629292296027502,0.0661252510730404,0.0457960357634501,"GBLUP"
1,4,"42237",-1.09225974606019,0.0719988380714351,0.0516696227618449,"GBLUP"
1,4,"423673",0.256986383321601,0.620736547909099,0.600407332599508,"GBLUP"
1,4,"428238",-0.293797791011361,-0.494793503334,-0.515122718643591,"GBLUP"
1,4,"429101",-1.68124780272046,0.486609276785997,0.466280061476407,"GBLUP"
1,4,"429168",-0.217951967921566,0.547010433656767,0.526681218347177,"GBLUP"
1,4,"429726",0.361499370298013,-0.00887096535050456,-0.0292001806600948,"GBLUP"
1,4,"430390",-0.390231849983365,0.182775113832231,0.162445898522641,"GBLUP"
1,4,"431424",0.771415381634711,0.25343800380965,0.23310878850006,"GBLUP"
1,4,"434148",1.18010978087397,-0.255818666717688,-0.276147882027278,"GBLUP"
1,4,"438760",-0.670640690830003,-0.319780985276041,-0.340110200585631,"GBLUP"
1,4,"438770",0.342629535432872,0.310889699349948,0.290560484040358,"GBLUP"
1,4,"450448",1.42136188195729,0.550023460096814,0.529694244787223,"GBLUP"
1,4,"471420",-0.766496520075884,0.670143268079838,0.649814052770247,"GBLUP"
1,4,"471785",-0.572480086760283,-0.0413948900385255,-0.0617241053481158,"GBLUP"
1,4,"512731",-0.111875317460428,0.0958233535589417,0.0754941382493514,"GBLUP"
1,4,"60900",0.257466884079927,0.646591684487701,0.62626246917811,"GBLUP"
1,4,"609307",1.1992076499973,0.384698771893994,0.364369556584403,"GBLUP"
1,4,"62150",1.12297091103632,0.345639381290546,0.325310165980956,"GBLUP"
1,4,"623960",0.796075657841723,1.20736426042851,1.18703504511892,"GBLUP"
1,4,"664062",2.23440988544957,1.24247952893058,1.22215031362099,"GBLUP"
1,4,"68052",-0.150641141352559,0.314429186656152,0.294099971346561,"GBLUP"
1,4,"701166",-0.948679604207606,-0.0255637695149855,-0.0458929848245758,"GBLUP"
1,4,"743023",-0.0986411864048143,-0.0523551985676306,-0.0726844138772209,"GBLUP"
1,4,"743034",0.0299619911331384,0.108444599425576,0.0881153841159862,"GBLUP"
1,4,"770285",-0.722681366180996,0.898752858534282,0.878423643224691,"GBLUP"
1,4,"77310",-0.0753409716662881,0.189834520309092,0.169505304999502,"GBLUP"
1,4,"77534",0.859933394215296,-1.1911350122878,-1.21146422759739,"GBLUP"
1,4,"78690",-0.722958264923082,-0.987311341248419,-1.00764055655801,"GBLUP"
1,4,"80662",0.145094859276641,1.21939629246073,1.19906707715114,"GBLUP"
1,4,"82710",-0.0599079388352816,0.0247344012523554,0.00440518594276508,"GBLUP"
1,4,"835884",0.0390507851381006,-0.211018080180209,-0.231347295489799,"GBLUP"
1,4,"85331",-0.016524421214821,0.715858859445307,0.695529644135717,"GBLUP"
1,4,"85465",0.41013581993747,0.510061283335797,0.489732068026207,"GBLUP"
1,4,"855168",-1.10036310630655,0.0809333982428257,0.0606041829332355,"GBLUP"
1,4,"85646",1.96339116959193,0.291920630900158,0.271591415590568,"GBLUP"
1,4,"85711",0.512392896573941,0.49814394637027,0.47781473106068,"GBLUP"
1,4,"85888",0.103739217737934,0.759511446730296,0.739182231420706,"GBLUP"
1,4,"87107",0.0043977219740216,0.851465088202194,0.831135872892603,"GBLUP"
1,4,"877657",1.26586695011434,-0.493019200232736,-0.513348415542326,"GBLUP"
1,4,"878573",0.0873126070676752,-0.0515356603483651,-0.0718648756579554,"GBLUP"
1,4,"88809",-0.115605306397947,0.224045354124498,0.203716138814908,"GBLUP"
1,4,"904516",0.578807874271491,0.155706103920383,0.135376888610792,"GBLUP"
1,4,"909641",0.615659839210966,0.385618475467304,0.365289260157714,"GBLUP"
1,4,"909658",-0.170976910734629,-0.000907168919611775,-0.0212363842292021,"GBLUP"
1,4,"96495",1.10011862073352,0.214794758319914,0.194465543010323,"GBLUP"
1,5,"106875",1.61799256516142,0.253299548144249,0.72477288944612,"PBLUP"
1,5,"107052",1.20011164294941,0.153623836070776,0.625097177372647,"PBLUP"
1,5,"107059",1.25938426191725,-0.0669741799216264,0.404499161380244,"PBLUP"
1,5,"1079616",0.712370796925057,0.31933036512632,0.790803706428191,"PBLUP"
1,5,"1290408",-0.336269171599065,-0.0482424186248798,0.423230922676991,"PBLUP"
1,5,"1290414",-0.332376301048552,-0.0482424186248798,0.423230922676991,"PBLUP"
1,5,"1291474",-0.0135518317777139,-0.434594840877986,0.0368785004238849,"PBLUP"
1,5,"1295300",-0.854232700914106,0.10604320124585,0.577516542547721,"PBLUP"
1,5,"1301798",-0.843441794053377,-0.359307817290695,0.112165524011176,"PBLUP"
1,5,"1302304",-0.380581114413579,-0.241515127057169,0.229958214244701,"PBLUP"
1,5,"13569",1.81367039092954,0.499617274705167,0.971090616007038,"PBLUP"
1,5,"13767",1.84236198705811,-0.0677997653164112,0.403673575985459,"PBLUP"
1,5,"143058",0.638056060997389,-0.0941497655975098,0.377323575704361,"PBLUP"
1,5,"143844",-0.075365403908236,0.299251182011342,0.770724523313213,"PBLUP"
1,5,"14431",1.65097609179233,-0.091683241569208,0.379790099732663,"PBLUP"
1,5,"1507236",-1.28624360305319,-0.106028226774334,0.365445114527537,"PBLUP"
1,5,"15292",-1.12723857245025,-0.471473341301871,0,"PBLUP"
1,5,"1542708",-0.319158458154239,0.329294629003171,0.800767970305042,"PBLUP"
1,5,"1563726",1.47973050797303,0.229335497858918,0.700808839160788,"PBLUP"
1,5,"1586793",2.08261236622153,-0.0787199896967306,0.39275335160514,"PBLUP"
1,5,"16262",2.59396290204909,-0.0100903836169472,0.461382957684923,"PBLUP"
1,5,"1642335",-0.334257583678611,-0.0663289779624684,0.405144363339402,"PBLUP"
1,5,"168945",0.926380948235444,0.157171100764446,0.628644442066317,"PBLUP"
1,5,"1790751",0.0698516981549165,0.250277776225709,0.721751117527579,"PBLUP"
1,5,"1812547",0.2621904508567,0.253989857998637,0.725463199300507,"PBLUP"
1,5,"1816173",-0.0502409151041959,0.305234826403782,0.776708167705653,"PBLUP"
1,5,"1817540",0.0796490271763938,0.207160276773586,0.678633618075457,"PBLUP"
1,5,"1987795",0.0771325062556649,-0.104813544625623,0.366659796676248,"PBLUP"
1,5,"2167",0.341815127367912,-0.0614897179357716,0.409983623366099,"PBLUP"
1,5,"218794",0.156537292589339,0.0427198520691229,0.514193193370993,"PBLUP"
1,5,"2448313",0.167621386353455,0.254498214853673,0.725971556155543,"PBLUP"
1,5,"2448314",0.700333845724937,0.218342710478437,0.689816051780307,"PBLUP"
1,5,"2448315",0.0113283346068357,0.218342710478437,0.689816051780307,"PBLUP"
1,5,"2450184",-1.89225278827114,0.00262165232410383,0.474094993625974,"PBLUP"
1,5,"2484301",-2.02592158397315,-0.408269067894926,0.0632042734069446,"PBLUP"
1,5,"2485148",-1.82192050778113,-0.355284519775253,0.116188821526617,"PBLUP"
1,5,"2586622",-0.103641651923674,-0.0780201881620242,0.393453153139846,"PBLUP"
1,5,"2588632",-0.466631470557333,-0.108313040660133,0.363160300641737,"PBLUP"
1,5,"294745",0.374236712434001,-0.80586190665064,-0.33438856534877,"PBLUP"
1,5,"320849",-0.682832379562464,-0.471473341301871,0,"PBLUP"
1,5,"321487",0.590209587180944,-0.00710144001034169,0.464371901291529,"PBLUP"
1,5,"321822",0.861635507071064,-0.228010135556175,0.243463205745696,"PBLUP"
1,5,"321833",1.02641469085457,0.249050015695532,0.720523356997403,"PBLUP"
1,5,"326413",0.516912861334475,0.291324664041419,0.762798005343289,"PBLUP"
1,5,"342202",0.333019520266336,-0.144465216603301,0.32700812469857,"PBLUP"
1,5,"342218",0.0830206765653325,0.0826521433037545,0.554125484605625,"PBLUP"
1,5,"342231",0.642486440870774,0.338280798317871,0.809754139619741,"PBLUP"
1,5,"342325",0.252409409996521,0.104213659290973,0.575687000592844,"PBLUP"
1,5,"342336",0.561314389036135,0.0128219522861421,0.484295293588013,"PBLUP"
1,5,"342374",1.075702666946,0.253497768538182,0.724971109840053,"PBLUP"
1,5,"343215",0.475402482263425,0.147659166191834,0.619132507493704,"PBLUP"
1,5,"358856",1.40401499017363,0.144230416578016,0.615703757879887,"PBLUP"
1,5,"369679",0.824579940115349,0.0973144716985137,0.568787813000384,"PBLUP"
1,5,"376790",-1.0649282114001,-0.106319430761204,0.365153910540667,"PBLUP"
1,5,"377191",0.812233513850544,0.245368594873876,0.716841936175746,"PBLUP"
1,5,"377246",1.11277452206301,0.249050015695532,0.720523356997403,"PBLUP"
1,5,"3827771",-1.56944586356264,-0.204150758551654,0.267322582750217,"PBLUP"
1,5,"3830083",-1.82117939644201,-1.50101675458419,-1.02954341328232,"PBLUP"
1,5,"3830114",-1.8422725653245,-0.201264926017616,0.270208415284254,"PBLUP"
1,5,"3830130",-1.50911451411035,-0.0465155120932071,0.424957829208663,"PBLUP"
1,5,"3831054",-0.0613168647876624,-0.0585736384001381,0.412899702901733,"PBLUP"
1,5,"3854950",-2.32277332365134,-0.74244912642179,-0.270975785119919,"PBLUP"
1,5,"3855646",-1.60297504359708,-0.166653671688826,0.304819669613045,"PBLUP"
1,5,"3855675",-1.66940630945593,-0.162125715418617,0.309347625883253,"PBLUP"
1,5,"390845",0.463976337112026,-0.471473341301871,0,"PBLUP"
1,5,"393017",-0.57501289584231,0.00432763178397044,0.475800973085841,"PBLUP"
1,5,"4057155",-1.02510365702352,-0.344502428154808,0.126970913147062,"PBLUP"
1,5,"4069854",-0.902396793875885,-0.204796933321497,0.266676407980374,"PBLUP"
1,5,"41263",0.565606319538478,-0.143223023912496,0.328250317389375,"PBLUP"
1,5,"41418",0.12124899113459,0.109158973506521,0.580632314808392,"PBLUP"
1,5,"41484",0.282216745174085,0.184839238867901,0.656312580169771,"PBLUP"
1,5,"41660",-1.27526538233752,0.189559083620436,0.661032424922307,"PBLUP"
1,5,"41686",0.409679751421092,0.380365253726569,0.851838595028439,"PBLUP"
1,5,"41800",0.686040984184875,0.00119375469855265,0.472667096000423,"PBLUP"
1,5,"419150",-0.1259401447423,-0.137112696131378,0.334360645170493,"PBLUP"
1,5,"419380",0.939240451581174,-0.118328536775714,0.353144804526157,"PBLUP"
1,5,"41948",0.5807135891435,0.404769446324924,0.876242787626795,"PBLUP"
1,5,"420125",0.301453063668456,0.479233008428367,0.950706349730237,"PBLUP"
1,5,"42076",0.0253850178080586,-0.0576147449434319,0.413858596358439,"PBLUP"
1,5,"421064",0.142985542388393,0.343713439901097,0.815186781202968,"PBLUP"
1,5,"421337",0.918302020231034,0.215803404846405,0.687276746148275,"PBLUP"
1,5,"421340",1.00852214566739,0.215803404846405,0.687276746148275,"PBLUP"
1,5,"421442",0.84616989791746,0.233568165491424,0.705041506793295,"PBLUP"
1,5,"42174",-0.365522709292455,0.23719561435243,0.7086689556543,"PBLUP"
1,5,"422005",0.127161593686205,0.0573506124010356,0.528823953702906,"PBLUP"
1,5,"422181",1.75413716138091,0.211712538414164,0.683185879716035,"PBLUP"
1,5,"42274",0.449406576829877,0.234831938567695,0.706305279869565,"PBLUP"
1,5,"423143",-1.25577659734301,-0.216110577340705,0.255362763961166,"PBLUP"
1,5,"424673",1.15622319232867,0.555359062498593,1.02683240380046,"PBLUP"
1,5,"424689",1.4606977914949,0.555359062498593,1.02683240380046,"PBLUP"
1,5,"427520",-0.0624000275140612,0.102391041055399,0.57386438235727,"PBLUP"
1,5,"427918",-0.258297743459721,-0.347164794498571,0.124308546803299,"PBLUP"
1,5,"428988",0.0947807290233647,0.338531823646677,0.810005164948547,"PBLUP"
1,5,"430174",0.174861474050957,0.183057322655028,0.654530663956898,"PBLUP"
1,5,"430433",0.211509836974191,0.0992882752342054,0.570761616536076,"PBLUP"
1,5,"455538",0.893796481556365,0.209489431319874,0.680962772621744,"PBLUP"
1,5,"460689",0.966873317225293,0.00411002242914282,0.475583363731013,"PBLUP"
1,5,"460960",-0.381265217188148,-0.18348818352551,0.287985157776361,"PBLUP"
1,5,"536162",0.398147733221247,0.288311405032824,0.759784746334695,"PBLUP"
1,5,"609368",1.70775662208139,0.374213336935472,0.845686678237343,"PBLUP"
1,5,"62256",0.502253516165182,0.20631294697186,0.677786288273731,"PBLUP"
1,5,"625454",0.42732797418879,0.199218069658459,0.670691410960329,"PBLUP"
1,5,"62576",1.23914622150297,-0.0409780466859549,0.430495294615916,"PBLUP"
1,5,"6387",-1.05082266371498,-0.250628859135744,0.220844482166127,"PBLUP"
1,5,"64869",0.525871350049044,0.176840018170227,0.648313359472097,"PBLUP"
1,5,"65315",0.873330406883901,0.0990612678609608,0.570534609162831,"PBLUP"
1,5,"669426",1.50597887990672,-0.0814109370260829,0.390062404275788,"PBLUP"
1,5,"70761",-0.135403566457144,-0.15105341765561,0.320419923646261,"PBLUP"
1,5,"77205",-1.57563536485635,0.0631391281628879,0.534612469464758,"PBLUP"
1,5,"784135",-0.0531727841380565,0.272005567379891,0.743478908681761,"PBLUP"
1,5,"85244",0.907828732515639,0.333452547296229,0.804925888598099,"PBLUP"
1,5,"85599",0.529967822615795,-0.125026922175778,0.346446419126093,"PBLUP"
1,5,"85685",1.71138073797047,-0.642863032256369,-0.171389690954499,"PBLUP"
1,5,"85786",1.44805003424606,-0.106745869306244,0.364727471995627,"PBLUP"
1,5,"85899",0.852628153872598,0.0184154370086242,0.489888778310495,"PBLUP"
1,5,"86783",-1.08113493189282,-0.104813544625623,0.366659796676248,"PBLUP"
1,5,"89242",-0.470361459494854,-0.229001505716843,0.242471835585028,"PBLUP"
1,5,"900613",0.745851112475593,-0.0536802255909663,0.417793115710904,"PBLUP"
1,5,"96638",2.39853754278111,0.189007879851436,0.660481221153306,"PBLUP"
1,5,"106875",1.61799256516142,0.196911344805973,0.243720674597828,"GBLUP"
1,5,"107052",1.20011164294941,-0.0220028589416616,0.0248064708501933,"GBLUP"
1,5,"107059",1.25938426191725,0.166534716789288,0.213344046581142,"GBLUP"
1,5,"1079616",0.712370796925057,-0.0571200039076202,-0.0103106741157653,"GBLUP"
1,5,"1290408",-0.336269171599065,-0.412959530985575,-0.36615020119372,"GBLUP"
1,5,"1290414",-0.332376301048552,-0.675878162174232,-0.629068832382377,"GBLUP"
1,5,"1291474",-0.0135518317777139,-0.381609447514054,-0.334800117722199,"GBLUP"
1,5,"1295300",-0.854232700914106,-0.981777330044691,-0.934968000252836,"GBLUP"
1,5,"1301798",-0.843441794053377,-0.173571786371241,-0.126762456579386,"GBLUP"
1,5,"1302304",-0.380581114413579,-0.424070445451667,-0.377261115659812,"GBLUP"
1,5,"13569",1.81367039092954,0.327052100686167,0.373861430478022,"GBLUP"
1,5,"13767",1.84236198705811,-0.133884719521128,-0.0870753897292736,"GBLUP"
1,5,"143058",0.638056060997389,-0.195248547106372,-0.148439217314517,"GBLUP"
1,5,"143844",-0.075365403908236,0.411478493776515,0.45828782356837,"GBLUP"
1,5,"14431",1.65097609179233,-0.00844301189464451,0.0383663178972104,"GBLUP"
1,5,"1507236",-1.28624360305319,-0.553628928528898,-0.506819598737043,"GBLUP"
1,5,"15292",-1.12723857245025,-0.365219554044955,-0.3184102242531,"GBLUP"
1,5,"1542708",-0.319158458154239,0.521889873134955,0.56869920292681,"GBLUP"
1,5,"1563726",1.47973050797303,0.21794315184469,0.264752481636545,"GBLUP"
1,5,"1586793",2.08261236622153,-0.128160141576165,-0.0813508117843097,"GBLUP"
1,5,"16262",2.59396290204909,-0.0531004009784194,-0.00629107118656453,"GBLUP"
1,5,"1642335",-0.334257583678611,-0.508825421298574,-0.462016091506719,"GBLUP"
1,5,"168945",0.926380948235444,0.600872498442066,0.647681828233921,"GBLUP"
1,5,"1790751",0.0698516981549165,0.302239510317948,0.349048840109803,"GBLUP"
1,5,"1812547",0.2621904508567,-0.0613209812455894,-0.0145116514537345,"GBLUP"
1,5,"1816173",-0.0502409151041959,0.318861210964549,0.365670540756404,"GBLUP"
1,5,"1817540",0.0796490271763938,0.283845673367277,0.330655003159132,"GBLUP"
1,5,"1987795",0.0771325062556649,-0.505605553695126,-0.458796223903271,"GBLUP"
1,5,"2167",0.341815127367912,-0.301545351431696,-0.254736021639841,"GBLUP"
1,5,"218794",0.156537292589339,0.148851685588859,0.195661015380714,"GBLUP"
1,5,"2448313",0.167621386353455,0.183277723175454,0.230087052967309,"GBLUP"
1,5,"2448314",0.700333845724937,0.103837525782128,0.150646855573983,"GBLUP"
1,5,"2448315",0.0113283346068357,0.140680890914246,0.187490220706101,"GBLUP"
1,5,"2450184",-1.89225278827114,-0.592447376765151,-0.545638046973296,"GBLUP"
1,5,"2484301",-2.02592158397315,0.0339837647490492,0.0807930945409041,"GBLUP"
1,5,"2485148",-1.82192050778113,-0.567676017850574,-0.520866688058719,"GBLUP"
1,5,"2586622",-0.103641651923674,0.11152138390553,0.158330713697385,"GBLUP"
1,5,"2588632",-0.466631470557333,-0.122175193198237,-0.0753658634063822,"GBLUP"
1,5,"294745",0.374236712434001,0.190095566736981,0.236904896528836,"GBLUP"
1,5,"320849",-0.682832379562464,-0.0773593266794713,-0.0305499968876164,"GBLUP"
1,5,"321487",0.590209587180944,0.0760645129439251,0.12287384273578,"GBLUP"
1,5,"321822",0.861635507071064,0.447814221820184,0.494623551612039,"GBLUP"
1,5,"321833",1.02641469085457,0.303464777425571,0.350274107217426,"GBLUP"
1,5,"326413",0.516912861334475,0.246359205367321,0.293168535159176,"GBLUP"
1,5,"342202",0.333019520266336,-0.210914574729536,-0.164105244937681,"GBLUP"
1,5,"342218",0.0830206765653325,-0.302703418655106,-0.255894088863251,"GBLUP"
1,5,"342231",0.642486440870774,0.234822407503076,0.28163173729493,"GBLUP"
1,5,"342325",0.252409409996521,0.132751516399431,0.179560846191286,"GBLUP"
1,5,"342336",0.561314389036135,-0.222232920077483,-0.175423590285628,"GBLUP"
1,5,"342374",1.075702666946,0.0806276606223678,0.127436990414223,"GBLUP"
1,5,"343215",0.475402482263425,-0.368074156359917,-0.321264826568062,"GBLUP"
1,5,"358856",1.40401499017363,0.356054891742288,0.402864221534142,"GBLUP"
1,5,"369679",0.824579940115349,0.358125165635532,0.404934495427387,"GBLUP"
1,5,"376790",-1.0649282114001,-0.00112705221223093,0.045682277579624,"GBLUP"
1,5,"377191",0.812233513850544,0.290384473115094,0.337193802906949,"GBLUP"
1,5,"377246",1.11277452206301,0.549786078478223,0.596595408270078,"GBLUP"
1,5,"3827771",-1.56944586356264,-0.660174527185035,-0.61336519739318,"GBLUP"
1,5,"3830083",-1.82117939644201,-1.1856575597117,-1.13884822991985,"GBLUP"
1,5,"3830114",-1.8422725653245,-0.502861444527577,-0.456052114735722,"GBLUP"
1,5,"3830130",-1.50911451411035,-1.12608091903119,-1.07927158923934,"GBLUP"
1,5,"3831054",-0.0613168647876624,-0.0263445380299843,0.0204647917618706,"GBLUP"
1,5,"3854950",-2.32277332365134,-1.83745781081119,-1.79064848101934,"GBLUP"
1,5,"3855646",-1.60297504359708,-1.19083174893127,-1.14402241913941,"GBLUP"
1,5,"3855675",-1.66940630945593,-1.21626925196833,-1.16945992217647,"GBLUP"
1,5,"390845",0.463976337112026,0.278996476922853,0.325805806714708,"GBLUP"
1,5,"393017",-0.57501289584231,0.105498213792164,0.152307543584019,"GBLUP"
1,5,"4057155",-1.02510365702352,-0.247895234244783,-0.201085904452928,"GBLUP"
1,5,"4069854",-0.902396793875885,-0.786436066419956,-0.739626736628101,"GBLUP"
1,5,"41263",0.565606319538478,0.373776492444241,0.420585822236096,"GBLUP"
1,5,"41418",0.12124899113459,0.0965109577510705,0.143320287542925,"GBLUP"
1,5,"41484",0.282216745174085,-0.479909408574446,-0.433100078782591,"GBLUP"
1,5,"41660",-1.27526538233752,-0.292287771029671,-0.245478441237816,"GBLUP"
1,5,"41686",0.409679751421092,0.185004513464841,0.231813843256696,"GBLUP"
1,5,"41800",0.686040984184875,-0.0782622046874523,-0.0314528748955974,"GBLUP"
1,5,"419150",-0.1259401447423,0.271296610896996,0.31810594068885,"GBLUP"
1,5,"419380",0.939240451581174,0.727503669952116,0.774312999743971,"GBLUP"
1,5,"41948",0.5807135891435,0.451713454541862,0.498522784333716,"GBLUP"
1,5,"420125",0.301453063668456,0.307113685807433,0.353923015599288,"GBLUP"
1,5,"42076",0.0253850178080586,0.307933944058658,0.354743273850513,"GBLUP"
1,5,"421064",0.142985542388393,0.00653814397392392,0.0533474737657788,"GBLUP"
1,5,"421337",0.918302020231034,-0.12718879917111,-0.0803794693792553,"GBLUP"
1,5,"421340",1.00852214566739,-0.136453379112344,-0.0896440493204892,"GBLUP"
1,5,"421442",0.84616989791746,0.665171192016874,0.711980521808729,"GBLUP"
1,5,"42174",-0.365522709292455,0.619856064599504,0.666665394391359,"GBLUP"
1,5,"422005",0.127161593686205,0.0753616957651956,0.12217102555705,"GBLUP"
1,5,"422181",1.75413716138091,-0.454315921920579,-0.407506592128724,"GBLUP"
1,5,"42274",0.449406576829877,-0.600448584623567,-0.553639254831712,"GBLUP"
1,5,"423143",-1.25577659734301,-0.472778153014984,-0.425968823223129,"GBLUP"
1,5,"424673",1.15622319232867,0.50285984535726,0.549669175149115,"GBLUP"
1,5,"424689",1.4606977914949,0.305579687556404,0.352389017348259,"GBLUP"
1,5,"427520",-0.0624000275140612,0.495542112026638,0.542351441818493,"GBLUP"
1,5,"427918",-0.258297743459721,0.00761071718138868,0.0544200469732436,"GBLUP"
1,5,"428988",0.0947807290233647,0.832997689474337,0.879807019266192,"GBLUP"
1,5,"430174",0.174861474050957,0.0807728680046592,0.127582197796514,"GBLUP"
1,5,"430433",0.211509836974191,-0.334051266664119,-0.287241936872264,"GBLUP"
1,5,"455538",0.893796481556365,0.0890539085987092,0.135863238390564,"GBLUP"
1,5,"460689",0.966873317225293,0.217240134934251,0.264049464726106,"GBLUP"
1,5,"460960",-0.381265217188148,-0.976706951098921,-0.929897621307066,"GBLUP"
1,5,"536162",0.398147733221247,0.205736884352064,0.252546214143919,"GBLUP"
1,5,"609368",1.70775662208139,0.422175214436841,0.468984544228696,"GBLUP"
1,5,"62256",0.502253516165182,0.249483498597704,0.296292828389559,"GBLUP"
1,5,"625454",0.42732797418879,0.00815950776397131,0.0549688375558262,"GBLUP"
1,5,"62576",1.23914622150297,0.444378598277824,0.491187928069679,"GBLUP"
1,5,"6387",-1.05082266371498,0.0303577644975936,0.0771670942894485,"GBLUP"
1,5,"64869",0.525871350049044,0.223528735981404,0.270338065773259,"GBLUP"
1,5,"65315",0.873330406883901,0.0487451880992716,0.0955545178911265,"GBLUP"
1,5,"669426",1.50597887990672,-0.222185044419893,-0.175375714628038,"GBLUP"
1,5,"70761",-0.135403566457144,0.258027791753709,0.304837121545564,"GBLUP"
1,5,"77205",-1.57563536485635,0.238430587353642,0.285239917145497,"GBLUP"
1,5,"784135",-0.0531727841380565,1.05037389471895,1.0971832245108,"GBLUP"
1,5,"85244",0.907828732515639,0.139259710778341,0.186069040570196,"GBLUP"
1,5,"85599",0.529967822615795,-0.101550645455952,-0.0547413156640967,"GBLUP"
1,5,"85685",1.71138073797047,0.164511143523701,0.211320473315556,"GBLUP"
1,5,"85786",1.44805003424606,-0.116517609781042,-0.0697082799891869,"GBLUP"
1,5,"85899",0.852628153872598,0.0299026885682381,0.076712018360093,"GBLUP"
1,5,"86783",-1.08113493189282,-0.811504005433871,-0.764694675642016,"GBLUP"
1,5,"89242",-0.470361459494854,-0.209976187014492,-0.163166857222638,"GBLUP"
1,5,"900613",0.745851112475593,0.575952475289583,0.622761805081438,"GBLUP"
1,5,"96638",2.39853754278111,0.117353002222649,0.164162332014504,"GBLUP"
2,1,"1047493",0.654661841441938,0.17719352467688,0.65696707705505,"PBLUP"
2,1,"1066279",-0.0723113736646331,0.338287981971378,0.818061534349549,"PBLUP"
2,1,"107131",0.186100305347415,-0.47977355237817,0,"PBLUP"
2,1,"1093268",0.393733641509161,-0.182717981312565,0.297055571065605,"PBLUP"
2,1,"1101307",0.849134343273915,0.25981698360551,0.739590535983681,"PBLUP"
2,1,"1290408",-0.336269171599065,-0.131085191297792,0.348688361080379,"PBLUP"
2,1,"1291474",-0.0135518317777139,-0.436414597237742,0.0433589551404286,"PBLUP"
2,1,"1298199",-1.01373452043667,-0.096127054691205,0.383646497686965,"PBLUP"
2,1,"1301796",-0.598541144839027,-0.348489215622622,0.131284336755548,"PBLUP"
2,1,"1301936",-1.04376988987242,-0.405038373145862,0.0747351792323087,"PBLUP"
2,1,"1302304",-0.380581114413579,-0.192081830912266,0.287691721465904,"PBLUP"
2,1,"13396",0.797614889084498,-0.354435827228493,0.125337725149677,"PBLUP"
2,1,"13728",0.950023214361255,0.181360052028948,0.661133604407118,"PBLUP"
2,1,"13954",0.665868096415797,-0.226536109614092,0.253237442764078,"PBLUP"
2,1,"143067",0.584313272790627,0.330795355112593,0.810568907490763,"PBLUP"
2,1,"143808",0.0375359861372731,0.28997964874069,0.76975320111886,"PBLUP"
2,1,"1439621",-0.00867352746859992,-0.0178240992399318,0.461949453138239,"PBLUP"
2,1,"14431",1.65097609179233,-0.096602995243844,0.383170557134326,"PBLUP"
2,1,"1504972",0.381517520534749,-0.0308347972662893,0.448938755111881,"PBLUP"
2,1,"1507236",-1.28624360305319,-0.101017184321427,0.378756368056743,"PBLUP"
2,1,"15200",-0.401527689844371,-0.166001871615232,0.313771680762938,"PBLUP"
2,1,"1542708",-0.319158458154239,0.327689554715199,0.80746310709337,"PBLUP"
2,1,"1637620",0.296908666665976,-0.290171573349089,0.189601979029081,"PBLUP"
2,1,"1651705",-0.265073618560194,0.0393042377888069,0.519077790166977,"PBLUP"
2,1,"1672866",-0.491755959361372,-0.452391949753051,0.0273816026251192,"PBLUP"
2,1,"1831374",0.414558055730206,-0.47977355237817,0,"PBLUP"
2,1,"1838323",-1.76676064954134,0.199633075364215,0.679406627742385,"PBLUP"
2,1,"19630",-0.519046773618208,0.020197355033288,0.499970907411458,"PBLUP"
2,1,"1982528",-0.731957474040898,-0.386988772398438,0.0927847799797322,"PBLUP"
2,1,"2031157",0.728031864014252,-0.218896192668727,0.260877359709443,"PBLUP"
2,1,"20585",-1.30511343791833,0.0160763979091273,0.495849950287298,"PBLUP"
2,1,"2099196",1.6878769212157,-0.153243031318088,0.326530521060082,"PBLUP"
2,1,"214589",0.623722479054078,0.375528881299348,0.855302433677518,"PBLUP"
2,1,"2163607",0.440545817083104,-0.110817130876824,0.368956421501346,"PBLUP"
2,1,"217451",-0.997039155104975,-0.0249141677791314,0.454859384599039,"PBLUP"
2,1,"217748",0.578498399206806,0.253468808183373,0.733242360561543,"PBLUP"
2,1,"218794",0.156537292589339,-0.0132790670880318,0.466494485290139,"PBLUP"
2,1,"2465",0.785439488513336,0.141910930310833,0.621684482689004,"PBLUP"
2,1,"2485913",-2.15730189301262,-1.40289382394429,-0.923120271566117,"PBLUP"
2,1,"2487807",-2.07697682556554,-0.85361840978264,-0.373844857404469,"PBLUP"
2,1,"294724",0.965651705127852,0.16854606367684,0.64831961605501,"PBLUP"
2,1,"294818",0.514005424542565,-0.049460948991985,0.430312603386185,"PBLUP"
2,1,"295091",0.609291168142973,0.208585304103916,0.688358856482086,"PBLUP"
2,1,"295146",1.00396960458425,0.162078830121522,0.641852382499692,"PBLUP"
2,1,"295191",0.107982283756379,0.072638989815,0.55241254219317,"PBLUP"
2,1,"295296",0.80610916520204,-0.47977355237817,0,"PBLUP"
2,1,"31089",-1.40101813164811,-0.47977355237817,0,"PBLUP"
2,1,"321397",0.364545256460967,0.373772222186424,0.853545774564595,"PBLUP"
2,1,"321487",0.590209587180944,0.0537445843341217,0.533518136712292,"PBLUP"
2,1,"321833",1.02641469085457,0.408774654493913,0.888548206872083,"PBLUP"
2,1,"323172",1.15157292227774,0.172183835620521,0.651957387998692,"PBLUP"
2,1,"326413",0.516912861334475,0.237055364011395,0.716828916389565,"PBLUP"
2,1,"342294",0.689583659267455,0.686937267917573,1.16671082029574,"PBLUP"
2,1,"345434",2.52690454198022,0.314949352130684,0.794722904508855,"PBLUP"
2,1,"353782",-0.467209700283455,-0.182717981312565,0.297055571065605,"PBLUP"
2,1,"355408",0.759125963934455,0.491186420904298,0.970959973282469,"PBLUP"
2,1,"355411",0.893902354604809,0.278564027251559,0.758337579629729,"PBLUP"
2,1,"3578390",-1.48235306509574,0.0537530985684049,0.533526650946575,"PBLUP"
2,1,"358060",-0.459033043311249,0.285149957972091,0.764923510350261,"PBLUP"
2,1,"369670",0.105807814222934,-0.0909414393324801,0.38883211304569,"PBLUP"
2,1,"369679",0.824579940115349,0.0912412493992611,0.571014801777431,"PBLUP"
2,1,"3826178",-1.22189722184064,-0.513237131443305,-0.0334635790651349,"PBLUP"
2,1,"3830034",-2.00663640099488,-0.00228897017339574,0.477484582204775,"PBLUP"
2,1,"3830109",-2.41866172921982,-0.0819800295230597,0.397793522855111,"PBLUP"
2,1,"3830130",-1.50911451411035,-0.066931865686095,0.412841686692075,"PBLUP"
2,1,"3830167",-1.78563862848713,-0.281573191369332,0.198200361008838,"PBLUP"
2,1,"3831054",-0.0613168647876624,-0.0773087820029688,0.402464770375202,"PBLUP"
2,1,"3848142",-1.64571517884622,-0.81025458697843,-0.33048103460026,"PBLUP"
2,1,"3855110",-1.74344414664151,-0.335645066131984,0.144128486246186,"PBLUP"
2,1,"3864287",-2.26872920446055,0.000718139085124914,0.480491691463295,"PBLUP"
2,1,"3868700",-2.00590343373641,-0.269120230428118,0.210653321950052,"PBLUP"
2,1,"3868812",-2.13250316743456,0.182586807476532,0.662360359854702,"PBLUP"
2,1,"392884",0.568171704943104,-0.143302892433764,0.336470659944406,"PBLUP"
2,1,"393017",-0.57501289584231,0.0121665619663947,0.491940114344565,"PBLUP"
2,1,"4057155",-1.02510365702352,-0.117093457807695,0.362680094570476,"PBLUP"
2,1,"4059227",-0.490371465650939,-0.161885295398535,0.317888256979635,"PBLUP"
2,1,"4062993",-1.24850393332291,-0.117093457807695,0.362680094570476,"PBLUP"
2,1,"412956",0.406967772564773,-0.0859201582954822,0.393853394082688,"PBLUP"
2,1,"413317",-0.769851881303522,-0.0684051442607722,0.411368408117398,"PBLUP"
2,1,"414940",1.19555095778562,-0.047582646664017,0.432190905714153,"PBLUP"
2,1,"416396",2.27981313507113,0.679400858192013,1.15917441057018,"PBLUP"
2,1,"41709",0.00451173910311468,0.215260714761407,0.695034267139577,"PBLUP"
2,1,"41804",-0.456435081584024,-0.138653966901563,0.341119585476607,"PBLUP"
2,1,"418273",-0.9041722034575,-0.139478187065821,0.340295365312349,"PBLUP"
2,1,"420071",1.23562797866234,0.13814546929784,0.61791902167601,"PBLUP"
2,1,"42083",0.309238804769481,0.027808276258028,0.507581828636198,"PBLUP"
2,1,"421018",0.561705304907316,0.441380730537403,0.921154282915574,"PBLUP"
2,1,"421340",1.00852214566739,0.31524533607418,0.79501888845235,"PBLUP"
2,1,"422983",0.411675051180245,0.0719102184432532,0.551683770821424,"PBLUP"
2,1,"424673",1.15622319232867,0.368456433265033,0.848229985643204,"PBLUP"
2,1,"424689",1.4606977914949,0.368456433265033,0.848229985643204,"PBLUP"
2,1,"424702",0.939248595661824,0.321597002427842,0.801370554806012,"PBLUP"
2,1,"430048",-0.567732087741562,0.0884197315170992,0.56819328389527,"PBLUP"
2,1,"438163",0.788835570144222,-0.0499708970065443,0.429802655371626,"PBLUP"
2,1,"447647",0.81275473501212,0.323080734929256,0.802854287307426,"PBLUP"
2,1,"455538",0.893796481556365,0.215084601726938,0.694858154105109,"PBLUP"
2,1,"460693",-0.0645744970475065,0.444697238147123,0.924470790525293,"PBLUP"
2,1,"464211",0.902209316867409,-0.144298411777922,0.335475140600249,"PBLUP"
2,1,"60900",0.257466884079927,-0.170745446766705,0.309028105611465,"PBLUP"
2,1,"609448",1.15351121347235,0.47828573939491,0.958059291773081,"PBLUP"
2,1,"62150",1.12297091103632,0.291388162803284,0.771161715181454,"PBLUP"
2,1,"62526",0.824197168324818,-0.518169783366407,-0.0383962309882364,"PBLUP"
2,1,"62603",0.702777069919819,-0.0672577272114762,0.412515825166694,"PBLUP"
2,1,"62627",0.560687294826115,-0.0154084103728538,0.464365142005317,"PBLUP"
2,1,"6387",-1.05082266371498,-0.12206354783265,0.35771000454552,"PBLUP"
2,1,"64869",0.525871350049044,0.272785499794284,0.752559052172455,"PBLUP"
2,1,"65315",0.873330406883901,0.258416864289281,0.738190416667451,"PBLUP"
2,1,"67055",-0.934574056522484,0.104158559014778,0.583932111392949,"PBLUP"
2,1,"673831",0.29330898301885,-0.250528744020876,0.229244808357295,"PBLUP"
2,1,"68460",1.04727168139822,0.372105998623023,0.851879551001193,"PBLUP"
2,1,"77310",-0.0753409716662881,-0.414832054217944,0.0649414981602267,"PBLUP"
2,1,"80662",0.145094859276641,-0.137030709972772,0.342742842405399,"PBLUP"
2,1,"855587",-0.0389206430012417,0.240498586587567,0.720272138965737,"PBLUP"
2,1,"85587",0.475850406699153,-0.295047289141942,0.184726263236228,"PBLUP"
2,1,"85599",0.529967822615795,-0.28011800935805,0.19965554302012,"PBLUP"
2,1,"85646",1.96339116959193,0.479682003869098,0.959455556247268,"PBLUP"
2,1,"86230",0.268111197488963,0.317397508106433,0.797171060484603,"PBLUP"
2,1,"86954",-0.571950721518058,0.306810082150512,0.786583634528682,"PBLUP"
2,1,"96495",1.10011862073352,0.0156684078986087,0.495441960276779,"PBLUP"
2,1,"96638",2.39853754278111,0.258194116416995,0.737967668795165,"PBLUP"
2,1,"1047493",0.654661841441938,-0.0189268341393447,0.00365468747097495,"GBLUP"
2,1,"1066279",-0.0723113736646331,0.252498716959985,0.275080238570305,"GBLUP"
2,1,"107131",0.186100305347415,-0.500151287340354,-0.477569765730035,"GBLUP"
2,1,"1093268",0.393733641509161,0.312242706210722,0.334824227821041,"GBLUP"
2,1,"1101307",0.849134343273915,0.132184745278364,0.154766266888684,"GBLUP"
2,1,"1290408",-0.336269171599065,-0.234048283095046,-0.211466761484727,"GBLUP"
2,1,"1291474",-0.0135518317777139,-0.457912147960132,-0.435330626349813,"GBLUP"
2,1,"1298199",-1.01373452043667,-0.074506960179093,-0.0519254385687734,"GBLUP"
2,1,"1301796",-0.598541144839027,-0.247339604695919,-0.224758083085599,"GBLUP"
2,1,"1301936",-1.04376988987242,-0.651734121398517,-0.629152599788197,"GBLUP"
2,1,"1302304",-0.380581114413579,-0.391013831877434,-0.368432310267114,"GBLUP"
2,1,"13396",0.797614889084498,-0.255097418869912,-0.232515897259592,"GBLUP"
2,1,"13728",0.950023214361255,0.429332646875811,0.451914168486131,"GBLUP"
2,1,"13954",0.665868096415797,0.286822056250155,0.309403577860475,"GBLUP"
2,1,"143067",0.584313272790627,0.177784112850166,0.200365634460485,"GBLUP"
2,1,"143808",0.0375359861372731,-0.216058648298351,-0.193477126688032,"GBLUP"
2,1,"1439621",-0.00867352746859992,-0.795589485974628,-0.773007964364308,"GBLUP"
2,1,"14431",1.65097609179233,0.369686532807205,0.392268054417525,"GBLUP"
2,1,"1504972",0.381517520534749,0.194365443867798,0.216946965478118,"GBLUP"
2,1,"1507236",-1.28624360305319,-0.497482340410728,-0.474900818800408,"GBLUP"
2,1,"15200",-0.401527689844371,-0.372130991028055,-0.349549469417735,"GBLUP"
2,1,"1542708",-0.319158458154239,0.639329651864286,0.661911173474605,"GBLUP"
2,1,"1637620",0.296908666665976,-0.346635331911838,-0.324053810301518,"GBLUP"
2,1,"1651705",-0.265073618560194,-0.611093073492864,-0.588511551882544,"GBLUP"
2,1,"1672866",-0.491755959361372,-0.939628022982656,-0.917046501372336,"GBLUP"
2,1,"1831374",0.414558055730206,0.0882316374504618,0.110813159060781,"GBLUP"
2,1,"1838323",-1.76676064954134,-0.798901002077101,-0.776319480466782,"GBLUP"
2,1,"19630",-0.519046773618208,0.00270671748063442,0.0252882390909541,"GBLUP"
2,1,"1982528",-0.731957474040898,-0.783904109664006,-0.761322588053686,"GBLUP"
2,1,"2031157",0.728031864014252,-0.3574926584153,-0.33491113680498,"GBLUP"
2,1,"20585",-1.30511343791833,0.0186792372559777,0.0412607588662974,"GBLUP"
2,1,"2099196",1.6878769212157,0.168789605207893,0.191371126818213,"GBLUP"
2,1,"214589",0.623722479054078,0.329817190562207,0.352398712172527,"GBLUP"
2,1,"2163607",0.440545817083104,0.141695526630574,0.164277048240893,"GBLUP"
2,1,"217451",-0.997039155104975,0.0118065670342758,0.0343880886445955,"GBLUP"
2,1,"217748",0.578498399206806,-0.0311783074819036,-0.00859678587158394,"GBLUP"
2,1,"218794",0.156537292589339,0.382326198649468,0.404907720259787,"GBLUP"
2,1,"2465",0.785439488513336,0.369021218495898,0.391602740106218,"GBLUP"
2,1,"2485913",-2.15730189301262,-1.19144391970713,-1.16886239809681,"GBLUP"
2,1,"2487807",-2.07697682556554,-1.07825367461208,-1.05567215300176,"GBLUP"
2,1,"294724",0.965651705127852,-0.480660475135705,-0.458078953525385,"GBLUP"
2,1,"294818",0.514005424542565,0.159297632364542,0.181879153974861,"GBLUP"
2,1,"295091",0.609291168142973,-0.671785779138329,-0.649204257528009,"GBLUP"
2,1,"295146",1.00396960458425,0.742694968499649,0.765276490109968,"GBLUP"
2,1,"295191",0.107982283756379,0.142734868887927,0.165316390498247,"GBLUP"
2,1,"295296",0.80610916520204,0.289771646136836,0.312353167747156,"GBLUP"
2,1,"31089",-1.40101813164811,-0.865946130156641,-0.843364608546322,"GBLUP"
2,1,"321397",0.364545256460967,0.292782167818345,0.315363689428664,"GBLUP"
2,1,"321487",0.590209587180944,-0.00118730144798133,0.0213942201623383,"GBLUP"
2,1,"321833",1.02641469085457,0.230020973911245,0.252602495521564,"GBLUP"
2,1,"323172",1.15157292227774,-0.162772786988466,-0.140191265378147,"GBLUP"
2,1,"326413",0.516912861334475,0.111154052524969,0.133735574135289,"GBLUP"
2,1,"342294",0.689583659267455,0.200232059370703,0.222813580981023,"GBLUP"
2,1,"345434",2.52690454198022,0.402931510119217,0.425513031729537,"GBLUP"
2,1,"353782",-0.467209700283455,0.000680520934523473,0.0232620425448431,"GBLUP"
2,1,"355408",0.759125963934455,0.235549259159876,0.258130780770195,"GBLUP"
2,1,"355411",0.893902354604809,0.108376844674463,0.130958366284783,"GBLUP"
2,1,"3578390",-1.48235306509574,-0.0521707130052139,-0.0295891913948943,"GBLUP"
2,1,"358060",-0.459033043311249,-0.186428055640821,-0.163846534030501,"GBLUP"
2,1,"369670",0.105807814222934,0.439620336259592,0.462201857869912,"GBLUP"
2,1,"369679",0.824579940115349,0.316898677651615,0.339480199261934,"GBLUP"
2,1,"3826178",-1.22189722184064,-0.471895335737719,-0.4493138141274,"GBLUP"
2,1,"3830034",-2.00663640099488,0.0725130158140168,0.0950945374243364,"GBLUP"
2,1,"3830109",-2.41866172921982,-0.0945277782365525,-0.0719462566262328,"GBLUP"
2,1,"3830130",-1.50911451411035,-1.05339146800195,-1.03080994639163,"GBLUP"
2,1,"3830167",-1.78563862848713,-1.07487021003289,-1.05228868842257,"GBLUP"
2,1,"3831054",-0.0613168647876624,0.0911905878515114,0.113772109461831,"GBLUP"
2,1,"3848142",-1.64571517884622,-1.05168898555072,-1.0291074639404,"GBLUP"
2,1,"3855110",-1.74344414664151,0.360216223799427,0.382797745409746,"GBLUP"
2,1,"3864287",-2.26872920446055,-0.98749330858396,-0.96491178697364,"GBLUP"
2,1,"3868700",-2.00590343373641,-1.0218855637678,-0.999304042157478,"GBLUP"
2,1,"3868812",-2.13250316743456,-0.918661949714389,-0.89608042810407,"GBLUP"
2,1,"392884",0.568171704943104,-0.519238537101764,-0.496657015491444,"GBLUP"
2,1,"393017",-0.57501289584231,0.144944781175944,0.167526302786263,"GBLUP"
2,1,"4057155",-1.02510365702352,-0.025758007882061,-0.00317648627174139,"GBLUP"
2,1,"4059227",-0.490371465650939,-0.241457059168236,-0.218875537557916,"GBLUP"
2,1,"4062993",-1.24850393332291,-0.0387542050133172,-0.0161726834029976,"GBLUP"
2,1,"412956",0.406967772564773,0.191366019475764,0.213947541086084,"GBLUP"
2,1,"413317",-0.769851881303522,0.334084323531838,0.356665845142158,"GBLUP"
2,1,"414940",1.19555095778562,-0.626371357608166,-0.603789835997846,"GBLUP"
2,1,"416396",2.27981313507113,0.266778228899112,0.289359750509432,"GBLUP"
2,1,"41709",0.00451173910311468,0.258233427690575,0.280814949300895,"GBLUP"
2,1,"41804",-0.456435081584024,0.34693889003161,0.369520411641929,"GBLUP"
2,1,"418273",-0.9041722034575,0.141921042790672,0.164502564400991,"GBLUP"
2,1,"420071",1.23562797866234,-0.0816955053585586,-0.0591139837482389,"GBLUP"
2,1,"42083",0.309238804769481,0.366472383305842,0.389053904916162,"GBLUP"
2,1,"421018",0.561705304907316,0.502890648157842,0.525472169768162,"GBLUP"
2,1,"421340",1.00852214566739,0.199731761475403,0.222313283085723,"GBLUP"
2,1,"422983",0.411675051180245,0.103183253230093,0.125764774840413,"GBLUP"
2,1,"424673",1.15622319232867,0.608233150734827,0.630814672345147,"GBLUP"
2,1,"424689",1.4606977914949,0.460668369627374,0.483249891237694,"GBLUP"
2,1,"424702",0.939248595661824,1.12536636310452,1.14794788471484,"GBLUP"
2,1,"430048",-0.567732087741562,-0.00164639821856585,0.0209351233917538,"GBLUP"
2,1,"438163",0.788835570144222,-0.00426604820479815,0.0183154734055215,"GBLUP"
2,1,"447647",0.81275473501212,0.206430851670259,0.229012373280579,"GBLUP"
2,1,"455538",0.893796481556365,-0.0374099396358749,-0.0148284180255552,"GBLUP"
2,1,"460693",-0.0645744970475065,0.531869133181988,0.554450654792308,"GBLUP"
2,1,"464211",0.902209316867409,0.13087989776482,0.153461419375139,"GBLUP"
2,1,"60900",0.257466884079927,0.149825396370521,0.172406917980841,"GBLUP"
2,1,"609448",1.15351121347235,0.407590203456928,0.430171725067248,"GBLUP"
2,1,"62150",1.12297091103632,0.276329006676749,0.298910528287068,"GBLUP"
2,1,"62526",0.824197168324818,-0.633588568827925,-0.611007047217605,"GBLUP"
2,1,"62603",0.702777069919819,0.0870856222790796,0.109667143889399,"GBLUP"
2,1,"62627",0.560687294826115,-0.589310753401773,-0.566729231791453,"GBLUP"
2,1,"6387",-1.05082266371498,-0.0594781595542908,-0.0368966379439711,"GBLUP"
2,1,"64869",0.525871350049044,0.195224604715127,0.217806126325446,"GBLUP"
2,1,"65315",0.873330406883901,0.103343731622578,0.125925253232898,"GBLUP"
2,1,"67055",-0.934574056522484,-0.0224873182714991,9.42033388205135e-05,"GBLUP"
2,1,"673831",0.29330898301885,0.456625264518212,0.479206786128532,"GBLUP"
2,1,"68460",1.04727168139822,-0.311162713314535,-0.288581191704215,"GBLUP"
2,1,"77310",-0.0753409716662881,-0.0216709908323244,0.000910530777995248,"GBLUP"
2,1,"80662",0.145094859276641,0.871854988090901,0.89443650970122,"GBLUP"
2,1,"855587",-0.0389206430012417,0.0662735852790747,0.0888551068893944,"GBLUP"
2,1,"85587",0.475850406699153,-0.10119029742345,-0.0786087758131299,"GBLUP"
2,1,"85599",0.529967822615795,-0.0679688704437086,-0.0453873488333889,"GBLUP"
2,1,"85646",1.96339116959193,0.383099339409779,0.405680861020099,"GBLUP"
2,1,"86230",0.268111197488963,0.546827715333814,0.569409236944133,"GBLUP"
2,1,"86954",-0.571950721518058,0.300264547109013,0.322846068719332,"GBLUP"
2,1,"96495",1.10011862073352,-0.267107744232289,-0.244526222621969,"GBLUP"
2,1,"96638",2.39853754278111,0.132049226570285,0.154630748180604,"GBLUP"
2,2,"107017",1.73852495877561,0.57455648668779,1.01167946452874,"PBLUP"
2,2,"1079616",0.712370796925057,0.414524855784671,0.851647833625624,"PBLUP"
2,2,"1082612",1.48183982486128,0.351941773731925,0.789064751572878,"PBLUP"
2,2,"1210458",-1.53023211523478,-0.189281155590805,0.247841822250148,"PBLUP"
2,2,"1290414",-0.332376301048552,-0.0649749546689468,0.372148023172007,"PBLUP"
2,2,"1295736",-1.67898374829987,-0.386172231343948,0.0509507464970058,"PBLUP"
2,2,"1298211",-0.0176238721025183,-0.337866770425294,0.0992562074156593,"PBLUP"
2,2,"1300939",-0.969707620444892,0.193977646705697,0.63110062454665,"PBLUP"
2,2,"13350",0.316022823950605,0.328256739114034,0.765379716954987,"PBLUP"
2,2,"13569",1.81367039092954,0.557468100589159,0.994591078430113,"PBLUP"
2,2,"1402346",-0.162702524794628,-0.373359732328927,0.0637632455120265,"PBLUP"
2,2,"143989",1.07711159289838,-0.589052728212842,-0.151929750371889,"PBLUP"
2,2,"144880",1.72531525996195,0.254559376102328,0.691682353943282,"PBLUP"
2,2,"1478078",0.125092997201205,-0.117888933521457,0.319234044319496,"PBLUP"
2,2,"15292",-1.12723857245025,-0.437122977840953,0,"PBLUP"
2,2,"1563726",1.47973050797303,0.430006917254745,0.867129895095699,"PBLUP"
2,2,"1630957",0.152864312216366,-0.232678078472423,0.204444899368531,"PBLUP"
2,2,"1637606",0.0470156960134162,-0.212506390769466,0.224616587071487,"PBLUP"
2,2,"168060",-0.434926564588412,0.424412675685394,0.861535653526348,"PBLUP"
2,2,"168924",0.175985357180603,0.311415741814315,0.748538719655269,"PBLUP"
2,2,"170744",-2.22424623595239,-1.08231683872329,-0.645193860882339,"PBLUP"
2,2,"1766345",-0.623869235659307,-0.467708511560788,-0.0305855337198343,"PBLUP"
2,2,"1817540",0.0796490271763938,0.251916777834133,0.689039755675086,"PBLUP"
2,2,"1823515",0.462616275643541,0.16374620145161,0.600869179292564,"PBLUP"
2,2,"2117143",0.0567723046316471,0.143630220854619,0.580753198695572,"PBLUP"
2,2,"2151597",0.577415236480409,0.0557812039357808,0.492904181776734,"PBLUP"
2,2,"2151603",-1.00835942720793,-0.0985790264133109,0.338543951427642,"PBLUP"
2,2,"2167",0.341815127367912,-0.0254921591181649,0.411630818722788,"PBLUP"
2,2,"2201662",-1.78674622345547,0.399935678104528,0.837058655945481,"PBLUP"
2,2,"220384",-0.76760411504423,-0.437122977840953,0,"PBLUP"
2,2,"222490",0.822315885694759,0.0904560711475434,0.527579048988497,"PBLUP"
2,2,"222693",-0.973934398302038,-0.437122977840953,0,"PBLUP"
2,2,"2448313",0.167621386353455,0.268007249616302,0.705130227457256,"PBLUP"
2,2,"2460025",-0.086099302204419,0.142676285553619,0.579799263394572,"PBLUP"
2,2,"2464631",-0.140656498476139,-0.332597666576186,0.104525311264768,"PBLUP"
2,2,"2484313",-1.06314465773784,-0.393775348534731,0.043347629306222,"PBLUP"
2,2,"2485043",-1.35715411326932,-0.49817271014245,-0.0610497323014968,"PBLUP"
2,2,"2485148",-1.82192050778113,-0.256471461123082,0.180651516717872,"PBLUP"
2,2,"2485260",-1.10190233754932,-0.867064890680513,-0.42994191283956,"PBLUP"
2,2,"2485890",-2.06419061894565,-0.404947087684779,0.0321758901561744,"PBLUP"
2,2,"2588632",-0.466631470557333,0.0414543869745094,0.478577364815463,"PBLUP"
2,2,"2588696",0.0402805413161911,0.0401046362013578,0.477227614042311,"PBLUP"
2,2,"2668072",-0.291427863542325,-0.437122977840953,0,"PBLUP"
2,2,"292703",0.642038516435046,0.801707895448888,1.23883087328984,"PBLUP"
2,2,"294745",0.374236712434001,-0.830614509862592,-0.393491532021639,"PBLUP"
2,2,"294897",0.50474560484396,0.281950749588112,0.719073727429066,"PBLUP"
2,2,"295190",0.249534549527208,0.187204654282399,0.624327632123353,"PBLUP"
2,2,"320849",-0.682832379562464,-0.437122977840953,0,"PBLUP"
2,2,"321822",0.861635507071064,-0.343613599205069,0.0935093786358841,"PBLUP"
2,2,"342253",1.07641120196251,0.792947492746668,1.23007047058762,"PBLUP"
2,2,"342263",0.0796897475796432,0.39025900918736,0.827381987028313,"PBLUP"
2,2,"373101",-0.44842130622481,-0.397547371656443,0.0395756061845106,"PBLUP"
2,2,"376790",-1.0649282114001,0.0132332774092482,0.450356255250202,"PBLUP"
2,2,"3825285",-0.503573020383953,-0.00551307937339979,0.431609898467554,"PBLUP"
2,2,"3826179",-1.44924737725509,-0.803702467319845,-0.366579489478892,"PBLUP"
2,2,"3827748",-1.44840039286753,0.314863847020993,0.751986824861946,"PBLUP"
2,2,"3827770",-2.31129831401605,-0.781192050139484,-0.34406907229853,"PBLUP"
2,2,"3827774",-2.05032124959937,-0.146165233209005,0.290957744631948,"PBLUP"
2,2,"3830068",-1.1770559137839,-0.623259722598409,-0.186136744757456,"PBLUP"
2,2,"3830128",-2.00145676570173,-0.386130851105801,0.050992126735152,"PBLUP"
2,2,"3830184",-1.42619148493605,0.122750356839827,0.55987333468078,"PBLUP"
2,2,"3855646",-1.60297504359708,-0.205081841578427,0.232041136262526,"PBLUP"
2,2,"3855675",-1.66940630945593,-0.0112895048456083,0.425833472995345,"PBLUP"
2,2,"3863186",-1.46247336423005,0.232849467991965,0.669972445832919,"PBLUP"
2,2,"3865255",-1.92223929322299,-0.55372045646373,-0.116597478622777,"PBLUP"
2,2,"3889",2.33609687644057,0.320216011837876,0.757338989678829,"PBLUP"
2,2,"3895",0.617410816550632,0.196917957744528,0.634040935585482,"PBLUP"
2,2,"392036",0.331048652749132,-0.271017060403796,0.166105917437158,"PBLUP"
2,2,"392956",0.556664118985209,0.0776581671785685,0.514781145019522,"PBLUP"
2,2,"393281",1.14763118724333,0.104084072537166,0.54120705037812,"PBLUP"
2,2,"393298",-0.151805744885452,0.121760530005644,0.558883507846597,"PBLUP"
2,2,"4066585",-1.05212571661892,-0.213147095536944,0.223975882304009,"PBLUP"
2,2,"412450",-0.371948388924996,0.200518152584323,0.637641130425277,"PBLUP"
2,2,"413235",-0.454749256889555,-0.0156655788412596,0.421457398999694,"PBLUP"
2,2,"41418",0.12124899113459,0.0957574647885727,0.532880442629526,"PBLUP"
2,2,"416019",-0.58579565862239,0.205453258723576,0.642576236564529,"PBLUP"
2,2,"41660",-1.27526538233752,0.353448388246494,0.790571366087448,"PBLUP"
2,2,"41669",-0.280189032245867,-0.012403959089911,0.424719018751042,"PBLUP"
2,2,"420158",1.51528756408922,0.375411499197713,0.812534477038666,"PBLUP"
2,2,"42076",0.0253850178080586,0.0561263872419506,0.493249365082904,"PBLUP"
2,2,"421337",0.918302020231034,0.482114647092589,0.919237624933542,"PBLUP"
2,2,"422212",-0.278486919390099,0.561641106930019,0.998764084770972,"PBLUP"
2,2,"42237",-1.09225974606019,0.209250987286557,0.64637396512751,"PBLUP"
2,2,"422381",-0.397260191583976,0.136397922988292,0.573520900829246,"PBLUP"
2,2,"42274",0.449406576829877,0.247948284584284,0.685071262425237,"PBLUP"
2,2,"423133",-0.80039218373955,-0.319993570839232,0.117129407001721,"PBLUP"
2,2,"423348",-1.47401352651054,0.0600626501272247,0.497185627968178,"PBLUP"
2,2,"423409",0.221396750882815,0.0664337068536938,0.503556684694647,"PBLUP"
2,2,"4248",0.647218151728196,0.139464467000672,0.576587444841626,"PBLUP"
2,2,"429101",-1.68124780272046,-0.0708812833474248,0.366241694493529,"PBLUP"
2,2,"429726",0.361499370298013,0.29346450040908,0.730587478250033,"PBLUP"
2,2,"430433",0.211509836974191,0.153864755131821,0.590987732972775,"PBLUP"
2,2,"438323",-0.30088314117652,0.285677921649475,0.722800899490428,"PBLUP"
2,2,"450770",0.934068960368675,0.414796456004168,0.851919433845122,"PBLUP"
2,2,"454059",1.54804305646194,0.73979573877021,1.17691871661116,"PBLUP"
2,2,"458835",0.881148724307524,0.658209760018753,1.09533273785971,"PBLUP"
2,2,"471785",-0.572480086760283,0.261306750435898,0.698429728276851,"PBLUP"
2,2,"480143",0.202347746243382,0.460038082480604,0.897161060321558,"PBLUP"
2,2,"609307",1.1992076499973,0.394886557325899,0.832009535166853,"PBLUP"
2,2,"664062",2.23440988544957,-0.203081339178103,0.234041638662851,"PBLUP"
2,2,"665788",1.08817125442055,-0.203081339178103,0.234041638662851,"PBLUP"
2,2,"670602",0.367517845898074,-0.0150457060142984,0.422077271826655,"PBLUP"
2,2,"70761",-0.135403566457144,-0.021498846095691,0.415624131745262,"PBLUP"
2,2,"743034",0.0299619911331384,0.225783183972804,0.662906161813757,"PBLUP"
2,2,"77205",-1.57563536485635,0.173006601326365,0.610129579167319,"PBLUP"
2,2,"77230",-0.321023452622998,-0.0880282090861126,0.349094768754841,"PBLUP"
2,2,"83123",1.29932283342292,0.31626907131001,0.753392049150963,"PBLUP"
2,2,"85331",-0.016524421214821,-0.0529316433089146,0.384191334532039,"PBLUP"
2,2,"855168",-1.10036310630655,0.254878287268989,0.692001265109942,"PBLUP"
2,2,"85676",1.25576829010882,0.153620255665061,0.590743233506015,"PBLUP"
2,2,"85711",0.512392896573941,0.120563441089947,0.5576864189309,"PBLUP"
2,2,"85888",0.103739217737934,0.153620255665061,0.590743233506015,"PBLUP"
2,2,"86394",0.108348767385612,0.0370123609459695,0.474135338786923,"PBLUP"
2,2,"87107",0.0043977219740216,0.155976356653781,0.593099334494734,"PBLUP"
2,2,"878573",0.0873126070676752,0.125023388062428,0.562146365903381,"PBLUP"
2,2,"89762",1.31910480532082,-0.0030515667279109,0.434071411113042,"PBLUP"
2,2,"909658",-0.170976910734629,0.332361096943333,0.769484074784286,"PBLUP"
2,2,"92207",1.8092807314594,0.273741527873579,0.710864505714532,"PBLUP"
2,2,"97127",0.36759928670457,-0.0701822142884628,0.366940763552491,"PBLUP"
2,2,"984151",1.24695639484595,0.327700463190835,0.764823441031788,"PBLUP"
2,2,"107017",1.73852495877561,0.29830140724811,0.276413491012946,"GBLUP"
2,2,"1079616",0.712370796925057,0.166259398400926,0.144371482165763,"GBLUP"
2,2,"1082612",1.48183982486128,-0.0646008553547798,-0.0864887715899432,"GBLUP"
2,2,"1210458",-1.53023211523478,-0.298338037327381,-0.320225953562545,"GBLUP"
2,2,"1290414",-0.332376301048552,-0.715722782479566,-0.73761069871473,"GBLUP"
2,2,"1295736",-1.67898374829987,-0.461079462289783,-0.482967378524947,"GBLUP"
2,2,"1298211",-0.0176238721025183,0.0497315576612162,0.0278436414260528,"GBLUP"
2,2,"1300939",-0.969707620444892,0.416149863295387,0.394261947060224,"GBLUP"
2,2,"13350",0.316022823950605,0.353458415397089,0.331570499161926,"GBLUP"
2,2,"13569",1.81367039092954,0.264916163572806,0.243028247337643,"GBLUP"
2,2,"1402346",-0.162702524794628,-0.467982234921537,-0.4898701511567,"GBLUP"
2,2,"143989",1.07711159289838,-0.480531418013475,-0.502419334248638,"GBLUP"
2,2,"144880",1.72531525996195,0.374344157418353,0.35245624118319,"GBLUP"
2,2,"1478078",0.125092997201205,0.217289057842457,0.195401141607293,"GBLUP"
2,2,"15292",-1.12723857245025,-0.580180384464828,-0.602068300699991,"GBLUP"
2,2,"1563726",1.47973050797303,0.271062861063486,0.249174944828322,"GBLUP"
2,2,"1630957",0.152864312216366,-0.188190710454065,-0.210078626689228,"GBLUP"
2,2,"1637606",0.0470156960134162,-0.366196305661228,-0.388084221896391,"GBLUP"
2,2,"168060",-0.434926564588412,0.529262432729664,0.507374516494501,"GBLUP"
2,2,"168924",0.175985357180603,0.397728142363706,0.375840226128542,"GBLUP"
2,2,"170744",-2.22424623595239,-1.3067914280154,-1.32867934425057,"GBLUP"
2,2,"1766345",-0.623869235659307,-0.954917428806251,-0.976805345041415,"GBLUP"
2,2,"1817540",0.0796490271763938,0.371344617168985,0.349456700933822,"GBLUP"
2,2,"1823515",0.462616275643541,-0.202509552635662,-0.224397468870826,"GBLUP"
2,2,"2117143",0.0567723046316471,-0.255020110555444,-0.276908026790607,"GBLUP"
2,2,"2151597",0.577415236480409,0.0157896606802023,-0.00609825555496106,"GBLUP"
2,2,"2151603",-1.00835942720793,0.861714188748781,0.839826272513617,"GBLUP"
2,2,"2167",0.341815127367912,-0.367080328261049,-0.388968244496212,"GBLUP"
2,2,"2201662",-1.78674622345547,0.00620551947174548,-0.0156823967634179,"GBLUP"
2,2,"220384",-0.76760411504423,-0.472699014022666,-0.49458693025783,"GBLUP"
2,2,"222490",0.822315885694759,0.206906790260097,0.185018874024934,"GBLUP"
2,2,"222693",-0.973934398302038,-0.677431090506078,-0.699319006741242,"GBLUP"
2,2,"2448313",0.167621386353455,0.141090182149953,0.11920226591479,"GBLUP"
2,2,"2460025",-0.086099302204419,-0.0578452942223459,-0.0797332104575093,"GBLUP"
2,2,"2464631",-0.140656498476139,-0.486015955229138,-0.507903871464302,"GBLUP"
2,2,"2484313",-1.06314465773784,-0.00871699692234159,-0.030604913157505,"GBLUP"
2,2,"2485043",-1.35715411326932,-0.0895124434829201,-0.111400359718083,"GBLUP"
2,2,"2485148",-1.82192050778113,-0.417855339218565,-0.439743255453729,"GBLUP"
2,2,"2485260",-1.10190233754932,-1.31464504411959,-1.33653296035476,"GBLUP"
2,2,"2485890",-2.06419061894565,-0.230050425384906,-0.251938341620069,"GBLUP"
2,2,"2588632",-0.466631470557333,-0.147956177818597,-0.16984409405376,"GBLUP"
2,2,"2588696",0.0402805413161911,-0.861299036727009,-0.883186952962173,"GBLUP"
2,2,"2668072",-0.291427863542325,-0.298691926028946,-0.320579842264109,"GBLUP"
2,2,"292703",0.642038516435046,0.506962712920964,0.4850747966858,"GBLUP"
2,2,"294745",0.374236712434001,0.237631398417573,0.21574348218241,"GBLUP"
2,2,"294897",0.50474560484396,0.666345726193028,0.644457809957865,"GBLUP"
2,2,"295190",0.249534549527208,0.385146337410943,0.363258421175779,"GBLUP"
2,2,"320849",-0.682832379562464,-0.0276895209398742,-0.0495774371750376,"GBLUP"
2,2,"321822",0.861635507071064,0.521410845416925,0.499522929181762,"GBLUP"
2,2,"342253",1.07641120196251,0.890512506638356,0.868624590403193,"GBLUP"
2,2,"342263",0.0796897475796432,0.206741284758402,0.184853368523239,"GBLUP"
2,2,"373101",-0.44842130622481,0.173124641831978,0.151236725596815,"GBLUP"
2,2,"376790",-1.0649282114001,-0.31049403915,-0.332381955385163,"GBLUP"
2,2,"3825285",-0.503573020383953,-0.0693296517465881,-0.0912175679817515,"GBLUP"
2,2,"3826179",-1.44924737725509,-1.05363855941892,-1.07552647565408,"GBLUP"
2,2,"3827748",-1.44840039286753,-0.254641238276385,-0.276529154511548,"GBLUP"
2,2,"3827770",-2.31129831401605,-0.501254201990088,-0.523142118225251,"GBLUP"
2,2,"3827774",-2.05032124959937,-0.651374776651421,-0.673262692886584,"GBLUP"
2,2,"3830068",-1.1770559137839,-0.85105796696892,-0.872945883204083,"GBLUP"
2,2,"3830128",-2.00145676570173,-1.03536178806553,-1.05724970430069,"GBLUP"
2,2,"3830184",-1.42619148493605,-0.754972268120659,-0.776860184355823,"GBLUP"
2,2,"3855646",-1.60297504359708,-0.811926398404909,-0.833814314640072,"GBLUP"
2,2,"3855675",-1.66940630945593,-0.922965324659378,-0.944853240894542,"GBLUP"
2,2,"3863186",-1.46247336423005,-0.624441162069078,-0.646329078304241,"GBLUP"
2,2,"3865255",-1.92223929322299,-0.714429311487839,-0.736317227723002,"GBLUP"
2,2,"3889",2.33609687644057,0.517804258492909,0.495916342257746,"GBLUP"
2,2,"3895",0.617410816550632,0.338917651273499,0.317029735038335,"GBLUP"
2,2,"392036",0.331048652749132,0.124245889506635,0.102357973271471,"GBLUP"
2,2,"392956",0.556664118985209,-0.166854167020022,-0.188742083255186,"GBLUP"
2,2,"393281",1.14763118724333,0.357006109788462,0.335118193553299,"GBLUP"
2,2,"393298",-0.151805744885452,0.156277870440146,0.134389954204982,"GBLUP"
2,2,"4066585",-1.05212571661892,-0.296165548365651,-0.318053464600815,"GBLUP"
2,2,"412450",-0.371948388924996,-0.146789090577499,-0.168677006812663,"GBLUP"
2,2,"413235",-0.454749256889555,0.15859399332177,0.136706077086607,"GBLUP"
2,2,"41418",0.12124899113459,0.0695108175772534,0.04762290134209,"GBLUP"
2,2,"416019",-0.58579565862239,0.553665119777477,0.531777203542314,"GBLUP"
2,2,"41660",-1.27526538233752,-0.11601020511207,-0.137898121347233,"GBLUP"
2,2,"41669",-0.280189032245867,-0.425302845151483,-0.447190761386646,"GBLUP"
2,2,"420158",1.51528756408922,0.251384177393191,0.229496261158028,"GBLUP"
2,2,"42076",0.0253850178080586,0.30607251633579,0.284184600100627,"GBLUP"
2,2,"421337",0.918302020231034,0.246721320942981,0.224833404707818,"GBLUP"
2,2,"422212",-0.278486919390099,0.487741988682034,0.46585407244687,"GBLUP"
2,2,"42237",-1.09225974606019,0.135074499407561,0.113186583172398,"GBLUP"
2,2,"422381",-0.397260191583976,-0.553110944794758,-0.574998861029921,"GBLUP"
2,2,"42274",0.449406576829877,-0.358066638640334,-0.379954554875498,"GBLUP"
2,2,"423133",-0.80039218373955,0.386368875450259,0.364480959215095,"GBLUP"
2,2,"423348",-1.47401352651054,0.199576776266313,0.17768886003115,"GBLUP"
2,2,"423409",0.221396750882815,0.366223412236039,0.344335496000875,"GBLUP"
2,2,"4248",0.647218151728196,-0.0264842462136212,-0.0483721624487846,"GBLUP"
2,2,"429101",-1.68124780272046,0.516254712850361,0.494366796615197,"GBLUP"
2,2,"429726",0.361499370298013,0.348226679851272,0.326338763616108,"GBLUP"
2,2,"430433",0.211509836974191,-0.182874562026148,-0.204762478261311,"GBLUP"
2,2,"438323",-0.30088314117652,0.179552714328947,0.157664798093784,"GBLUP"
2,2,"450770",0.934068960368675,0.617371760636159,0.595483844400996,"GBLUP"
2,2,"454059",1.54804305646194,0.452186358430077,0.430298442194914,"GBLUP"
2,2,"458835",0.881148724307524,0.902854158387778,0.880966242152615,"GBLUP"
2,2,"471785",-0.572480086760283,0.0762799749403099,0.0543920587051465,"GBLUP"
2,2,"480143",0.202347746243382,0.432565453242105,0.410677537006942,"GBLUP"
2,2,"609307",1.1992076499973,0.295856194506882,0.273968278271718,"GBLUP"
2,2,"664062",2.23440988544957,1.09564480476975,1.07375688853459,"GBLUP"
2,2,"665788",1.08817125442055,0.0197549486273406,-0.00213296760782275,"GBLUP"
2,2,"670602",0.367517845898074,-0.0728063266497876,-0.094694242884951,"GBLUP"
2,2,"70761",-0.135403566457144,0.297679901129331,0.275791984894168,"GBLUP"
2,2,"743034",0.0299619911331384,0.181600493330458,0.159712577095295,"GBLUP"
2,2,"77205",-1.57563536485635,0.18091192327153,0.159024007036366,"GBLUP"
2,2,"77230",-0.321023452622998,-0.332498881577423,-0.354386797812587,"GBLUP"
2,2,"83123",1.29932283342292,0.23869242509308,0.216804508857916,"GBLUP"
2,2,"85331",-0.016524421214821,0.631659464497761,0.609771548262598,"GBLUP"
2,2,"855168",-1.10036310630655,-0.203218398267991,-0.225106314503154,"GBLUP"
2,2,"85676",1.25576829010882,-0.155745804989635,-0.177633721224798,"GBLUP"
2,2,"85711",0.512392896573941,0.354278486966163,0.332390570731,"GBLUP"
2,2,"85888",0.103739217737934,0.362052599261766,0.340164683026602,"GBLUP"
2,2,"86394",0.108348767385612,0.236576325094773,0.21468840885961,"GBLUP"
2,2,"87107",0.0043977219740216,0.628344390666811,0.606456474431648,"GBLUP"
2,2,"878573",0.0873126070676752,-0.0584237228475099,-0.0803116390826733,"GBLUP"
2,2,"89762",1.31910480532082,-0.260788391515656,-0.282676307750819,"GBLUP"
2,2,"909658",-0.170976910734629,0.00781821771762755,-0.0140696985175358,"GBLUP"
2,2,"92207",1.8092807314594,0.499579633029522,0.477691716794358,"GBLUP"
2,2,"97127",0.36759928670457,0.544672748331211,0.522784832096048,"GBLUP"
2,2,"984151",1.24695639484595,0.436608465259219,0.414720549024055,"GBLUP"
2,3,"1058137",-1.22708500121444,0.150119733857615,0.610214326717914,"PBLUP"
2,3,"1064007",1.13284153678365,0.181861473202722,0.641956066063021,"PBLUP"
2,3,"106875",1.61799256516142,0.147763454677096,0.607858047537394,"PBLUP"
2,3,"107052",1.20011164294941,0.283591073271309,0.743685666131608,"PBLUP"
2,3,"107066",0.640882056982801,-0.0935032037164933,0.366591389143805,"PBLUP"
2,3,"107103",0.29973466265139,-0.163016323346891,0.297078269513408,"PBLUP"
2,3,"108014",0.988813470495336,0.0113477503129613,0.47144234317326,"PBLUP"
2,3,"1195398",-0.610822418458635,0.270117386515463,0.730211979375761,"PBLUP"
2,3,"126114",1.67147474278739,0.150530334892645,0.610624927752944,"PBLUP"
2,3,"126308",-0.72547478584381,-0.460094592860299,0,"PBLUP"
2,3,"12867",1.68576760432745,0.276739683581731,0.736834276442029,"PBLUP"
2,3,"1296766",0.183298741603949,0.153146604706411,0.613241197566709,"PBLUP"
2,3,"130562",-0.781090712599981,0.152354219096231,0.612448811956529,"PBLUP"
2,3,"1306534",-0.958965578068058,-0.0881974262688398,0.371897166591459,"PBLUP"
2,3,"1311265",-0.879609656218283,0.119521363363224,0.579615956223523,"PBLUP"
2,3,"1342417",-0.105140162763201,0.289402383940591,0.74949697680089,"PBLUP"
2,3,"1343502",-0.704397905122626,-0.494392274144943,-0.034297681284644,"PBLUP"
2,3,"13469",2.33971284824899,0.269953190160577,0.730047783020875,"PBLUP"
2,3,"1360815",0.567332864636195,0.0860731271568935,0.546167720017192,"PBLUP"
2,3,"13767",1.84236198705811,-0.104950289697302,0.355144303162997,"PBLUP"
2,3,"1393230",-0.140526193185747,0.0435263107221427,0.503620903582441,"PBLUP"
2,3,"14103",-0.437956162590065,0.205992117319002,0.666086710179301,"PBLUP"
2,3,"143058",0.638056060997389,-0.0847768870694567,0.375317705790842,"PBLUP"
2,3,"1477994",1.17454737379029,0.11597893919477,0.576073532055069,"PBLUP"
2,3,"1491661",-0.267622715803522,0.274051399066157,0.734145991926456,"PBLUP"
2,3,"1500224",-0.189520982373785,-0.254256892102622,0.205837700757676,"PBLUP"
2,3,"16122",0.858573332746812,0.344068941972671,0.80416353483297,"PBLUP"
2,3,"16262",2.59396290204909,-0.0145706610577617,0.445523931802537,"PBLUP"
2,3,"1630947",0.133668714125241,-0.25789837371308,0.202196219147218,"PBLUP"
2,3,"1635496",-0.848865751766015,-0.357744482563383,0.102350110296916,"PBLUP"
2,3,"1635819",-0.549196160183055,-0.183061942492072,0.277032650368227,"PBLUP"
2,3,"1636586",-0.384001628286413,-0.325077407559335,0.135017185300964,"PBLUP"
2,3,"168524",0.867116473348251,0.305632804530681,0.76572739739098,"PBLUP"
2,3,"168912",-0.450848242258393,0.209250885205497,0.669345478065796,"PBLUP"
2,3,"1766332",-0.555393805557406,-0.490020423416537,-0.029925830556238,"PBLUP"
2,3,"1796426",-0.449993113790185,-0.438310575542841,0.021784017317458,"PBLUP"
2,3,"1812547",0.2621904508567,0.231027960997168,0.691122553857467,"PBLUP"
2,3,"1816016",-0.218693079260679,0.0785517451744778,0.538646338034776,"PBLUP"
2,3,"1816173",-0.0502409151041959,0.384518925132348,0.844613517992647,"PBLUP"
2,3,"19627",0.967549275919211,-0.513298457098549,-0.0532038642382505,"PBLUP"
2,3,"20010",0.985775728413032,-0.531897802696351,-0.0718032098360527,"PBLUP"
2,3,"20424",3.27892080508434,0.190389371499808,0.650483964360107,"PBLUP"
2,3,"2114149",1.08853773804978,-0.298148453687624,0.161946139172675,"PBLUP"
2,3,"217385",0.955186561493106,0.217925680525043,0.678020273385341,"PBLUP"
2,3,"217754",-0.26662913796427,-0.251334758636315,0.208759834223984,"PBLUP"
2,3,"2200733",0.204334901921886,0.294276295301531,0.75437088816183,"PBLUP"
2,3,"220399",-0.881059302573914,-0.460094592860299,0,"PBLUP"
2,3,"2430154",0.559522691293221,-0.00733768737216539,0.452756905488133,"PBLUP"
2,3,"2450184",-1.89225278827114,-0.0440329683227126,0.416061624537586,"PBLUP"
2,3,"2464236",0.0910588841664946,-0.25476845512645,0.205326137733848,"PBLUP"
2,3,"2484320",-1.39759761777528,0.124204323785904,0.584298916646203,"PBLUP"
2,3,"2485915",-1.84783497240818,-1.53577248897223,-1.07567789611193,"PBLUP"
2,3,"2588634",0.216599887380195,-0.25476845512645,0.205326137733848,"PBLUP"
2,3,"2600794",-0.27764807908319,0.171771446595919,0.631866039456217,"PBLUP"
2,3,"2620837",-0.706295475913985,0.109491992203901,0.5695865850642,"PBLUP"
2,3,"292717",0.615765712259412,0.777247965426545,1.23734255828684,"PBLUP"
2,3,"294614",1.49951247987093,0.305030757172591,0.76512535003289,"PBLUP"
2,3,"294670",0.886857724842899,0.0787125686666554,0.538807161526954,"PBLUP"
2,3,"294834",-0.157009812420551,0.259319107928203,0.719413700788502,"PBLUP"
2,3,"295788",-1.68811326270808,-0.460094592860299,0,"PBLUP"
2,3,"342202",0.333019520266336,-0.19193709831539,0.268157494544908,"PBLUP"
2,3,"342231",0.642486440870774,0.31529325776161,0.775387850621909,"PBLUP"
2,3,"342325",0.252409409996521,0.242258879719092,0.702353472579391,"PBLUP"
2,3,"3578468",-1.70247942097398,-0.206503006247705,0.253591586612594,"PBLUP"
2,3,"369564",0.0694933586063328,0.117974949240517,0.578069542100816,"PBLUP"
2,3,"369673",1.21913621534689,0.104760429423537,0.564855022283836,"PBLUP"
2,3,"371007",-1.1563536607726,0.0887568647803048,0.548851457640604,"PBLUP"
2,3,"377165",1.43900196064434,0.347735359097843,0.807829951958142,"PBLUP"
2,3,"377276",0.137292830014317,-0.227838426876733,0.232256165983566,"PBLUP"
2,3,"3827759",-2.1265824208023,0.257519870761245,0.717614463621543,"PBLUP"
2,3,"3830083",-1.82117939644201,-1.53902611245879,-1.07893151959849,"PBLUP"
2,3,"3830114",-1.8422725653245,0.0193311030525125,0.479425695912811,"PBLUP"
2,3,"3830162",-1.80525771877203,-0.432368825252912,0.0277257676073863,"PBLUP"
2,3,"3830165",-1.84079848672692,-0.88128523261547,-0.421190639755172,"PBLUP"
2,3,"3854950",-2.32277332365134,-0.944407196155346,-0.484312603295047,"PBLUP"
2,3,"39359",1.49504952367494,1.05503820011671,1.51513279297701,"PBLUP"
2,3,"4057141",-0.841470926536171,0.300727232362775,0.760821825223074,"PBLUP"
2,3,"4057142",-0.895572054291514,0.31145820385544,0.771552796715738,"PBLUP"
2,3,"41471",0.748286192589826,0.339386424943069,0.799481017803368,"PBLUP"
2,3,"415066",0.240014119247817,0.335377358105931,0.795471950966229,"PBLUP"
2,3,"41542",1.1421909413694,0.187062594279129,0.647157187139428,"PBLUP"
2,3,"419150",-0.1259401447423,0.020956331784028,0.481050924644327,"PBLUP"
2,3,"419380",0.939240451581174,-0.0971312420912083,0.36296335076909,"PBLUP"
2,3,"419525",0.918261299827786,0.298391515686092,0.758486108546391,"PBLUP"
2,3,"421064",0.142985542388393,0.190389371499808,0.650483964360107,"PBLUP"
2,3,"421747",0.0844621788403119,-0.49187437606786,-0.0317797832075613,"PBLUP"
2,3,"421749",0.130883438543077,-0.513298457098549,-0.0532038642382505,"PBLUP"
2,3,"421919",0.0629292296027502,0.307253523022862,0.76734811588316,"PBLUP"
2,3,"422181",1.75413716138091,0.187062594279129,0.647157187139428,"PBLUP"
2,3,"423200",1.34527988052866,0.120509953601009,0.580604546461308,"PBLUP"
2,3,"423673",0.256986383321601,0.206135636749754,0.666230229610053,"PBLUP"
2,3,"427520",-0.0624000275140612,0.181027496742261,0.64112208960256,"PBLUP"
2,3,"43154",0.0307112465529028,-0.0314374186320668,0.428657174228232,"PBLUP"
2,3,"433740",-0.395224171421573,-0.065896268029024,0.394198324831275,"PBLUP"
2,3,"43789",-0.670200910474924,-0.103209835408367,0.356884757451932,"PBLUP"
2,3,"457982",-1.10227696525921,-0.0195779014763842,0.440516691383915,"PBLUP"
2,3,"460689",0.966873317225293,0.241737284031893,0.701831876892191,"PBLUP"
2,3,"512731",-0.111875317460428,0.0052469645927759,0.465341557453075,"PBLUP"
2,3,"5131",-0.967639023959892,-0.122553094165366,0.337541498694933,"PBLUP"
2,3,"536162",0.398147733221247,0.283988638294396,0.744083231154695,"PBLUP"
2,3,"625454",0.42732797418879,0.242115031210731,0.70220962407103,"PBLUP"
2,3,"62633",0.381183613228116,-0.000425867224519372,0.459668725635779,"PBLUP"
2,3,"653215",1.16681049717316,0.0653906519729688,0.525485244833268,"PBLUP"
2,3,"675238",0.418499790764617,0.0623271973281537,0.522421790188452,"PBLUP"
2,3,"692904",-1.4323891303104,-0.433749818628781,0.026344774231518,"PBLUP"
2,3,"76718",-0.40858860776758,0.209250885205497,0.669345478065796,"PBLUP"
2,3,"77331",0.929996920043869,-0.186217626343166,0.273876966517133,"PBLUP"
2,3,"775",1.67162948031973,0.232045273344567,0.692139866204866,"PBLUP"
2,3,"80836",0.898780658913924,-0.0230107029181758,0.437083889942123,"PBLUP"
2,3,"85899",0.852628153872598,0.0056697201067471,0.465764312967046,"PBLUP"
2,3,"86162",-0.760966689314801,0.318881546989152,0.778976139849451,"PBLUP"
2,3,"86490",0.790757573177529,0.212247470471084,0.672342063331382,"PBLUP"
2,3,"86783",-1.08113493189282,-0.0152572433805482,0.444837349479751,"PBLUP"
2,3,"87507",-0.0755690059244772,0.18324454808484,0.643339140945138,"PBLUP"
2,3,"876108",0.549358878642511,-0.394586730481486,0.065507862378813,"PBLUP"
2,3,"877657",1.26586695011434,0.190868244339117,0.650962837199416,"PBLUP"
2,3,"909641",0.615659839210966,0.0539937454489395,0.514088338309238,"PBLUP"
2,3,"916978",-0.0828905344284735,-0.19193709831539,0.268157494544908,"PBLUP"
2,3,"96413",0.107485494836752,0.327877870321378,0.787972463181676,"PBLUP"
2,3,"96501",1.01414970539627,-0.15370642318127,0.306388169679029,"PBLUP"
2,3,"1058137",-1.22708500121444,-0.423421827847051,-0.399270493067917,"GBLUP"
2,3,"1064007",1.13284153678365,0.369584873354237,0.393736208133371,"GBLUP"
2,3,"106875",1.61799256516142,-0.0495847739963927,-0.0254334392172583,"GBLUP"
2,3,"107052",1.20011164294941,-0.0129768604930401,0.0111744742860942,"GBLUP"
2,3,"107066",0.640882056982801,0.0758158193899263,0.0999671541690606,"GBLUP"
2,3,"107103",0.29973466265139,0.0960788247531813,0.120230159532316,"GBLUP"
2,3,"108014",0.988813470495336,0.316827609534126,0.34097894431326,"GBLUP"
2,3,"1195398",-0.610822418458635,0.413392469474847,0.437543804253981,"GBLUP"
2,3,"126114",1.67147474278739,0.579143430329839,0.603294765108974,"GBLUP"
2,3,"126308",-0.72547478584381,0.0303385291803794,0.0544898639595138,"GBLUP"
2,3,"12867",1.68576760432745,0.803760196953001,0.827911531732135,"GBLUP"
2,3,"1296766",0.183298741603949,-0.26372235608334,-0.239571021304206,"GBLUP"
2,3,"130562",-0.781090712599981,-0.144679522518366,-0.120528187739232,"GBLUP"
2,3,"1306534",-0.958965578068058,0.0728855480538638,0.0970368828329982,"GBLUP"
2,3,"1311265",-0.879609656218283,-0.133213080146123,-0.109061745366989,"GBLUP"
2,3,"1342417",-0.105140162763201,0.403959715329552,0.428111050108686,"GBLUP"
2,3,"1343502",-0.704397905122626,-0.89803116229865,-0.873879827519516,"GBLUP"
2,3,"13469",2.33971284824899,0.446432972975102,0.470584307754237,"GBLUP"
2,3,"1360815",0.567332864636195,0.0889338927892093,0.113085227568344,"GBLUP"
2,3,"13767",1.84236198705811,-0.0866979779726338,-0.0625466431934995,"GBLUP"
2,3,"1393230",-0.140526193185747,-0.133509200842995,-0.109357866063861,"GBLUP"
2,3,"14103",-0.437956162590065,-0.390203687646787,-0.366052352867652,"GBLUP"
2,3,"143058",0.638056060997389,-0.0107606412439797,0.0133906935351546,"GBLUP"
2,3,"1477994",1.17454737379029,0.201893717156193,0.226045051935327,"GBLUP"
2,3,"1491661",-0.267622715803522,-0.0101698344708995,0.0139815003082348,"GBLUP"
2,3,"1500224",-0.189520982373785,-0.335385269169847,-0.311233934390713,"GBLUP"
2,3,"16122",0.858573332746812,0.424921541699463,0.449072876478597,"GBLUP"
2,3,"16262",2.59396290204909,-0.060493689342573,-0.0363423545634387,"GBLUP"
2,3,"1630947",0.133668714125241,0.185361939400969,0.209513274180103,"GBLUP"
2,3,"1635496",-0.848865751766015,-0.110816663781255,-0.0866653290021207,"GBLUP"
2,3,"1635819",-0.549196160183055,-0.506654054222827,-0.482502719443692,"GBLUP"
2,3,"1636586",-0.384001628286413,-0.0975069520088591,-0.0733556172297248,"GBLUP"
2,3,"168524",0.867116473348251,0.652545880813929,0.676697215593064,"GBLUP"
2,3,"168912",-0.450848242258393,0.122765907904174,0.146917242683308,"GBLUP"
2,3,"1766332",-0.555393805557406,-0.763864018607589,-0.739712683828455,"GBLUP"
2,3,"1796426",-0.449993113790185,-0.370032477739599,-0.345881142960464,"GBLUP"
2,3,"1812547",0.2621904508567,0.0644862295550975,0.0886375643342318,"GBLUP"
2,3,"1816016",-0.218693079260679,0.0338280293767365,0.0579793641558708,"GBLUP"
2,3,"1816173",-0.0502409151041959,0.520496771393262,0.544648106172396,"GBLUP"
2,3,"19627",0.967549275919211,-0.272215471937518,-0.248064137158383,"GBLUP"
2,3,"20010",0.985775728413032,-0.423466975943021,-0.399315641163887,"GBLUP"
2,3,"20424",3.27892080508434,0.425338894000829,0.449490228779963,"GBLUP"
2,3,"2114149",1.08853773804978,-0.59493688818537,-0.570785553406235,"GBLUP"
2,3,"217385",0.955186561493106,-0.150132165020251,-0.125980830241117,"GBLUP"
2,3,"217754",-0.26662913796427,-0.547279716126281,-0.523128381347146,"GBLUP"
2,3,"2200733",0.204334901921886,0.556781240882148,0.580932575661282,"GBLUP"
2,3,"220399",-0.881059302573914,-0.361840707674246,-0.337689372895111,"GBLUP"
2,3,"2430154",0.559522691293221,0.502599738212315,0.526751072991449,"GBLUP"
2,3,"2450184",-1.89225278827114,-0.422584606637928,-0.398433271858793,"GBLUP"
2,3,"2464236",0.0910588841664946,-0.116418702001097,-0.092267367221963,"GBLUP"
2,3,"2484320",-1.39759761777528,0.111805784261999,0.135957119041133,"GBLUP"
2,3,"2485915",-1.84783497240818,-1.48722891903574,-1.4630775842566,"GBLUP"
2,3,"2588634",0.216599887380195,-0.497586199669615,-0.473434864890481,"GBLUP"
2,3,"2600794",-0.27764807908319,0.391268289504412,0.415419624283546,"GBLUP"
2,3,"2620837",-0.706295475913985,0.283082146060412,0.307233480839546,"GBLUP"
2,3,"292717",0.615765712259412,0.38127998042616,0.405431315205295,"GBLUP"
2,3,"294614",1.49951247987093,0.206061129680786,0.23021246445992,"GBLUP"
2,3,"294670",0.886857724842899,-0.0862278835275201,-0.0620765487483858,"GBLUP"
2,3,"294834",-0.157009812420551,0.285631476078378,0.309782810857513,"GBLUP"
2,3,"295788",-1.68811326270808,-0.418151292696625,-0.393999957917491,"GBLUP"
2,3,"342202",0.333019520266336,-0.397116725599771,-0.372965390820636,"GBLUP"
2,3,"342231",0.642486440870774,0.351193068539226,0.375344403318361,"GBLUP"
2,3,"342325",0.252409409996521,0.107433622456661,0.131584957235796,"GBLUP"
2,3,"3578468",-1.70247942097398,-0.200756929489667,-0.176605594710532,"GBLUP"
2,3,"369564",0.0694933586063328,-0.142521637219159,-0.118370302440025,"GBLUP"
2,3,"369673",1.21913621534689,-0.0965328873464891,-0.0723815525673548,"GBLUP"
2,3,"371007",-1.1563536607726,-0.144441571218343,-0.120290236439209,"GBLUP"
2,3,"377165",1.43900196064434,0.215081020390027,0.239232355169161,"GBLUP"
2,3,"377276",0.137292830014317,0.0643552398965545,0.0885065746756888,"GBLUP"
2,3,"3827759",-2.1265824208023,-0.583079205125054,-0.55892787034592,"GBLUP"
2,3,"3830083",-1.82117939644201,-1.22460802926679,-1.20045669448765,"GBLUP"
2,3,"3830114",-1.8422725653245,-0.240623310004709,-0.216471975225574,"GBLUP"
2,3,"3830162",-1.80525771877203,-1.01502943639752,-0.990878101618387,"GBLUP"
2,3,"3830165",-1.84079848672692,-0.65411889602885,-0.629967561249716,"GBLUP"
2,3,"3854950",-2.32277332365134,-1.77166401928849,-1.74751268450935,"GBLUP"
2,3,"39359",1.49504952367494,0.795425009559381,0.819576344338516,"GBLUP"
2,3,"4057141",-0.841470926536171,-0.0413516700714063,-0.0172003352922719,"GBLUP"
2,3,"4057142",-0.895572054291514,0.0588924800729155,0.0830438148520498,"GBLUP"
2,3,"41471",0.748286192589826,0.304545540416985,0.328696875196119,"GBLUP"
2,3,"415066",0.240014119247817,0.41972001194883,0.443871346727964,"GBLUP"
2,3,"41542",1.1421909413694,0.906968767196893,0.931120101976028,"GBLUP"
2,3,"419150",-0.1259401447423,0.0742567909478675,0.0984081257270018,"GBLUP"
2,3,"419380",0.939240451581174,0.814155097141229,0.838306431920364,"GBLUP"
2,3,"419525",0.918261299827786,-0.060210576718802,-0.0360592419396677,"GBLUP"
2,3,"421064",0.142985542388393,-0.117557179630303,-0.0934058448511683,"GBLUP"
2,3,"421747",0.0844621788403119,-0.328554945160911,-0.304403610381777,"GBLUP"
2,3,"421749",0.130883438543077,0.46794532442159,0.492096659200724,"GBLUP"
2,3,"421919",0.0629292296027502,0.131644912447164,0.155796247226299,"GBLUP"
2,3,"422181",1.75413716138091,0.130124870229049,0.154276205008183,"GBLUP"
2,3,"423200",1.34527988052866,0.0635512667504034,0.0877026015295378,"GBLUP"
2,3,"423673",0.256986383321601,0.654909502656854,0.679060837435988,"GBLUP"
2,3,"427520",-0.0624000275140612,0.419002509326169,0.443153844105303,"GBLUP"
2,3,"43154",0.0307112465529028,0.371243017656332,0.395394352435467,"GBLUP"
2,3,"433740",-0.395224171421573,-0.11086227146929,-0.0867109366901553,"GBLUP"
2,3,"43789",-0.670200910474924,0.599910352438555,0.62406168721769,"GBLUP"
2,3,"457982",-1.10227696525921,-0.141137402397431,-0.116986067618296,"GBLUP"
2,3,"460689",0.966873317225293,0.286528460550089,0.310679795329223,"GBLUP"
2,3,"512731",-0.111875317460428,0.260573376342035,0.284724711121169,"GBLUP"
2,3,"5131",-0.967639023959892,-0.337912871760074,-0.31376153698094,"GBLUP"
2,3,"536162",0.398147733221247,0.381624561311959,0.405775896091093,"GBLUP"
2,3,"625454",0.42732797418879,0.304613765661755,0.328765100440889,"GBLUP"
2,3,"62633",0.381183613228116,-0.315478934781474,-0.29132760000234,"GBLUP"
2,3,"653215",1.16681049717316,0.111817381254779,0.135968716033913,"GBLUP"
2,3,"675238",0.418499790764617,0.258290047766781,0.282441382545915,"GBLUP"
2,3,"692904",-1.4323891303104,-0.369908030585653,-0.345756695806519,"GBLUP"
2,3,"76718",-0.40858860776758,-0.03826495274056,-0.0141136179614257,"GBLUP"
2,3,"77331",0.929996920043869,0.0961676787996298,0.120319013578764,"GBLUP"
2,3,"775",1.67162948031973,-0.0961931967226081,-0.0720418619434737,"GBLUP"
2,3,"80836",0.898780658913924,0.0290619606362448,0.0532132954153791,"GBLUP"
2,3,"85899",0.852628153872598,0.0885461341646744,0.112697468943809,"GBLUP"
2,3,"86162",-0.760966689314801,0.1642865321208,0.188437866899934,"GBLUP"
2,3,"86490",0.790757573177529,-0.310112528927725,-0.28596119414859,"GBLUP"
2,3,"86783",-1.08113493189282,-1.07951303763483,-1.05536170285569,"GBLUP"
2,3,"87507",-0.0755690059244772,0.461007570363068,0.485158905142202,"GBLUP"
2,3,"876108",0.549358878642511,0.518583093085891,0.542734427865025,"GBLUP"
2,3,"877657",1.26586695011434,0.0375292143375489,0.0616805491166832,"GBLUP"
2,3,"909641",0.615659839210966,0.333310057481326,0.357461392260461,"GBLUP"
2,3,"916978",-0.0828905344284735,0.142890780708867,0.167042115488001,"GBLUP"
2,3,"96413",0.107485494836752,0.201167807029798,0.225319141808933,"GBLUP"
2,3,"96501",1.01414970539627,0.462790360630551,0.486941695409685,"GBLUP"
2,4,"103122",-0.561477433802664,-0.568031358226972,0,"PBLUP"
2,4,"1066175",0.208789714037222,0.474945582599693,1.04297694082667,"PBLUP"
2,4,"1081265",1.56569127922964,-0.457142202455986,0.110889155770987,"PBLUP"
2,4,"1127595",0.712093898182969,0.221065349470724,0.789096707697696,"PBLUP"
2,4,"1193118",-1.27799364935514,-0.0593252279818941,0.508706130245078,"PBLUP"
2,4,"1291739",-0.949941936708294,-0.14495254846956,0.423078809757412,"PBLUP"
2,4,"1295300",-0.854232700914106,0.354005450965708,0.92203680919268,"PBLUP"
2,4,"1295755",-1.01605558342181,-0.730855604434255,-0.162824246207283,"PBLUP"
2,4,"1296234",-0.732226228702336,0.15020375236121,0.718235110588182,"PBLUP"
2,4,"1298205",-0.951635905483413,-0.156854605804683,0.411176752422289,"PBLUP"
2,4,"1301798",-0.843441794053377,-0.331276563918458,0.236754794308515,"PBLUP"
2,4,"1301802",-0.857237866673811,-0.331276563918458,0.236754794308515,"PBLUP"
2,4,"133128",0.32484286329413,0.559673249580781,1.12770460780775,"PBLUP"
2,4,"1410845",-1.38193655068608,-0.0894610457372894,0.478570312489683,"PBLUP"
2,4,"143844",-0.075365403908236,0.414554213940859,0.982585572167831,"PBLUP"
2,4,"1477928",-0.894342298113424,0.127769684401255,0.695801042628227,"PBLUP"
2,4,"1541045",-0.317448201217821,0.222721425594515,0.790752783821487,"PBLUP"
2,4,"1563730",0.980278473974546,0.331545364486941,0.899576722713914,"PBLUP"
2,4,"1586793",2.08261236622153,-0.112447871624563,0.45558348660241,"PBLUP"
2,4,"1636202",-0.174201966671873,0.0932787671640389,0.661310125391011,"PBLUP"
2,4,"1642433",-0.124954710983697,0.101764100309141,0.669795458536113,"PBLUP"
2,4,"1671946",-0.148678417916003,0.142488143773482,0.710519502000454,"PBLUP"
2,4,"167864",0.0653317333943847,-0.349519772315661,0.218511585911311,"PBLUP"
2,4,"168614",-0.438778714735675,0.115973454508977,0.684004812735949,"PBLUP"
2,4,"168928",0.952971371556413,-0.0857911610348199,0.482240197192152,"PBLUP"
2,4,"168939",0.325942314181827,-0.0888745969657173,0.479156761261255,"PBLUP"
2,4,"168945",0.926380948235444,0.215956705485792,0.783988063712765,"PBLUP"
2,4,"1700001",-1.70234911568359,0.44559406672382,1.01362542495079,"PBLUP"
2,4,"1766370",-0.358307053836902,-0.598082840456307,-0.0300514822293344,"PBLUP"
2,4,"1799716",-0.931715484214473,-0.938739924734598,-0.370708566507626,"PBLUP"
2,4,"1815932",-0.263876438704702,0.103681182200692,0.671712540427665,"PBLUP"
2,4,"2011449",0.0766927259005868,0.0737798184131093,0.641811176640082,"PBLUP"
2,4,"20934",0.434111993369914,-0.0843080939031693,0.483723264323803,"PBLUP"
2,4,"2163596",0.718584730460706,-0.568031358226972,0,"PBLUP"
2,4,"217562",-0.482284393565878,-0.225205932716082,0.342825425510891,"PBLUP"
2,4,"217726",-0.630873145017969,0.00614563943845792,0.57417699766543,"PBLUP"
2,4,"217743",-0.15331239980563,-0.304015749228296,0.264015608998676,"PBLUP"
2,4,"217777",0.0452402864318024,0.0570646700092983,0.625096028236271,"PBLUP"
2,4,"218554",1.05305397865944,0.176940274265326,0.744971632492298,"PBLUP"
2,4,"2485050",-0.81742145637788,-1.00434450036335,-0.436313142136374,"PBLUP"
2,4,"2485920",-1.42456266880613,-1.7128432003126,-1.14481184208563,"PBLUP"
2,4,"2586622",-0.103641651923674,-0.0735776012533508,0.494453756973622,"PBLUP"
2,4,"2621094",-0.692996192213174,0.182280936091694,0.750312294318667,"PBLUP"
2,4,"269000",1.24462718778016,0.381381339283207,0.949412697510179,"PBLUP"
2,4,"27001",0.26570869369733,-0.0655158907943958,0.502515467432577,"PBLUP"
2,4,"292907",-0.32430551712479,0.223570194469033,0.791601552696006,"PBLUP"
2,4,"294705",0.782361026027785,-0.926231216935349,-0.358199858708376,"PBLUP"
2,4,"294881",0.732445955726339,0.404469363626488,0.97250072185346,"PBLUP"
2,4,"294910",-0.347442850250326,0.0728052148986198,0.640836573125592,"PBLUP"
2,4,"295261",0.222887117641691,0.416946988331922,0.984978346558894,"PBLUP"
2,4,"321614",-0.152489847660019,0.366469503551347,0.934500861778319,"PBLUP"
2,4,"341985",-0.539431407484175,0.378985381901335,0.947016740128307,"PBLUP"
2,4,"342090",0.610089288046636,0.184814706101745,0.752846064328717,"PBLUP"
2,4,"342218",0.0830206765653325,0.161171033194176,0.729202391421149,"PBLUP"
2,4,"342374",1.075702666946,0.221065349470724,0.789096707697696,"PBLUP"
2,4,"343215",0.475402482263425,0.224962319353692,0.792993677580664,"PBLUP"
2,4,"343376",-1.43664034040949,-0.568031358226972,0,"PBLUP"
2,4,"358886",1.11577968782272,0.322942596030786,0.890973954257759,"PBLUP"
2,4,"359354",0.595723129780728,0.322942596030786,0.890973954257759,"PBLUP"
2,4,"368747",1.46796231143435,0.198295495753849,0.766326853980821,"PBLUP"
2,4,"369682",1.30000693619749,0.687211324888908,1.25524268311588,"PBLUP"
2,4,"3826177",-0.880505505089741,0.42536399855283,0.993395356779803,"PBLUP"
2,4,"3827762",-2.04514161430622,0.115064718011959,0.683096076238931,"PBLUP"
2,4,"3830032",-1.50356025110732,0.0633315870932345,0.631362945320207,"PBLUP"
2,4,"3848815",-1.70271559931282,-1.2748450774425,-0.706813719215533,"PBLUP"
2,4,"3881",0.998317612613427,0.959770784484961,1.52780214271193,"PBLUP"
2,4,"390845",0.463976337112026,-0.568031358226972,0,"PBLUP"
2,4,"390866",0.477267476732186,0.434591393688319,1.00262275191529,"PBLUP"
2,4,"391994",0.227317497515078,-0.0277745993400406,0.540256758886932,"PBLUP"
2,4,"392959",0.26048019392028,0.798144840863326,1.3661761990903,"PBLUP"
2,4,"393205",0.523151227112074,0.340813394765481,0.908844752992454,"PBLUP"
2,4,"4057151",-1.10752175319755,0.101764100309141,0.669795458536113,"PBLUP"
2,4,"4059217",-1.14887739473626,-0.196032453120801,0.371998905106171,"PBLUP"
2,4,"4069736",-1.20997428776961,-0.586578025687148,-0.0185466674601755,"PBLUP"
2,4,"4069854",-0.902396793875885,0.112188816895669,0.680220175122641,"PBLUP"
2,4,"41263",0.565606319538478,-0.153538991230386,0.414492366996586,"PBLUP"
2,4,"41484",0.282216745174085,0.220041551382923,0.788072909609895,"PBLUP"
2,4,"415173",-0.00198723725527206,0.0924421075656385,0.660473465792611,"PBLUP"
2,4,"41686",0.409679751421092,0.533517351295571,1.10154870952254,"PBLUP"
2,4,"419152",-0.16824864371701,-0.140407640817046,0.427623717409927,"PBLUP"
2,4,"420125",0.301453063668456,0.5696244524407,1.13765581066767,"PBLUP"
2,4,"420213",-0.75600694419919,0.323119651597908,0.89115100982488,"PBLUP"
2,4,"42066",0.139231121208924,0.582494776577739,1.15052613480471,"PBLUP"
2,4,"421442",0.84616989791746,0.339077474149387,0.90710883237636,"PBLUP"
2,4,"42174",-0.365522709292455,0.368094056973891,0.936125415200863,"PBLUP"
2,4,"423671",0.529128982308885,0.324040418590653,0.892071776817626,"PBLUP"
2,4,"427258",0.105180720012913,-0.028062144232553,0.539969213994419,"PBLUP"
2,4,"427918",-0.258297743459721,-0.29052012396885,0.277511234258123,"PBLUP"
2,4,"428988",0.0947807290233647,0.415964387626484,0.983995745853457,"PBLUP"
2,4,"429247",-1.04267858306538,0.671219669296193,1.23925102752317,"PBLUP"
2,4,"430154",0.869437536333388,-0.00314747365887946,0.564883884568093,"PBLUP"
2,4,"430174",0.174861474050957,0.177475162129154,0.745506520356126,"PBLUP"
2,4,"431424",0.771415381634711,0.43133701744463,0.999368375671602,"PBLUP"
2,4,"432043",-0.726167032699027,0.0971748315275657,0.665206189754538,"PBLUP"
2,4,"434148",1.18010978087397,-0.802063501794459,-0.234032143567486,"PBLUP"
2,4,"438770",0.342629535432872,0.000661606748121324,0.568692964975094,"PBLUP"
2,4,"443483",0.658522135669852,0.00926988573960386,0.577301243966576,"PBLUP"
2,4,"460142",1.63380836978296,0.592157907797163,1.16018926602414,"PBLUP"
2,4,"460960",-0.381265217188148,-0.0872010632554202,0.480830294971552,"PBLUP"
2,4,"480914",0.360823411604095,0.300483843684494,0.868515201911467,"PBLUP"
2,4,"62114",0.142285151452527,0.365961874824313,0.933993233051285,"PBLUP"
2,4,"62221",1.08326037378884,0.280178196967586,0.848209555194558,"PBLUP"
2,4,"62576",1.23914622150297,0.0312080203181712,0.599239378545144,"PBLUP"
2,4,"62587",-0.879796970073224,0.323119651597908,0.89115100982488,"PBLUP"
2,4,"65038",0.334575039670411,0.177475162129154,0.745506520356126,"PBLUP"
2,4,"669426",1.50597887990672,0.00135762086327007,0.569388979090242,"PBLUP"
2,4,"67929",1.70620110267732,0.098397019414149,0.666428377641121,"PBLUP"
2,4,"692876",-0.85955892965895,-0.586553689635032,-0.0185223314080596,"PBLUP"
2,4,"701166",-0.948679604207606,-0.510301785042598,0.0577295731843745,"PBLUP"
2,4,"743023",-0.0986411864048143,0.125133936234552,0.693165294461524,"PBLUP"
2,4,"770285",-0.722681366180996,0.542161004909316,1.11019236313629,"PBLUP"
2,4,"77534",0.859933394215296,-1.48486600317997,-0.916834644952996,"PBLUP"
2,4,"77587",1.49285062189955,0.364995241934307,0.933026600161279,"PBLUP"
2,4,"784135",-0.0531727841380565,0.365761792862301,0.933793151089273,"PBLUP"
2,4,"78690",-0.722958264923082,-0.568031358226972,0,"PBLUP"
2,4,"80506",-0.60552876603639,0.00107292499321965,0.569104283220192,"PBLUP"
2,4,"82710",-0.0599079388352816,0.437266104983949,1.00529746321092,"PBLUP"
2,4,"85637",0.149215764085342,0.523728023020019,1.09175938124699,"PBLUP"
2,4,"96458",-0.128994174985903,0.437266104983949,1.00529746321092,"PBLUP"
2,4,"97487",-0.677009361897995,0.0467915522055323,0.614822910432505,"PBLUP"
2,4,"103122",-0.561477433802664,-0.925597991138104,-0.939090930903843,"GBLUP"
2,4,"1066175",0.208789714037222,0.243969828225845,0.230476888460107,"GBLUP"
2,4,"1081265",1.56569127922964,-0.514690354736626,-0.528183294502364,"GBLUP"
2,4,"1127595",0.712093898182969,-0.258773501954978,-0.272266441720717,"GBLUP"
2,4,"1193118",-1.27799364935514,-0.455887185734294,-0.469380125500033,"GBLUP"
2,4,"1291739",-0.949941936708294,-0.599237328936951,-0.61273026870269,"GBLUP"
2,4,"1295300",-0.854232700914106,-0.827005807808246,-0.840498747573984,"GBLUP"
2,4,"1295755",-1.01605558342181,-0.65238392684861,-0.665876866614349,"GBLUP"
2,4,"1296234",-0.732226228702336,0.0317305149330458,0.0182375751673073,"GBLUP"
2,4,"1298205",-0.951635905483413,0.204606781129743,0.191113841364004,"GBLUP"
2,4,"1301798",-0.843441794053377,-0.0156810862468644,-0.0291740260126029,"GBLUP"
2,4,"1301802",-0.857237866673811,-0.26752593830708,-0.281018878072818,"GBLUP"
2,4,"133128",0.32484286329413,0.604579096957827,0.591086157192088,"GBLUP"
2,4,"1410845",-1.38193655068608,-0.0795959527484519,-0.0930888925141904,"GBLUP"
2,4,"143844",-0.075365403908236,0.698692556703408,0.685199616937669,"GBLUP"
2,4,"1477928",-0.894342298113424,0.436155285244773,0.422662345479034,"GBLUP"
2,4,"1541045",-0.317448201217821,0.388548608356997,0.375055668591258,"GBLUP"
2,4,"1563730",0.980278473974546,0.215220839932541,0.201727900166803,"GBLUP"
2,4,"1586793",2.08261236622153,-0.107829334907997,-0.121322274673735,"GBLUP"
2,4,"1636202",-0.174201966671873,0.374985317802992,0.361492378037253,"GBLUP"
2,4,"1642433",-0.124954710983697,-0.59192626659959,-0.605419206365329,"GBLUP"
2,4,"1671946",-0.148678417916003,-0.0355348517370701,-0.0490277915028086,"GBLUP"
2,4,"167864",0.0653317333943847,-0.440563957956077,-0.454056897721815,"GBLUP"
2,4,"168614",-0.438778714735675,0.359732097731589,0.346239157965851,"GBLUP"
2,4,"168928",0.952971371556413,0.320975658167374,0.307482718401635,"GBLUP"
2,4,"168939",0.325942314181827,0.237911833147012,0.224418893381273,"GBLUP"
2,4,"168945",0.926380948235444,0.70070653190407,0.687213592138332,"GBLUP"
2,4,"1700001",-1.70234911568359,0.801145637745105,0.787652697979367,"GBLUP"
2,4,"1766370",-0.358307053836902,-0.8349678364617,-0.848460776227438,"GBLUP"
2,4,"1799716",-0.931715484214473,-0.70518616734986,-0.718679107115598,"GBLUP"
2,4,"1815932",-0.263876438704702,0.152609496561036,0.139116556795297,"GBLUP"
2,4,"2011449",0.0766927259005868,0.285324759930477,0.271831820164739,"GBLUP"
2,4,"20934",0.434111993369914,0.471964414408813,0.458471474643075,"GBLUP"
2,4,"2163596",0.718584730460706,0.454318973698813,0.440826033933075,"GBLUP"
2,4,"217562",-0.482284393565878,-0.567133150240148,-0.580626090005886,"GBLUP"
2,4,"217726",-0.630873145017969,0.471614481505621,0.458121541739882,"GBLUP"
2,4,"217743",-0.15331239980563,-0.075146710233722,-0.0886396499994605,"GBLUP"
2,4,"217777",0.0452402864318024,0.716513964980615,0.703021025214877,"GBLUP"
2,4,"218554",1.05305397865944,-0.0305963658381841,-0.0440893056039226,"GBLUP"
2,4,"2485050",-0.81742145637788,-0.612178967204024,-0.625671906969762,"GBLUP"
2,4,"2485920",-1.42456266880613,-1.14891837703966,-1.1624113168054,"GBLUP"
2,4,"2586622",-0.103641651923674,-0.0185728957092196,-0.0320658354749581,"GBLUP"
2,4,"2621094",-0.692996192213174,-0.0809808454295234,-0.0944737851952619,"GBLUP"
2,4,"269000",1.24462718778016,0.069403288494881,0.0559103487291425,"GBLUP"
2,4,"27001",0.26570869369733,0.262969089382759,0.249476149617021,"GBLUP"
2,4,"292907",-0.32430551712479,-0.12126743157859,-0.134760371344329,"GBLUP"
2,4,"294705",0.782361026027785,0.370981066053471,0.357488126287732,"GBLUP"
2,4,"294881",0.732445955726339,0.753144346226618,0.73965140646088,"GBLUP"
2,4,"294910",-0.347442850250326,-0.459643512261446,-0.473136452027185,"GBLUP"
2,4,"295261",0.222887117641691,0.32985720046765,0.316364260701912,"GBLUP"
2,4,"321614",-0.152489847660019,-0.0821659615579892,-0.0956589013237277,"GBLUP"
2,4,"341985",-0.539431407484175,0.183019746827181,0.169526807061442,"GBLUP"
2,4,"342090",0.610089288046636,0.385128512423651,0.371635572657913,"GBLUP"
2,4,"342218",0.0830206765653325,-0.147672489237964,-0.161165429003703,"GBLUP"
2,4,"342374",1.075702666946,0.0102256067724578,-0.00326733299328072,"GBLUP"
2,4,"343215",0.475402482263425,-0.761609673830063,-0.775102613595801,"GBLUP"
2,4,"343376",-1.43664034040949,0.678271630645691,0.664778690879952,"GBLUP"
2,4,"358886",1.11577968782272,0.11198910310485,0.0984961633391114,"GBLUP"
2,4,"359354",0.595723129780728,0.400805422673901,0.387312482908162,"GBLUP"
2,4,"368747",1.46796231143435,0.210524323566603,0.197031383800864,"GBLUP"
2,4,"369682",1.30000693619749,0.254391329843106,0.240898390077367,"GBLUP"
2,4,"3826177",-0.880505505089741,-0.542059561771472,-0.55555250153721,"GBLUP"
2,4,"3827762",-2.04514161430622,-0.408533816811122,-0.422026756576861,"GBLUP"
2,4,"3830032",-1.50356025110732,-0.625683034695009,-0.639175974460747,"GBLUP"
2,4,"3848815",-1.70271559931282,-1.60781634850472,-1.62130928827045,"GBLUP"
2,4,"3881",0.998317612613427,0.458161475826098,0.444668536060359,"GBLUP"
2,4,"390845",0.463976337112026,0.144949382450997,0.131456442685259,"GBLUP"
2,4,"390866",0.477267476732186,0.338746405097369,0.325253465331631,"GBLUP"
2,4,"391994",0.227317497515078,1.11078512500175,1.09729218523601,"GBLUP"
2,4,"392959",0.26048019392028,0.335403954773638,0.321911015007899,"GBLUP"
2,4,"393205",0.523151227112074,0.179376875463503,0.165883935697764,"GBLUP"
2,4,"4057151",-1.10752175319755,-0.20567618190605,-0.219169121671789,"GBLUP"
2,4,"4059217",-1.14887739473626,-0.127124329834329,-0.140617269600068,"GBLUP"
2,4,"4069736",-1.20997428776961,-0.0463160047520279,-0.0598089445177664,"GBLUP"
2,4,"4069854",-0.902396793875885,-0.510656769088267,-0.524149708854005,"GBLUP"
2,4,"41263",0.565606319538478,0.198293820953638,0.184800881187899,"GBLUP"
2,4,"41484",0.282216745174085,-0.674849100709478,-0.688342040475217,"GBLUP"
2,4,"415173",-0.00198723725527206,-0.624960357493229,-0.638453297258968,"GBLUP"
2,4,"41686",0.409679751421092,0.30827896179733,0.294786022031591,"GBLUP"
2,4,"419152",-0.16824864371701,0.224081577724057,0.210588637958319,"GBLUP"
2,4,"420125",0.301453063668456,0.0949049944883325,0.081412054722594,"GBLUP"
2,4,"420213",-0.75600694419919,-0.0865892552298366,-0.100082194995575,"GBLUP"
2,4,"42066",0.139231121208924,0.455327855729156,0.441834915963418,"GBLUP"
2,4,"421442",0.84616989791746,0.859589484093995,0.846096544328257,"GBLUP"
2,4,"42174",-0.365522709292455,0.617072271985787,0.603579332220049,"GBLUP"
2,4,"423671",0.529128982308885,0.742128672285918,0.72863573252018,"GBLUP"
2,4,"427258",0.105180720012913,0.231410907150812,0.217917967385074,"GBLUP"
2,4,"427918",-0.258297743459721,0.302937821726605,0.289444881960867,"GBLUP"
2,4,"428988",0.0947807290233647,0.87040831283465,0.856915373068912,"GBLUP"
2,4,"429247",-1.04267858306538,0.0338349294846591,0.0203419897189206,"GBLUP"
2,4,"430154",0.869437536333388,-0.340020643119498,-0.353513582885237,"GBLUP"
2,4,"430174",0.174861474050957,0.0888725401914241,0.0753796004256856,"GBLUP"
2,4,"431424",0.771415381634711,0.122264751789792,0.108771812024054,"GBLUP"
2,4,"432043",-0.726167032699027,0.206181149146424,0.192688209380685,"GBLUP"
2,4,"434148",1.18010978087397,-0.369868973964512,-0.38336191373025,"GBLUP"
2,4,"438770",0.342629535432872,0.110788672838617,0.0972957330728783,"GBLUP"
2,4,"443483",0.658522135669852,0.609920419927793,0.596427480162054,"GBLUP"
2,4,"460142",1.63380836978296,0.957641347061387,0.944148407295648,"GBLUP"
2,4,"460960",-0.381265217188148,-0.670140857414398,-0.683633797180136,"GBLUP"
2,4,"480914",0.360823411604095,0.293743980739863,0.280251040974125,"GBLUP"
2,4,"62114",0.142285151452527,0.660504778527364,0.647011838761625,"GBLUP"
2,4,"62221",1.08326037378884,0.285357927509833,0.271864987744094,"GBLUP"
2,4,"62576",1.23914622150297,0.682284478608783,0.668791538843044,"GBLUP"
2,4,"62587",-0.879796970073224,-0.150756864656643,-0.164249804422382,"GBLUP"
2,4,"65038",0.334575039670411,0.185356514090667,0.171863574324928,"GBLUP"
2,4,"669426",1.50597887990672,0.24151678239495,0.228023842629212,"GBLUP"
2,4,"67929",1.70620110267732,-0.416735627111651,-0.43022856687739,"GBLUP"
2,4,"692876",-0.85955892965895,-0.150542446940807,-0.164035386706545,"GBLUP"
2,4,"701166",-0.948679604207606,0.0827293835499479,0.0692364437842094,"GBLUP"
2,4,"743023",-0.0986411864048143,0.100474798141978,0.0869818583762392,"GBLUP"
2,4,"770285",-0.722681366180996,0.934700302299097,0.921207362533359,"GBLUP"
2,4,"77534",0.859933394215296,-1.01064294004443,-1.02413587981017,"GBLUP"
2,4,"77587",1.49285062189955,0.366084202484054,0.352591262718316,"GBLUP"
2,4,"784135",-0.0531727841380565,1.32878639826692,1.31529345850119,"GBLUP"
2,4,"78690",-0.722958264923082,-0.917723502565277,-0.931216442331015,"GBLUP"
2,4,"80506",-0.60552876603639,0.239145583732476,0.225652643966738,"GBLUP"
2,4,"82710",-0.0599079388352816,-0.0682229783890592,-0.0817159181547977,"GBLUP"
2,4,"85637",0.149215764085342,0.796683622549439,0.7831906827837,"GBLUP"
2,4,"96458",-0.128994174985903,0.543662476144576,0.530169536378837,"GBLUP"
2,4,"97487",-0.677009361897995,-0.224994197220365,-0.238487136986103,"GBLUP"
2,5,"1066569",0.0567723046316471,0.419826133898735,0.889393701435025,"PBLUP"
2,5,"106657",0.354935241294429,-0.239648557784997,0.229919009751293,"PBLUP"
2,5,"106844",0.600617722251142,0.215479467306881,0.685047034843171,"PBLUP"
2,5,"107059",1.25938426191725,0.16487309514707,0.634440662683361,"PBLUP"
2,5,"126309",-0.85354045405889,-0.46956756753629,0,"PBLUP"
2,5,"1291472",-0.666690811714943,-0.142939076510102,0.326628491026188,"PBLUP"
2,5,"1293839",-0.0380492263717348,0.0683385439820527,0.537906111518343,"PBLUP"
2,5,"1301800",-1.04135924200014,-0.350583172122159,0.118984395414131,"PBLUP"
2,5,"1302311",-0.892656473418955,-0.101220651791839,0.368346915744451,"PBLUP"
2,5,"13098",0.891019350054848,0.452762656806179,0.922330224342469,"PBLUP"
2,5,"13302",1.17418089016105,-0.329157616717598,0.140409950818692,"PBLUP"
2,5,"13421",1.00136349877638,0.426438573484293,0.896006141020583,"PBLUP"
2,5,"1390242",0.0430088083338105,-0.296806505325429,0.172761062210862,"PBLUP"
2,5,"1390246",-1.64690421462106,-0.296806505325429,0.172761062210862,"PBLUP"
2,5,"1399978",-1.50500989746295,0.321248812267954,0.790816379804245,"PBLUP"
2,5,"143023",-0.135460575021689,0.101235385739168,0.570802953275459,"PBLUP"
2,5,"1437563",-0.551834842313526,-0.482057979578933,-0.0124904120426421,"PBLUP"
2,5,"1478148",-0.880179741863756,0.0525489921339552,0.522116559670246,"PBLUP"
2,5,"1507248",-0.200816822234791,-0.274789251760686,0.194778315775604,"PBLUP"
2,5,"1541043",0.354414020132854,-0.0620551223319445,0.407512445204346,"PBLUP"
2,5,"16004",-0.485240694841686,0.0732856967481045,0.542853264284395,"PBLUP"
2,5,"1642335",-0.334257583678611,-0.068964241877661,0.400603325658629,"PBLUP"
2,5,"1642486",-0.246480682437141,-0.268602924138003,0.200964643398287,"PBLUP"
2,5,"1649008",-1.20229441971703,0.199109426346038,0.668676993882328,"PBLUP"
2,5,"1671942",0.181808374845072,0.0792566367438269,0.548824204280117,"PBLUP"
2,5,"1673085",-1.12012879004314,-0.80861778833712,-0.33905022080083,"PBLUP"
2,5,"168154",1.4005456118169,0.692346952394182,1.16191451993047,"PBLUP"
2,5,"168979",0.200645633387613,0.432137023041355,0.901704590577646,"PBLUP"
2,5,"169164",-0.143881554413385,-0.449241658901361,0.0203259086349292,"PBLUP"
2,5,"170862",0.323262911648107,-0.308574883802067,0.160992683734223,"PBLUP"
2,5,"1790751",0.0698516981549165,0.380257524530958,0.849825092067248,"PBLUP"
2,5,"1815954",0.394873812800106,-0.103274813593967,0.366292753942323,"PBLUP"
2,5,"1987795",0.0771325062556649,-0.151161645356844,0.318405922179447,"PBLUP"
2,5,"2163595",0.229736289468012,-0.46956756753629,0,"PBLUP"
2,5,"2166",-0.25270276005344,0.12078600382993,0.590353571366221,"PBLUP"
2,5,"2201664",-1.46839411086231,0.360867862959614,0.830435430495904,"PBLUP"
2,5,"2448314",0.700333845724937,0.263302412982176,0.732869980518467,"PBLUP"
2,5,"2448315",0.0113283346068357,0.263302412982176,0.732869980518467,"PBLUP"
2,5,"2464628",-0.356083719819559,-0.298625234489871,0.17094233304642,"PBLUP"
2,5,"2484301",-2.02592158397315,-0.422033424158117,0.047534143378173,"PBLUP"
2,5,"2601500",0.294286272696802,0.293837293853367,0.763404861389657,"PBLUP"
2,5,"2621166",-0.628633522839326,0.150572919003546,0.620140486539836,"PBLUP"
2,5,"2668073",-0.593304500981329,-0.46956756753629,0,"PBLUP"
2,5,"294940",-0.428965097552897,0.117933758927309,0.5875013264636,"PBLUP"
2,5,"295026",1.44896217127881,0.59616863001353,1.06573619754982,"PBLUP"
2,5,"305029",1.2708185511493,1.10312698327734,1.57269455081363,"PBLUP"
2,5,"30709",0.345105335950353,-0.114864434145536,0.354703133390754,"PBLUP"
2,5,"321131",0.159412153058651,0.423784283296754,0.893351850833044,"PBLUP"
2,5,"321840",1.09444219652075,0.400786603778856,0.870354171315147,"PBLUP"
2,5,"342284",0.958330176623854,0.607600529980942,1.07716809751723,"PBLUP"
2,5,"342336",0.561314389036135,-0.00851371139273394,0.461053856143556,"PBLUP"
2,5,"358856",1.40401499017363,0.214659380662269,0.68422694819856,"PBLUP"
2,5,"367751",1.8362539265709,0.574235165119101,1.04380273265539,"PBLUP"
2,5,"367789",1.33162225727927,0.451358544737295,0.920926112273586,"PBLUP"
2,5,"373045",-0.665941556295178,-0.0365507449569656,0.433016822579325,"PBLUP"
2,5,"376770",0.552209306869873,0.425845708471483,0.895413276007774,"PBLUP"
2,5,"376804",-0.154615452709568,-0.46956756753629,0,"PBLUP"
2,5,"377191",0.812233513850544,0.347624112999863,0.817191680536154,"PBLUP"
2,5,"377246",1.11277452206301,0.486741919767302,0.956309487303593,"PBLUP"
2,5,"3822784",-0.562658325496856,-0.72197750486554,-0.25240993732925,"PBLUP"
2,5,"3825284",-1.51471764159728,0.175540914796027,0.645108482332318,"PBLUP"
2,5,"3827757",-1.21925853971017,0.0376161343562678,0.507183701892558,"PBLUP"
2,5,"3827768",-2.28909755016522,-0.608748818975998,-0.139181251439708,"PBLUP"
2,5,"3827771",-1.56944586356264,0.0376161343562678,0.507183701892558,"PBLUP"
2,5,"3830069",-1.63645535914761,-0.571820791961545,-0.102253224425254,"PBLUP"
2,5,"3830198",-2.0155215929836,-1.52214910428778,-1.05258153675149,"PBLUP"
2,5,"3830201",-1.69475068843751,-0.267744956727433,0.201822610808858,"PBLUP"
2,5,"3830206",-1.74084618491428,-0.128904643211003,0.340662924325287,"PBLUP"
2,5,"3849968",-1.45247243319233,0.00587859890777942,0.47544616644407,"PBLUP"
2,5,"3855090",-2.01515510935437,0.363399835646022,0.832967403182312,"PBLUP"
2,5,"3863169",-2.14879132873378,-0.660591405474762,-0.191023837938471,"PBLUP"
2,5,"390604",0.852253526162716,0.398647173019478,0.868214740555769,"PBLUP"
2,5,"391721",-1.09107885436599,-0.46956756753629,0,"PBLUP"
2,5,"41761",0.535644246828573,0.0815520596068453,0.551119627143136,"PBLUP"
2,5,"41800",0.686040984184875,0.290568094065134,0.760135661601424,"PBLUP"
2,5,"41948",0.5807135891435,0.623348156243104,1.09291572377939,"PBLUP"
2,5,"419528",1.06256626485818,0.209242733314158,0.678810300850449,"PBLUP"
2,5,"422005",0.127161593686205,0.0802956696126194,0.54986323714891,"PBLUP"
2,5,"423143",-1.25577659734301,-0.228602528860964,0.240965038675327,"PBLUP"
2,5,"424700",1.6245078296811,0.686676562212095,1.15624412974839,"PBLUP"
2,5,"427650",-0.151585854707912,-0.00277981494823176,0.466787752588059,"PBLUP"
2,5,"428238",-0.293797791011361,0.0822132906187267,0.551780858155017,"PBLUP"
2,5,"429168",-0.217951967921566,-0.638810017931842,-0.169242450395551,"PBLUP"
2,5,"430390",-0.390231849983365,0.290424225571593,0.759991793107883,"PBLUP"
2,5,"431742",-1.65755667211075,0.126651071173574,0.596218638709864,"PBLUP"
2,5,"433924",-0.430691642650614,-0.0132913576234225,0.456276209912868,"PBLUP"
2,5,"438273",-1.23332336699204,0.646591830755236,1.11615939829153,"PBLUP"
2,5,"438760",-0.670640690830003,0.147511651340634,0.617079218876925,"PBLUP"
2,5,"450448",1.42136188195729,0.392986821907146,0.862554389443436,"PBLUP"
2,5,"471420",-0.766496520075884,0.193017413459654,0.662584980995945,"PBLUP"
2,5,"4937014",0.222276311592972,-0.305450481934462,0.164117085601829,"PBLUP"
2,5,"520702",-0.151577710627263,0.017450752898494,0.487018320434784,"PBLUP"
2,5,"601577",0.10942378603136,0.423784283296754,0.893351850833044,"PBLUP"
2,5,"609368",1.70775662208139,0.422873603952411,0.892441171488701,"PBLUP"
2,5,"62256",0.502253516165182,0.361345354220845,0.830912921757135,"PBLUP"
2,5,"623960",0.796075657841723,0.0239287201407318,0.493496287677022,"PBLUP"
2,5,"624629",0.195669600110703,0.19314994350597,0.66271751104226,"PBLUP"
2,5,"64873",0.160755926365836,-0.486297886136605,-0.0167303186003148,"PBLUP"
2,5,"68052",-0.150641141352559,0.218566767844827,0.688134335381117,"PBLUP"
2,5,"692864",-0.987640886035329,-0.542317973999481,-0.0727504064631901,"PBLUP"
2,5,"730613",-0.860454778530405,0.176871316581118,0.646438884117409,"PBLUP"
2,5,"770505",-0.471574927511644,0.0876756028249144,0.557243170361205,"PBLUP"
2,5,"77128",1.30970653625117,0.652580225941698,1.12214779347799,"PBLUP"
2,5,"77246",0.938141000693478,-0.0663507914464424,0.403216776089848,"PBLUP"
2,5,"835884",0.0390507851381006,-0.132616072764633,0.336951494771658,"PBLUP"
2,5,"85244",0.907828732515639,0.438587617832795,0.908155185369086,"PBLUP"
2,5,"85465",0.41013581993747,0.243045810256009,0.7126133777923,"PBLUP"
2,5,"85685",1.71138073797047,-0.681598207493028,-0.212030639956738,"PBLUP"
2,5,"85741",0.620521855358782,0.0635374983350839,0.533105065871374,"PBLUP"
2,5,"85786",1.44805003424606,-0.20024772144476,0.269319846091531,"PBLUP"
2,5,"88809",-0.115605306397947,-0.0571477781528043,0.412419789383486,"PBLUP"
2,5,"89242",-0.470361459494854,-0.013298487196344,0.456269080339946,"PBLUP"
2,5,"89491",-1.06303878468939,0.0997848775093262,0.569352445045617,"PBLUP"
2,5,"897095",0.599518271363445,-0.337430818494824,0.132136749041466,"PBLUP"
2,5,"900613",0.745851112475593,0.0209341041758582,0.490501671712149,"PBLUP"
2,5,"904516",0.578807874271491,-0.539718740321807,-0.0701511727855163,"PBLUP"
2,5,"934019",0.0447272093508763,-0.0502729813252201,0.41929458621107,"PBLUP"
2,5,"96619",0.703550757581531,0.425845708471483,0.895413276007774,"PBLUP"
2,5,"97120",-0.430341447182682,0.424182748354123,0.893750315890414,"PBLUP"
2,5,"1066569",0.0567723046316471,0.649460337670874,0.611256063898156,"GBLUP"
2,5,"106657",0.354935241294429,-0.105215522298538,-0.143419796071256,"GBLUP"
2,5,"106844",0.600617722251142,-0.527635197968421,-0.565839471741139,"GBLUP"
2,5,"107059",1.25938426191725,0.230192968250263,0.191988694477545,"GBLUP"
2,5,"126309",-0.85354045405889,-0.0975808586609147,-0.135785132433633,"GBLUP"
2,5,"1291472",-0.666690811714943,-0.416396022394157,-0.454600296166875,"GBLUP"
2,5,"1293839",-0.0380492263717348,0.211177623173895,0.172973349401177,"GBLUP"
2,5,"1301800",-1.04135924200014,-0.227015313858186,-0.265219587630904,"GBLUP"
2,5,"1302311",-0.892656473418955,0.210797485769264,0.172593211996546,"GBLUP"
2,5,"13098",0.891019350054848,0.426424096125328,0.38821982235261,"GBLUP"
2,5,"13302",1.17418089016105,0.525418572372419,0.487214298599701,"GBLUP"
2,5,"13421",1.00136349877638,0.0543031238684821,0.016098850095764,"GBLUP"
2,5,"1390242",0.0430088083338105,0.399630417829504,0.361426144056786,"GBLUP"
2,5,"1390246",-1.64690421462106,0.625599416379052,0.587395142606334,"GBLUP"
2,5,"1399978",-1.50500989746295,-0.3490035252679,-0.387207799040618,"GBLUP"
2,5,"143023",-0.135460575021689,0.279931115019319,0.241726841246601,"GBLUP"
2,5,"1437563",-0.551834842313526,-0.148467205888497,-0.186671479661215,"GBLUP"
2,5,"1478148",-0.880179741863756,0.553758560037985,0.515554286265267,"GBLUP"
2,5,"1507248",-0.200816822234791,-0.809489791672143,-0.847694065444861,"GBLUP"
2,5,"1541043",0.354414020132854,0.280730944875281,0.242526671102563,"GBLUP"
2,5,"16004",-0.485240694841686,0.0550718653186994,0.0168675915459813,"GBLUP"
2,5,"1642335",-0.334257583678611,-0.168300423158285,-0.206504696931003,"GBLUP"
2,5,"1642486",-0.246480682437141,-0.00924895389837358,-0.0474532276710916,"GBLUP"
2,5,"1649008",-1.20229441971703,0.30183984311431,0.263635569341592,"GBLUP"
2,5,"1671942",0.181808374845072,0.323840161269098,0.28563588749638,"GBLUP"
2,5,"1673085",-1.12012879004314,-1.48800678994517,-1.52621106371789,"GBLUP"
2,5,"168154",1.4005456118169,0.475721567003976,0.437517293231258,"GBLUP"
2,5,"168979",0.200645633387613,0.337168909740915,0.298964635968197,"GBLUP"
2,5,"169164",-0.143881554413385,0.31718963804249,0.278985364269772,"GBLUP"
2,5,"170862",0.323262911648107,0.0717527723857696,0.0335484986130515,"GBLUP"
2,5,"1790751",0.0698516981549165,0.587980331342136,0.549776057569418,"GBLUP"
2,5,"1815954",0.394873812800106,0.0682673254018007,0.0300630516290826,"GBLUP"
2,5,"1987795",0.0771325062556649,-0.604723764882503,-0.642928038655221,"GBLUP"
2,5,"2163595",0.229736289468012,1.0157482353804,0.977543961607677,"GBLUP"
2,5,"2166",-0.25270276005344,-0.307898166370384,-0.346102440143102,"GBLUP"
2,5,"2201664",-1.46839411086231,-0.0171783009245766,-0.0553825746972946,"GBLUP"
2,5,"2448314",0.700333845724937,0.257456282335211,0.219252008562493,"GBLUP"
2,5,"2448315",0.0113283346068357,0.226492273766653,0.188287999993935,"GBLUP"
2,5,"2464628",-0.356083719819559,-0.819101087237691,-0.85730536101041,"GBLUP"
2,5,"2484301",-2.02592158397315,0.116328395426232,0.0781241216535141,"GBLUP"
2,5,"2601500",0.294286272696802,0.251368985375002,0.213164711602284,"GBLUP"
2,5,"2621166",-0.628633522839326,0.0500025866684573,0.0117983128957392,"GBLUP"
2,5,"2668073",-0.593304500981329,-0.458993013008504,-0.497197286781222,"GBLUP"
2,5,"294940",-0.428965097552897,-0.178432629781217,-0.216636903553936,"GBLUP"
2,5,"295026",1.44896217127881,0.645541497311796,0.607337223539078,"GBLUP"
2,5,"305029",1.2708185511493,0.87776120823241,0.839556934459692,"GBLUP"
2,5,"30709",0.345105335950353,-0.357367081122537,-0.395571354895255,"GBLUP"
2,5,"321131",0.159412153058651,0.362565823434654,0.324361549661936,"GBLUP"
2,5,"321840",1.09444219652075,0.34673019876978,0.308525924997062,"GBLUP"
2,5,"342284",0.958330176623854,0.556922900949237,0.518718627176519,"GBLUP"
2,5,"342336",0.561314389036135,-0.138481460134124,-0.176685733906842,"GBLUP"
2,5,"358856",1.40401499017363,0.40822043971253,0.370016165939812,"GBLUP"
2,5,"367751",1.8362539265709,0.749269745856406,0.711065472083688,"GBLUP"
2,5,"367789",1.33162225727927,0.718173013717496,0.679968739944778,"GBLUP"
2,5,"373045",-0.665941556295178,0.0633204999410208,0.0251162261683028,"GBLUP"
2,5,"376770",0.552209306869873,0.442045833181085,0.403841559408367,"GBLUP"
2,5,"376804",-0.154615452709568,0.679139238309874,0.640934964537156,"GBLUP"
2,5,"377191",0.812233513850544,0.62973475827341,0.591530484500691,"GBLUP"
2,5,"377246",1.11277452206301,0.671667852723467,0.633463578950748,"GBLUP"
2,5,"3822784",-0.562658325496856,-0.381025798821396,-0.419230072594114,"GBLUP"
2,5,"3825284",-1.51471764159728,0.109750972373813,0.0715466986010946,"GBLUP"
2,5,"3827757",-1.21925853971017,-0.335010207212159,-0.373214480984877,"GBLUP"
2,5,"3827768",-2.28909755016522,0.145743273332323,0.107538999559605,"GBLUP"
2,5,"3827771",-1.56944586356264,-0.531698698431456,-0.569902972204174,"GBLUP"
2,5,"3830069",-1.63645535914761,-0.435342279977511,-0.473546553750229,"GBLUP"
2,5,"3830198",-2.0155215929836,-1.06666787501784,-1.10487214879055,"GBLUP"
2,5,"3830201",-1.69475068843751,-1.6097679870371,-1.64797226080982,"GBLUP"
2,5,"3830206",-1.74084618491428,-0.0281958303314892,-0.0664001041042072,"GBLUP"
2,5,"3849968",-1.45247243319233,0.428996988156428,0.39079271438371,"GBLUP"
2,5,"3855090",-2.01515510935437,0.0950397033615151,0.056835429588797,"GBLUP"
2,5,"3863169",-2.14879132873378,0.279125240927835,0.240920967155117,"GBLUP"
2,5,"390604",0.852253526162716,0.5511843676356,0.512980093862881,"GBLUP"
2,5,"391721",-1.09107885436599,-0.302707811110204,-0.340912084882922,"GBLUP"
2,5,"41761",0.535644246828573,0.325522557789502,0.287318284016784,"GBLUP"
2,5,"41800",0.686040984184875,0.149396000806709,0.111191727033991,"GBLUP"
2,5,"41948",0.5807135891435,0.463793539651392,0.425589265878674,"GBLUP"
2,5,"419528",1.06256626485818,0.169618581302746,0.131414307530028,"GBLUP"
2,5,"422005",0.127161593686205,0.168672232877656,0.130467959104938,"GBLUP"
2,5,"423143",-1.25577659734301,-0.266227904871732,-0.30443217864445,"GBLUP"
2,5,"424700",1.6245078296811,0.632531977207173,0.594327703434455,"GBLUP"
2,5,"427650",-0.151585854707912,0.453300160220306,0.415095886447588,"GBLUP"
2,5,"428238",-0.293797791011361,-0.378554624180959,-0.416758897953677,"GBLUP"
2,5,"429168",-0.217951967921566,0.226761709664627,0.188557435891908,"GBLUP"
2,5,"430390",-0.390231849983365,0.268562058844055,0.230357785071337,"GBLUP"
2,5,"431742",-1.65755667211075,-0.101026976934109,-0.139231250706827,"GBLUP"
2,5,"433924",-0.430691642650614,0.542439305860993,0.504235032088275,"GBLUP"
2,5,"438273",-1.23332336699204,0.544551478852179,0.506347205079461,"GBLUP"
2,5,"438760",-0.670640690830003,-0.241050333283963,-0.279254607056681,"GBLUP"
2,5,"450448",1.42136188195729,0.333564128535185,0.295359854762467,"GBLUP"
2,5,"471420",-0.766496520075884,0.466629779183797,0.428425505411079,"GBLUP"
2,5,"4937014",0.222276311592972,-0.102396107523258,-0.140600381295976,"GBLUP"
2,5,"520702",-0.151577710627263,0.21352457908693,0.175320305314212,"GBLUP"
2,5,"601577",0.10942378603136,0.856328904372227,0.818124630599509,"GBLUP"
2,5,"609368",1.70775662208139,0.342306658686859,0.304102384914141,"GBLUP"
2,5,"62256",0.502253516165182,0.481577331307209,0.44337305753449,"GBLUP"
2,5,"623960",0.796075657841723,1.00982524277742,0.971620969004703,"GBLUP"
2,5,"624629",0.195669600110703,0.239635916877051,0.201431643104333,"GBLUP"
2,5,"64873",0.160755926365836,-0.291812978500763,-0.330017252273481,"GBLUP"
2,5,"68052",-0.150641141352559,0.163513349816551,0.125309076043833,"GBLUP"
2,5,"692864",-0.987640886035329,-0.462545244980427,-0.500749518753145,"GBLUP"
2,5,"730613",-0.860454778530405,0.17286020248735,0.134655928714632,"GBLUP"
2,5,"770505",-0.471574927511644,0.305653773210222,0.267449499437504,"GBLUP"
2,5,"77128",1.30970653625117,1.24898036223288,1.21077608846016,"GBLUP"
2,5,"77246",0.938141000693478,-0.00369955555806788,-0.0419038293307859,"GBLUP"
2,5,"835884",0.0390507851381006,0.0468271165834163,0.00862284281069827,"GBLUP"
2,5,"85244",0.907828732515639,0.10416036520565,0.0659560914329318,"GBLUP"
2,5,"85465",0.41013581993747,0.317094050734724,0.278889776962006,"GBLUP"
2,5,"85685",1.71138073797047,0.0828268335744401,0.044622559801722,"GBLUP"
2,5,"85741",0.620521855358782,-0.310542621979128,-0.348746895751846,"GBLUP"
2,5,"85786",1.44805003424606,-0.143788774612485,-0.181993048385203,"GBLUP"
2,5,"88809",-0.115605306397947,0.194717411595898,0.156513137823179,"GBLUP"
2,5,"89242",-0.470361459494854,0.316782312422587,0.278578038649869,"GBLUP"
2,5,"89491",-1.06303878468939,0.0331588466654474,-0.00504542710727064,"GBLUP"
2,5,"897095",0.599518271363445,-0.255114149687397,-0.293318423460115,"GBLUP"
2,5,"900613",0.745851112475593,0.9076655559402,0.869461282167482,"GBLUP"
2,5,"904516",0.578807874271491,-0.203097903228579,-0.241302177001297,"GBLUP"
2,5,"934019",0.0447272093508763,-0.399002584406588,-0.437206858179306,"GBLUP"
2,5,"96619",0.703550757581531,0.329251537745456,0.291047263972738,"GBLUP"
2,5,"97120",-0.430341447182682,0.0953898385735747,0.0571855648008566,"GBLUP"
3,1,"1064007",1.13284153678365,0.173674979915394,0.791944857517762,"PBLUP"
3,1,"107052",1.20011164294941,0.320852778546606,0.939122656148973,"PBLUP"
3,1,"108014",0.988813470495336,0.0501269280779304,0.668396805680298,"PBLUP"
3,1,"1195398",-0.610822418458635,0.37253376318709,0.990803640789457,"PBLUP"
3,1,"1290408",-0.336269171599065,-0.151624661471309,0.466645216131058,"PBLUP"
3,1,"1298199",-1.01373452043667,-0.230032463998144,0.388237413604223,"PBLUP"
3,1,"1300939",-0.969707620444892,0.213662186158878,0.831932063761245,"PBLUP"
3,1,"1302311",-0.892656473418955,-0.130442438407842,0.487827439194526,"PBLUP"
3,1,"13302",1.17418089016105,-0.895211356665845,-0.276941479063477,"PBLUP"
3,1,"143058",0.638056060997389,-0.118397631365399,0.499872246236968,"PBLUP"
3,1,"1439621",-0.00867352746859992,-0.0304155669726969,0.587854310629671,"PBLUP"
3,1,"1477994",1.17454737379029,0.157489684860467,0.775759562462835,"PBLUP"
3,1,"1478078",0.125092997201205,-0.226290065576024,0.391979812026344,"PBLUP"
3,1,"1541043",0.354414020132854,-0.103829713586531,0.514440164015837,"PBLUP"
3,1,"16004",-0.485240694841686,0.24890928734368,0.867179164946048,"PBLUP"
3,1,"16122",0.858573332746812,0.449476757405754,1.06774663500812,"PBLUP"
3,1,"1637620",0.296908666665976,-0.168318540935993,0.449951336666375,"PBLUP"
3,1,"1642486",-0.246480682437141,-0.0537738306815755,0.564496046920792,"PBLUP"
3,1,"1649008",-1.20229441971703,-0.0864163980741265,0.531853479528241,"PBLUP"
3,1,"1673085",-1.12012879004314,-0.842718625061364,-0.224448747458996,"PBLUP"
3,1,"168524",0.867116473348251,0.390319217153264,1.00858909475563,"PBLUP"
3,1,"168924",0.175985357180603,0.20805562150464,0.826325499107007,"PBLUP"
3,1,"168939",0.325942314181827,0.197544091936659,0.815813969539026,"PBLUP"
3,1,"1700001",-1.70234911568359,0.408021045375769,1.02629092297814,"PBLUP"
3,1,"170862",0.323262911648107,-0.479010798449401,0.139259079152967,"PBLUP"
3,1,"1799716",-0.931715484214473,-0.899164052709723,-0.280894175107355,"PBLUP"
3,1,"1823515",0.462616275643541,0.408021045375769,1.02629092297814,"PBLUP"
3,1,"1831374",0.414558055730206,-0.618269877602368,0,"PBLUP"
3,1,"1987795",0.0771325062556649,-0.0937943300067733,0.524475547595594,"PBLUP"
3,1,"20424",3.27892080508434,0.48566821066587,1.10393808826824,"PBLUP"
3,1,"214589",0.623722479054078,0.40292901286525,1.02119889046762,"PBLUP"
3,1,"2163595",0.229736289468012,-0.618269877602368,0,"PBLUP"
3,1,"2163607",0.440545817083104,0.0694989108530965,0.687768788455464,"PBLUP"
3,1,"217748",0.578498399206806,0.291615397615596,0.909885275217964,"PBLUP"
3,1,"217754",-0.26662913796427,-0.300886813217668,0.317383064384699,"PBLUP"
3,1,"2201664",-1.46839411086231,0.414889437499573,1.03315931510194,"PBLUP"
3,1,"2448314",0.700333845724937,0.207979234882968,0.826249112485336,"PBLUP"
3,1,"2464631",-0.140656498476139,-0.413291055281608,0.20497882232076,"PBLUP"
3,1,"2485915",-1.84783497240818,-1.67750641308736,-1.05923653548499,"PBLUP"
3,1,"2621166",-0.628633522839326,0.0776575284884259,0.695927406090794,"PBLUP"
3,1,"2668072",-0.291427863542325,-0.618269877602368,0,"PBLUP"
3,1,"294670",0.886857724842899,0.0172478730467825,0.63551775064915,"PBLUP"
3,1,"294705",0.782361026027785,-0.584688746249217,0.033581131353151,"PBLUP"
3,1,"294745",0.374236712434001,-0.93489980060228,-0.316629922999912,"PBLUP"
3,1,"295190",0.249534549527208,0.228573711803096,0.846843589405463,"PBLUP"
3,1,"295191",0.107982283756379,0.228573711803096,0.846843589405463,"PBLUP"
3,1,"30709",0.345105335950353,-0.196273009776121,0.421996867826246,"PBLUP"
3,1,"321131",0.159412153058651,0.486009480048317,1.10427935765068,"PBLUP"
3,1,"321614",-0.152489847660019,0.34161975873978,0.959889636342148,"PBLUP"
3,1,"326413",0.516912861334475,0.392382281574944,1.01065215917731,"PBLUP"
3,1,"341985",-0.539431407484175,0.358972332768272,0.97724221037064,"PBLUP"
3,1,"342263",0.0796897475796432,0.483638749508543,1.10190862711091,"PBLUP"
3,1,"342336",0.561314389036135,-0.057236054822387,0.561033822779981,"PBLUP"
3,1,"355411",0.893902354604809,0.500065182250202,1.11833505985257,"PBLUP"
3,1,"358856",1.40401499017363,0.162252588255605,0.780522465857973,"PBLUP"
3,1,"369564",0.0694933586063328,0.0903248844317428,0.70859476203411,"PBLUP"
3,1,"369673",1.21913621534689,0.129600915438551,0.747870793040918,"PBLUP"
3,1,"377276",0.137292830014317,-0.273557817751983,0.344712059850385,"PBLUP"
3,1,"3825284",-1.51471764159728,0.259428507525686,0.877698385128054,"PBLUP"
3,1,"3826177",-0.880505505089741,0.415477717294544,1.03374759489691,"PBLUP"
3,1,"3826178",-1.22189722184064,-0.663741804618604,-0.0454719270162364,"PBLUP"
3,1,"3827757",-1.21925853971017,-0.823854797623507,-0.205584920021139,"PBLUP"
3,1,"3827762",-2.04514161430622,-0.147616731016821,0.470653146585547,"PBLUP"
3,1,"3830114",-1.8422725653245,-0.174052521517565,0.444217356084803,"PBLUP"
3,1,"3830162",-1.80525771877203,-0.248433361587102,0.369836516015265,"PBLUP"
3,1,"3830206",-1.74084618491428,-0.174052521517565,0.444217356084803,"PBLUP"
3,1,"3855110",-1.74344414664151,-0.201626570329467,0.4166433072729,"PBLUP"
3,1,"3863169",-2.14879132873378,-0.713162239388254,-0.0948923617858859,"PBLUP"
3,1,"3863186",-1.46247336423005,0.355387872419094,0.973657750021462,"PBLUP"
3,1,"390845",0.463976337112026,-0.618269877602368,0,"PBLUP"
3,1,"4057142",-0.895572054291514,0.2607788441706,0.879048721772968,"PBLUP"
3,1,"4057151",-1.10752175319755,-0.0756052506742624,0.542664626928105,"PBLUP"
3,1,"412956",0.406967772564773,-0.0958773993895945,0.522392478212773,"PBLUP"
3,1,"413317",-0.769851881303522,0.00727834828116058,0.625548225883528,"PBLUP"
3,1,"41484",0.282216745174085,0.240073618788215,0.858343496390582,"PBLUP"
3,1,"41542",1.1421909413694,0.356339340978821,0.974609218581189,"PBLUP"
3,1,"416396",2.27981313507113,0.926327066265917,1.54459694386828,"PBLUP"
3,1,"41709",0.00451173910311468,0.179669962750828,0.797939840353196,"PBLUP"
3,1,"41761",0.535644246828573,0.0966422533540046,0.714912130956372,"PBLUP"
3,1,"418273",-0.9041722034575,-0.0658126867680526,0.552457190834315,"PBLUP"
3,1,"419150",-0.1259401447423,-0.0106520688730347,0.607617808729333,"PBLUP"
3,1,"419152",-0.16824864371701,-0.0106520688730347,0.607617808729333,"PBLUP"
3,1,"42076",0.0253850178080586,0.0160003448849766,0.634270222487344,"PBLUP"
3,1,"421064",0.142985542388393,0.48566821066587,1.10393808826824,"PBLUP"
3,1,"421340",1.00852214566739,0.444792163063614,1.06306204066598,"PBLUP"
3,1,"422181",1.75413716138091,0.356339340978821,0.974609218581189,"PBLUP"
3,1,"42237",-1.09225974606019,0.275533377503326,0.893803255105693,"PBLUP"
3,1,"423143",-1.25577659734301,-0.272670097102947,0.345599780499421,"PBLUP"
3,1,"423348",-1.47401352651054,0.0242310328773376,0.642500910479705,"PBLUP"
3,1,"424702",0.939248595661824,0.868515229959481,1.48678510756185,"PBLUP"
3,1,"427520",-0.0624000275140612,0.329233644311326,0.947503521913693,"PBLUP"
3,1,"429101",-1.68124780272046,-0.0558751180235103,0.562394759578857,"PBLUP"
3,1,"431424",0.771415381634711,0.340869319235101,0.959139196837469,"PBLUP"
3,1,"447647",0.81275473501212,0.228531111647368,0.846800989249735,"PBLUP"
3,1,"450770",0.934068960368675,0.557708249447757,1.17597812705012,"PBLUP"
3,1,"455538",0.893796481556365,0.383616519827599,1.00188639742997,"PBLUP"
3,1,"460693",-0.0645744970475065,0.617227620137329,1.2354974977397,"PBLUP"
3,1,"471785",-0.572480086760283,0.318433540488042,0.936703418090409,"PBLUP"
3,1,"601577",0.10942378603136,0.486009480048317,1.10427935765068,"PBLUP"
3,1,"624629",0.195669600110703,0.239343110705191,0.857612988307559,"PBLUP"
3,1,"62526",0.824197168324818,-0.527641270721034,0.0906286068813341,"PBLUP"
3,1,"62603",0.702777069919819,0.00693675594860432,0.625206633550972,"PBLUP"
3,1,"62633",0.381183613228116,0.176282799579922,0.79455267718229,"PBLUP"
3,1,"6387",-1.05082266371498,-0.226167264956301,0.392102612646067,"PBLUP"
3,1,"665788",1.08817125442055,0.0730825593799134,0.691352436982281,"PBLUP"
3,1,"670602",0.367517845898074,-0.115311731548244,0.502958146054123,"PBLUP"
3,1,"743034",0.0299619911331384,0.259162723435865,0.877432601038233,"PBLUP"
3,1,"770285",-0.722681366180996,0.250812061123206,0.869081938725573,"PBLUP"
3,1,"77331",0.929996920043869,0.0554961655346718,0.673766043137039,"PBLUP"
3,1,"80506",-0.60552876603639,-0.00517210803556001,0.613097769566808,"PBLUP"
3,1,"80662",0.145094859276641,-0.210062180511102,0.408207697091265,"PBLUP"
3,1,"80836",0.898780658913924,0.251955889940471,0.870225767542838,"PBLUP"
3,1,"835884",0.0390507851381006,-0.162756288720091,0.455513588882277,"PBLUP"
3,1,"85646",1.96339116959193,0.805868495805333,1.4241383734077,"PBLUP"
3,1,"85685",1.71138073797047,-1.0120382996101,-0.393768422007733,"PBLUP"
3,1,"85711",0.512392896573941,0.0363987610429798,0.654668638645347,"PBLUP"
3,1,"89762",1.31910480532082,0.0454418787928996,0.663711756395267,"PBLUP"
3,1,"916978",-0.0828905344284735,-0.0540667816263143,0.564203095976053,"PBLUP"
3,1,"96501",1.01414970539627,-0.270477422289806,0.347792455312562,"PBLUP"
3,1,"96638",2.39853754278111,0.41003083746362,1.02830071506599,"PBLUP"
3,1,"1064007",1.13284153678365,0.30628942036762,0.306270908595103,"GBLUP"
3,1,"107052",1.20011164294941,0.313310748316204,0.313292236543688,"GBLUP"
3,1,"108014",0.988813470495336,0.367674673036351,0.367656161263835,"GBLUP"
3,1,"1195398",-0.610822418458635,0.42378450100843,0.423765989235914,"GBLUP"
3,1,"1290408",-0.336269171599065,-0.452346306382002,-0.452364818154518,"GBLUP"
3,1,"1298199",-1.01373452043667,-0.40866483324208,-0.408683345014597,"GBLUP"
3,1,"1300939",-0.969707620444892,0.231201753651342,0.231183241878825,"GBLUP"
3,1,"1302311",-0.892656473418955,0.14039007811773,0.140371566345214,"GBLUP"
3,1,"13302",1.17418089016105,0.405655075493196,0.405636563720679,"GBLUP"
3,1,"143058",0.638056060997389,-0.0962916886518838,-0.0963102004244002,"GBLUP"
3,1,"1439621",-0.00867352746859992,-0.590839779797708,-0.590858291570225,"GBLUP"
3,1,"1477994",1.17454737379029,0.264549447381907,0.26453093560939,"GBLUP"
3,1,"1478078",0.125092997201205,-0.176129237949979,-0.176147749722495,"GBLUP"
3,1,"1541043",0.354414020132854,0.310612336408797,0.310593824636281,"GBLUP"
3,1,"16004",-0.485240694841686,-0.0715495994600385,-0.0715681112325548,"GBLUP"
3,1,"16122",0.858573332746812,0.404733935081177,0.404715423308661,"GBLUP"
3,1,"1637620",0.296908666665976,0.00405405972922206,0.00403554795670568,"GBLUP"
3,1,"1642486",-0.246480682437141,0.0168108514313502,0.0167923396588338,"GBLUP"
3,1,"1649008",-1.20229441971703,0.331560132833682,0.331541621061165,"GBLUP"
3,1,"1673085",-1.12012879004314,-1.4341118403821,-1.43413035215461,"GBLUP"
3,1,"168524",0.867116473348251,0.631113047692346,0.63109453591983,"GBLUP"
3,1,"168924",0.175985357180603,0.525318889078774,0.525300377306258,"GBLUP"
3,1,"168939",0.325942314181827,0.46603667103145,0.466018159258933,"GBLUP"
3,1,"1700001",-1.70234911568359,0.712709075105607,0.712690563333091,"GBLUP"
3,1,"170862",0.323262911648107,-0.116721992062579,-0.116740503835096,"GBLUP"
3,1,"1799716",-0.931715484214473,-0.883965282368179,-0.883983794140696,"GBLUP"
3,1,"1823515",0.462616275643541,-0.0464427256921308,-0.0464612374646471,"GBLUP"
3,1,"1831374",0.414558055730206,-0.171416942177862,-0.171435453950378,"GBLUP"
3,1,"1987795",0.0771325062556649,-0.648016094436355,-0.648034606208872,"GBLUP"
3,1,"20424",3.27892080508434,0.585165846303909,0.585147334531393,"GBLUP"
3,1,"214589",0.623722479054078,0.376690091338499,0.376671579565983,"GBLUP"
3,1,"2163595",0.229736289468012,0.846882701503833,0.846864189731316,"GBLUP"
3,1,"2163607",0.440545817083104,-0.0287506471025293,-0.0287691588750457,"GBLUP"
3,1,"217748",0.578498399206806,-0.0536916837656031,-0.0537101955381194,"GBLUP"
3,1,"217754",-0.26662913796427,-0.576059558864213,-0.57607807063673,"GBLUP"
3,1,"2201664",-1.46839411086231,-0.264496931260919,-0.264515443033436,"GBLUP"
3,1,"2448314",0.700333845724937,-0.0587138087227309,-0.0587323204952473,"GBLUP"
3,1,"2464631",-0.140656498476139,-0.637603110981326,-0.637621622753843,"GBLUP"
3,1,"2485915",-1.84783497240818,-1.59114481346135,-1.59116332523386,"GBLUP"
3,1,"2621166",-0.628633522839326,0.228180231691832,0.228161719919316,"GBLUP"
3,1,"2668072",-0.291427863542325,-0.5338933720845,-0.533911883857016,"GBLUP"
3,1,"294670",0.886857724842899,-0.119771300233653,-0.119789812006169,"GBLUP"
3,1,"294705",0.782361026027785,0.0660242663856216,0.0660057546131052,"GBLUP"
3,1,"294745",0.374236712434001,0.298901548265744,0.298883036493227,"GBLUP"
3,1,"295190",0.249534549527208,0.0816642180325813,0.0816457062600649,"GBLUP"
3,1,"295191",0.107982283756379,0.163251507150149,0.163232995377633,"GBLUP"
3,1,"30709",0.345105335950353,-0.315760683464363,-0.31577919523688,"GBLUP"
3,1,"321131",0.159412153058651,0.346175728211137,0.346157216438621,"GBLUP"
3,1,"321614",-0.152489847660019,0.0609954565011771,0.0609769447286607,"GBLUP"
3,1,"326413",0.516912861334475,0.221525264199025,0.221506752426509,"GBLUP"
3,1,"341985",-0.539431407484175,-0.0853931256316088,-0.0854116374041251,"GBLUP"
3,1,"342263",0.0796897475796432,0.114514415370097,0.114495903597581,"GBLUP"
3,1,"342336",0.561314389036135,-0.123525937477192,-0.123544449249708,"GBLUP"
3,1,"355411",0.893902354604809,0.115926365122082,0.115907853349566,"GBLUP"
3,1,"358856",1.40401499017363,0.552862750503609,0.552844238731093,"GBLUP"
3,1,"369564",0.0694933586063328,-0.202459156790412,-0.202477668562928,"GBLUP"
3,1,"369673",1.21913621534689,-0.0835743033896424,-0.0835928151621587,"GBLUP"
3,1,"377276",0.137292830014317,-0.141859023801739,-0.141877535574256,"GBLUP"
3,1,"3825284",-1.51471764159728,0.0715496564517218,0.0715311446792055,"GBLUP"
3,1,"3826177",-0.880505505089741,-0.461214971275007,-0.461233483047524,"GBLUP"
3,1,"3826178",-1.22189722184064,-0.784492262854129,-0.784510774626645,"GBLUP"
3,1,"3827757",-1.21925853971017,-0.853671042133219,-0.853689553905735,"GBLUP"
3,1,"3827762",-2.04514161430622,-0.28163779506535,-0.281656306837866,"GBLUP"
3,1,"3830114",-1.8422725653245,-0.117868830793202,-0.117887342565718,"GBLUP"
3,1,"3830162",-1.80525771877203,-1.48053927614945,-1.48055778792196,"GBLUP"
3,1,"3830206",-1.74084618491428,0.1189548410659,0.118936329293384,"GBLUP"
3,1,"3855110",-1.74344414664151,0.425527576797469,0.425509065024953,"GBLUP"
3,1,"3863169",-2.14879132873378,0.24753778231703,0.247519270544513,"GBLUP"
3,1,"3863186",-1.46247336423005,-0.665842450881119,-0.665860962653636,"GBLUP"
3,1,"390845",0.463976337112026,-0.0801814796927475,-0.0801999914652639,"GBLUP"
3,1,"4057142",-0.895572054291514,0.346805687639684,0.346787175867167,"GBLUP"
3,1,"4057151",-1.10752175319755,-0.0434623430845235,-0.0434808548570399,"GBLUP"
3,1,"412956",0.406967772564773,0.329530500563091,0.329511988790575,"GBLUP"
3,1,"413317",-0.769851881303522,0.293277532451818,0.293259020679302,"GBLUP"
3,1,"41484",0.282216745174085,-0.721307952532208,-0.721326464304725,"GBLUP"
3,1,"41542",1.1421909413694,0.83912437605814,0.839105864285624,"GBLUP"
3,1,"416396",2.27981313507113,0.246147347671331,0.246128835898814,"GBLUP"
3,1,"41709",0.00451173910311468,0.252337671122983,0.252319159350466,"GBLUP"
3,1,"41761",0.535644246828573,0.52715235616334,0.527133844390824,"GBLUP"
3,1,"418273",-0.9041722034575,0.322390016877957,0.32237150510544,"GBLUP"
3,1,"419150",-0.1259401447423,0.346741825564508,0.346723313791992,"GBLUP"
3,1,"419152",-0.16824864371701,0.528775074297856,0.528756562525339,"GBLUP"
3,1,"42076",0.0253850178080586,0.320435276489986,0.32041676471747,"GBLUP"
3,1,"421064",0.142985542388393,0.101926437652349,0.101907925879832,"GBLUP"
3,1,"421340",1.00852214566739,-0.0587360166886283,-0.0587545284611447,"GBLUP"
3,1,"422181",1.75413716138091,0.228412146034504,0.228393634261987,"GBLUP"
3,1,"42237",-1.09225974606019,0.504350367758101,0.504331855985584,"GBLUP"
3,1,"423143",-1.25577659734301,-0.500377914896976,-0.500396426669492,"GBLUP"
3,1,"423348",-1.47401352651054,-0.135458158141854,-0.135476669914371,"GBLUP"
3,1,"424702",0.939248595661824,1.26915630353177,1.26913779175925,"GBLUP"
3,1,"427520",-0.0624000275140612,0.686574110068102,0.686555598295586,"GBLUP"
3,1,"429101",-1.68124780272046,0.271735753076502,0.271717241303986,"GBLUP"
3,1,"431424",0.771415381634711,0.211194959208224,0.211176447435707,"GBLUP"
3,1,"447647",0.81275473501212,0.161730195870103,0.161711684097586,"GBLUP"
3,1,"450770",0.934068960368675,0.604781962765526,0.604763450993009,"GBLUP"
3,1,"455538",0.893796481556365,0.125012461018002,0.124993949245486,"GBLUP"
3,1,"460693",-0.0645744970475065,0.881162630758539,0.881144118986023,"GBLUP"
3,1,"471785",-0.572480086760283,0.228050667550685,0.228032155778168,"GBLUP"
3,1,"601577",0.10942378603136,0.823546307756041,0.823527795983525,"GBLUP"
3,1,"624629",0.195669600110703,0.259748585860967,0.259730074088451,"GBLUP"
3,1,"62526",0.824197168324818,-0.579498266868559,-0.579516778641076,"GBLUP"
3,1,"62603",0.702777069919819,0.163539910751755,0.163521398979238,"GBLUP"
3,1,"62633",0.381183613228116,-0.0757503627581326,-0.075768874530649,"GBLUP"
3,1,"6387",-1.05082266371498,-0.143445497135328,-0.143464008907845,"GBLUP"
3,1,"665788",1.08817125442055,-0.260406972581598,-0.260425484354114,"GBLUP"
3,1,"670602",0.367517845898074,-0.750872811047762,-0.750891322820278,"GBLUP"
3,1,"743034",0.0299619911331384,0.261710306046384,0.261691794273868,"GBLUP"
3,1,"770285",-0.722681366180996,0.278612792770688,0.278594280998171,"GBLUP"
3,1,"77331",0.929996920043869,0.182802407446619,0.182783895674103,"GBLUP"
3,1,"80506",-0.60552876603639,-0.0727409851016968,-0.0727594968742132,"GBLUP"
3,1,"80662",0.145094859276641,0.834147944041798,0.834129432269282,"GBLUP"
3,1,"80836",0.898780658913924,0.151708672745116,0.151690160972599,"GBLUP"
3,1,"835884",0.0390507851381006,-0.283261169253656,-0.283279681026172,"GBLUP"
3,1,"85646",1.96339116959193,0.379229453836701,0.379210942064185,"GBLUP"
3,1,"85685",1.71138073797047,0.183422524048831,0.183404012276314,"GBLUP"
3,1,"85711",0.512392896573941,0.350648593660734,0.350630081888218,"GBLUP"
3,1,"89762",1.31910480532082,-0.331358413832899,-0.331376925605416,"GBLUP"
3,1,"916978",-0.0828905344284735,0.0337209826999809,0.0337024709274646,"GBLUP"
3,1,"96501",1.01414970539627,0.426132746564425,0.426114234791909,"GBLUP"
3,1,"96638",2.39853754278111,0.0139124691559052,0.0138939573833888,"GBLUP"
3,2,"1066175",0.208789714037222,0.483205124268216,0.968314897209362,"PBLUP"
3,2,"1066279",-0.0723113736646331,0.43530419371803,0.920413966659176,"PBLUP"
3,2,"1066569",0.0567723046316471,0.451373068354172,0.936482841295318,"PBLUP"
3,2,"106875",1.61799256516142,0.302833377525265,0.787943150466411,"PBLUP"
3,2,"1082612",1.48183982486128,0.388097424095299,0.873207197036445,"PBLUP"
3,2,"12867",1.68576760432745,0.438337703044973,0.923447475986119,"PBLUP"
3,2,"1291472",-0.666690811714943,-0.176849310495776,0.30826046244537,"PBLUP"
3,2,"1291739",-0.949941936708294,-0.29396009132082,0.191149681620326,"PBLUP"
3,2,"1295736",-1.67898374829987,-0.403105963225982,0.0820038097151635,"PBLUP"
3,2,"1298211",-0.0176238721025183,-0.364037566268847,0.121072206672299,"PBLUP"
3,2,"1301798",-0.843441794053377,-0.395004887836185,0.090104885104961,"PBLUP"
3,2,"13396",0.797614889084498,-0.171227524334892,0.313882248606254,"PBLUP"
3,2,"13569",1.81367039092954,0.59825507678178,1.08336484972293,"PBLUP"
3,2,"1360815",0.567332864636195,0.115074029003737,0.600183801944883,"PBLUP"
3,2,"13728",0.950023214361255,0.229100088655105,0.714209861596251,"PBLUP"
3,2,"143067",0.584313272790627,0.481439906535618,0.966549679476763,"PBLUP"
3,2,"143989",1.07711159289838,-0.655678255157853,-0.170568482216708,"PBLUP"
3,2,"144880",1.72531525996195,0.220116079389057,0.705225852330203,"PBLUP"
3,2,"1477928",-0.894342298113424,0.093588961916694,0.57869873485784,"PBLUP"
3,2,"1507236",-1.28624360305319,-0.135195137174861,0.349914635766284,"PBLUP"
3,2,"1542708",-0.319158458154239,0.408031144213616,0.893140917154762,"PBLUP"
3,2,"16262",2.59396290204909,0.0266705212116225,0.511780294152768,"PBLUP"
3,2,"1637606",0.0470156960134162,-0.260650540878863,0.224459232062283,"PBLUP"
3,2,"1642433",-0.124954710983697,-0.37503935784437,0.110070415096776,"PBLUP"
3,2,"1671942",0.181808374845072,0.0900748348449522,0.575184607786098,"PBLUP"
3,2,"167864",0.0653317333943847,-0.228786213238713,0.256323559702433,"PBLUP"
3,2,"169164",-0.143881554413385,-0.66765013775714,-0.182540364815995,"PBLUP"
3,2,"170744",-2.22424623595239,-1.47474789456433,-0.989638121623188,"PBLUP"
3,2,"1816016",-0.218693079260679,0.0707252136808166,0.555834986621962,"PBLUP"
3,2,"1817540",0.0796490271763938,0.263527659254629,0.748637432195774,"PBLUP"
3,2,"19630",-0.519046773618208,-0.0704594231062373,0.414650349834908,"PBLUP"
3,2,"1982528",-0.731957474040898,-0.479548247473619,0.00556152546752689,"PBLUP"
3,2,"20010",0.985775728413032,-0.0993131186831935,0.385796654257952,"PBLUP"
3,2,"20585",-1.30511343791833,0.0820442908978231,0.567154063838969,"PBLUP"
3,2,"2151597",0.577415236480409,0.0778495968910358,0.562959369832181,"PBLUP"
3,2,"2163596",0.718584730460706,-0.485109772941146,0,"PBLUP"
3,2,"2167",0.341815127367912,-0.0788489118353088,0.406260861105837,"PBLUP"
3,2,"218794",0.156537292589339,0.142473628343494,0.627583401284639,"PBLUP"
3,2,"2201662",-1.78674622345547,0.37522490790611,0.860334680847255,"PBLUP"
3,2,"2450184",-1.89225278827114,-0.21666194153758,0.268447831403566,"PBLUP"
3,2,"2484301",-2.02592158397315,0.409300707157629,0.894410480098775,"PBLUP"
3,2,"2484313",-1.06314465773784,0.409300707157629,0.894410480098775,"PBLUP"
3,2,"2485148",-1.82192050778113,-0.29948406646338,0.185625706477766,"PBLUP"
3,2,"2485913",-2.15730189301262,-1.44528821445166,-0.960178441510513,"PBLUP"
3,2,"2586622",-0.103641651923674,0.0378310567678467,0.522940829708992,"PBLUP"
3,2,"2588632",-0.466631470557333,-0.0355283947244533,0.449581378216692,"PBLUP"
3,2,"2601500",0.294286272696802,0.162434542070622,0.647544315011768,"PBLUP"
3,2,"2621094",-0.692996192213174,0.0706046813166487,0.555714454257794,"PBLUP"
3,2,"292907",-0.32430551712479,0.244374260098953,0.729484033040099,"PBLUP"
3,2,"294834",-0.157009812420551,0.287443974284644,0.772553747225789,"PBLUP"
3,2,"294910",-0.347442850250326,0.139983971447626,0.625093744388772,"PBLUP"
3,2,"294940",-0.428965097552897,0.157557445925287,0.642667218866432,"PBLUP"
3,2,"295091",0.609291168142973,0.392089858603495,0.87719963154464,"PBLUP"
3,2,"295146",1.00396960458425,0.266121318008424,0.751231090949569,"PBLUP"
3,2,"321833",1.02641469085457,0.415318780754379,0.900428553695525,"PBLUP"
3,2,"323172",1.15157292227774,0.220162091267232,0.705271864208378,"PBLUP"
3,2,"342090",0.610089288046636,0.339456392083555,0.824566165024701,"PBLUP"
3,2,"342218",0.0830206765653325,0.0792902785017999,0.564400051442946,"PBLUP"
3,2,"342325",0.252409409996521,0.184277067605314,0.669386840546459,"PBLUP"
3,2,"3578468",-1.70247942097398,-0.016312359364265,0.468797413576881,"PBLUP"
3,2,"359354",0.595723129780728,0.406854350544,0.891964123485145,"PBLUP"
3,2,"367751",1.8362539265709,0.544935085115447,1.03004485805659,"PBLUP"
3,2,"369670",0.105807814222934,-0.0415167960972636,0.443592976843882,"PBLUP"
3,2,"369682",1.30000693619749,0.66580715024352,1.15091692318467,"PBLUP"
3,2,"376790",-1.0649282114001,0.0226872684320807,0.507797041373226,"PBLUP"
3,2,"377246",1.11277452206301,0.415318780754379,0.900428553695525,"PBLUP"
3,2,"3825285",-0.503573020383953,0.276072725632685,0.761182498573831,"PBLUP"
3,2,"3827770",-2.31129831401605,-0.768621458939806,-0.283511685998661,"PBLUP"
3,2,"3830032",-1.50356025110732,0.198052759276387,0.683162532217533,"PBLUP"
3,2,"3830128",-2.00145676570173,-0.420374362605748,0.0647354103353982,"PBLUP"
3,2,"3830167",-1.78563862848713,-0.226265906451504,0.258843866489642,"PBLUP"
3,2,"3831054",-0.0613168647876624,-0.050924981297161,0.434184791643985,"PBLUP"
3,2,"3855090",-2.01515510935437,0.457707225700853,0.942816998641999,"PBLUP"
3,2,"3881",0.998317612613427,0.851042059399303,1.33615183234045,"PBLUP"
3,2,"393281",1.14763118724333,0.0332277197111956,0.518337492652341,"PBLUP"
3,2,"4066585",-1.05212571661892,-0.236328214057591,0.248781558883555,"PBLUP"
3,2,"412450",-0.371948388924996,0.24450311621518,0.729612889156326,"PBLUP"
3,2,"41669",-0.280189032245867,0.0339550310207722,0.519064803961918,"PBLUP"
3,2,"41804",-0.456435081584024,-0.114916131013954,0.370193641927191,"PBLUP"
3,2,"420213",-0.75600694419919,0.141349065155524,0.62645883809667,"PBLUP"
3,2,"421018",0.561705304907316,0.371411813397862,0.856521586339008,"PBLUP"
3,2,"421337",0.918302020231034,0.492358956628564,0.97746872956971,"PBLUP"
3,2,"421749",0.130883438543077,-0.0704594231062373,0.414650349834908,"PBLUP"
3,2,"422381",-0.397260191583976,0.0865362854707743,0.57164605841192,"PBLUP"
3,2,"423200",1.34527988052866,0.101892778105695,0.587002551046841,"PBLUP"
3,2,"424673",1.15622319232867,0.571287682627667,1.05639745556881,"PBLUP"
3,2,"424689",1.4606977914949,0.571287682627667,1.05639745556881,"PBLUP"
3,2,"427650",-0.151585854707912,0.066594962199224,0.55170473514037,"PBLUP"
3,2,"427918",-0.258297743459721,-0.177888090673703,0.307221682267443,"PBLUP"
3,2,"429168",-0.217951967921566,-0.603814143330036,-0.11870437038889,"PBLUP"
3,2,"429247",-1.04267858306538,0.501587881142286,0.986697654083431,"PBLUP"
3,2,"429726",0.361499370298013,0.373567356159691,0.858677129100837,"PBLUP"
3,2,"430048",-0.567732087741562,0.19023558144151,0.675345354382656,"PBLUP"
3,2,"43154",0.0307112465529028,-0.0141134820003105,0.470996290940835,"PBLUP"
3,2,"434148",1.18010978087397,-0.716771353412923,-0.231661580471777,"PBLUP"
3,2,"438163",0.788835570144222,-0.0953908750318189,0.389718897909327,"PBLUP"
3,2,"438273",-1.23332336699204,0.615192568266779,1.10030234120792,"PBLUP"
3,2,"443483",0.658522135669852,0.140832562357663,0.625942335298809,"PBLUP"
3,2,"457982",-1.10227696525921,0.0564214445401144,0.54153121748126,"PBLUP"
3,2,"5131",-0.967639023959892,0.0828942279000223,0.568004000841168,"PBLUP"
3,2,"609368",1.70775662208139,0.348344922509238,0.833454695450384,"PBLUP"
3,2,"609448",1.15351121347235,0.348344922509238,0.833454695450384,"PBLUP"
3,2,"62256",0.502253516165182,0.364938307932829,0.850048080873975,"PBLUP"
3,2,"64873",0.160755926365836,-0.647648927159958,-0.162539154218812,"PBLUP"
3,2,"653215",1.16681049717316,0.212613028731725,0.697722801672871,"PBLUP"
3,2,"675238",0.418499790764617,0.193897823881016,0.679007596822161,"PBLUP"
3,2,"68052",-0.150641141352559,0.220367572731794,0.705477345672939,"PBLUP"
3,2,"692904",-1.4323891303104,-0.455281348198592,0.029828424742554,"PBLUP"
3,2,"730613",-0.860454778530405,0.176522051208454,0.6616318241496,"PBLUP"
3,2,"743023",-0.0986411864048143,0.235709182239194,0.72081895518034,"PBLUP"
3,2,"77230",-0.321023452622998,-0.0485180789884111,0.436591693952735,"PBLUP"
3,2,"784135",-0.0531727841380565,0.303415382418638,0.788525155359783,"PBLUP"
3,2,"85244",0.907828732515639,0.416021624719827,0.901131397660973,"PBLUP"
3,2,"86394",0.108348767385612,-0.0167507481757745,0.468359024765371,"PBLUP"
3,2,"86783",-1.08113493189282,-0.0664880969703202,0.418621675970826,"PBLUP"
3,2,"876108",0.549358878642511,-0.460223906700551,0.0248858662405948,"PBLUP"
3,2,"88809",-0.115605306397947,-0.123008206405418,0.362101566535727,"PBLUP"
3,2,"89242",-0.470361459494854,-0.0678031292440965,0.417306643697049,"PBLUP"
3,2,"97120",-0.430341447182682,0.424369613560168,0.909479386501314,"PBLUP"
3,2,"97487",-0.677009361897995,0.155974579669886,0.641084352611032,"PBLUP"
3,2,"1066175",0.208789714037222,0.295772244452355,0.277511758169716,"GBLUP"
3,2,"1066279",-0.0723113736646331,0.262061883576613,0.243801397293973,"GBLUP"
3,2,"1066569",0.0567723046316471,0.647784296103757,0.629523809821117,"GBLUP"
3,2,"106875",1.61799256516142,0.0403054232617907,0.0220449369791509,"GBLUP"
3,2,"1082612",1.48183982486128,-0.156453408837847,-0.174713895120486,"GBLUP"
3,2,"12867",1.68576760432745,0.949368140472394,0.931107654189754,"GBLUP"
3,2,"1291472",-0.666690811714943,-0.397378465481643,-0.415638951764283,"GBLUP"
3,2,"1291739",-0.949941936708294,-0.667962712945799,-0.686223199228439,"GBLUP"
3,2,"1295736",-1.67898374829987,-0.445516495158592,-0.463776981441232,"GBLUP"
3,2,"1298211",-0.0176238721025183,-0.0247636782985195,-0.0430241645811594,"GBLUP"
3,2,"1301798",-0.843441794053377,-0.140161719919162,-0.158422206201802,"GBLUP"
3,2,"13396",0.797614889084498,0.313155314898947,0.294894828616307,"GBLUP"
3,2,"13569",1.81367039092954,0.462173595879683,0.443913109597043,"GBLUP"
3,2,"1360815",0.567332864636195,0.23518737327056,0.21692688698792,"GBLUP"
3,2,"13728",0.950023214361255,0.334957818382442,0.316697332099802,"GBLUP"
3,2,"143067",0.584313272790627,0.255251793519158,0.236991307236518,"GBLUP"
3,2,"143989",1.07711159289838,-0.500823648288529,-0.519084134571169,"GBLUP"
3,2,"144880",1.72531525996195,0.290531170052688,0.272270683770048,"GBLUP"
3,2,"1477928",-0.894342298113424,0.18944894825344,0.1711884619708,"GBLUP"
3,2,"1507236",-1.28624360305319,-0.418382151696754,-0.436642637979394,"GBLUP"
3,2,"1542708",-0.319158458154239,0.534124111550925,0.515863625268285,"GBLUP"
3,2,"16262",2.59396290204909,0.0364644157631286,0.0182039294804887,"GBLUP"
3,2,"1637606",0.0470156960134162,-0.458699589022392,-0.476960075305032,"GBLUP"
3,2,"1642433",-0.124954710983697,-0.385271214387175,-0.403531700669815,"GBLUP"
3,2,"1671942",0.181808374845072,0.196135902859366,0.177875416576726,"GBLUP"
3,2,"167864",0.0653317333943847,-0.204036215878344,-0.222296702160984,"GBLUP"
3,2,"169164",-0.143881554413385,0.268800237876536,0.250539751593896,"GBLUP"
3,2,"170744",-2.22424623595239,-1.4177323130815,-1.43599279936414,"GBLUP"
3,2,"1816016",-0.218693079260679,0.101022196939661,0.0827617106570215,"GBLUP"
3,2,"1817540",0.0796490271763938,0.220027433420665,0.201766947138025,"GBLUP"
3,2,"19630",-0.519046773618208,-0.0829050441948339,-0.101165530477474,"GBLUP"
3,2,"1982528",-0.731957474040898,-0.810040855045102,-0.828301341327742,"GBLUP"
3,2,"20010",0.985775728413032,-0.137165245323496,-0.155425731606135,"GBLUP"
3,2,"20585",-1.30511343791833,0.000346873956682911,-0.0179136123259569,"GBLUP"
3,2,"2151597",0.577415236480409,-0.112275467086142,-0.130535953368782,"GBLUP"
3,2,"2163596",0.718584730460706,0.559766765950943,0.541506279668304,"GBLUP"
3,2,"2167",0.341815127367912,-0.145837975371237,-0.164098461653876,"GBLUP"
3,2,"218794",0.156537292589339,0.206060193405894,0.187799707123254,"GBLUP"
3,2,"2201662",-1.78674622345547,0.041196493794678,0.0229360075120381,"GBLUP"
3,2,"2450184",-1.89225278827114,-0.348953760612416,-0.367214246895056,"GBLUP"
3,2,"2484301",-2.02592158397315,0.28370703359233,0.265446547309691,"GBLUP"
3,2,"2484313",-1.06314465773784,0.170372969270589,0.152112482987949,"GBLUP"
3,2,"2485148",-1.82192050778113,-0.622821824018985,-0.641082310301625,"GBLUP"
3,2,"2485913",-2.15730189301262,-0.968220111306955,-0.986480597589595,"GBLUP"
3,2,"2586622",-0.103641651923674,0.119216518517252,0.100956032234612,"GBLUP"
3,2,"2588632",-0.466631470557333,-0.274831935628377,-0.293092421911017,"GBLUP"
3,2,"2601500",0.294286272696802,-0.065735566304299,-0.0839960525869388,"GBLUP"
3,2,"2621094",-0.692996192213174,-0.158012412354413,-0.176272898637053,"GBLUP"
3,2,"292907",-0.32430551712479,-0.0801743050333189,-0.0984347913159587,"GBLUP"
3,2,"294834",-0.157009812420551,0.465597048313667,0.447336562031027,"GBLUP"
3,2,"294910",-0.347442850250326,-0.44141367019024,-0.45967415647288,"GBLUP"
3,2,"294940",-0.428965097552897,0.00761481672959887,-0.010645669553041,"GBLUP"
3,2,"295091",0.609291168142973,-0.483652802179184,-0.501913288461824,"GBLUP"
3,2,"295146",1.00396960458425,0.850350865162369,0.832090378879729,"GBLUP"
3,2,"321833",1.02641469085457,0.239552177457899,0.221291691175259,"GBLUP"
3,2,"323172",1.15157292227774,-0.189843614128501,-0.208104100411141,"GBLUP"
3,2,"342090",0.610089288046636,0.448773982918843,0.430513496636203,"GBLUP"
3,2,"342218",0.0830206765653325,-0.234148256031755,-0.252408742314395,"GBLUP"
3,2,"342325",0.252409409996521,0.042806321506763,0.0245458352241232,"GBLUP"
3,2,"3578468",-1.70247942097398,-0.0150615558900211,-0.0333220421726609,"GBLUP"
3,2,"359354",0.595723129780728,0.45291596483149,0.434655478548851,"GBLUP"
3,2,"367751",1.8362539265709,0.836296364312286,0.818035878029647,"GBLUP"
3,2,"369670",0.105807814222934,0.255511122968462,0.237250636685822,"GBLUP"
3,2,"369682",1.30000693619749,0.247395170122611,0.229134683839971,"GBLUP"
3,2,"376790",-1.0649282114001,-0.00976439550529413,-0.028024881787934,"GBLUP"
3,2,"377246",1.11277452206301,0.518851186056707,0.500590699774067,"GBLUP"
3,2,"3825285",-0.503573020383953,0.155077049860326,0.136816563577686,"GBLUP"
3,2,"3827770",-2.31129831401605,-0.713274662139496,-0.731535148422136,"GBLUP"
3,2,"3830032",-1.50356025110732,-0.32420970941076,-0.3424701956934,"GBLUP"
3,2,"3830128",-2.00145676570173,-1.32463186594933,-1.34289235223197,"GBLUP"
3,2,"3830167",-1.78563862848713,-0.919853911652547,-0.938114397935187,"GBLUP"
3,2,"3831054",-0.0613168647876624,0.0949574129471683,0.0766969266645284,"GBLUP"
3,2,"3855090",-2.01515510935437,-0.7485775416968,-0.76683802797944,"GBLUP"
3,2,"3881",0.998317612613427,0.444613764207831,0.426353277925191,"GBLUP"
3,2,"393281",1.14763118724333,0.272632273996055,0.254371787713415,"GBLUP"
3,2,"4066585",-1.05212571661892,-0.511579753770358,-0.529840240052998,"GBLUP"
3,2,"412450",-0.371948388924996,-0.279081368653593,-0.297341854936232,"GBLUP"
3,2,"41669",-0.280189032245867,-0.428653729099149,-0.446914215381789,"GBLUP"
3,2,"41804",-0.456435081584024,0.208650577436136,0.190390091153497,"GBLUP"
3,2,"420213",-0.75600694419919,0.244314176696816,0.226053690414177,"GBLUP"
3,2,"421018",0.561705304907316,0.346466597748414,0.328206111465774,"GBLUP"
3,2,"421337",0.918302020231034,0.0924544435101334,0.0741939572274936,"GBLUP"
3,2,"421749",0.130883438543077,0.425952340016222,0.407691853733582,"GBLUP"
3,2,"422381",-0.397260191583976,-0.52747304783131,-0.54573353411395,"GBLUP"
3,2,"423200",1.34527988052866,0.0788448872469312,0.0605844009642914,"GBLUP"
3,2,"424673",1.15622319232867,0.701552082519432,0.683291596236792,"GBLUP"
3,2,"424689",1.4606977914949,0.646725711854507,0.628465225571867,"GBLUP"
3,2,"427650",-0.151585854707912,0.643215496511999,0.624955010229359,"GBLUP"
3,2,"427918",-0.258297743459721,0.181625380600581,0.163364894317941,"GBLUP"
3,2,"429168",-0.217951967921566,0.135755946631701,0.117495460349061,"GBLUP"
3,2,"429247",-1.04267858306538,0.034044475710121,0.0157839894274812,"GBLUP"
3,2,"429726",0.361499370298013,0.447110770130243,0.428850283847603,"GBLUP"
3,2,"430048",-0.567732087741562,-0.311207511402393,-0.329467997685033,"GBLUP"
3,2,"43154",0.0307112465529028,0.376044692994025,0.357784206711385,"GBLUP"
3,2,"434148",1.18010978087397,0.021474638908845,0.00321415262620521,"GBLUP"
3,2,"438163",0.788835570144222,0.022810135544976,0.00454964926233622,"GBLUP"
3,2,"438273",-1.23332336699204,0.610282034636946,0.592021548354307,"GBLUP"
3,2,"443483",0.658522135669852,0.613719719144625,0.595459232861985,"GBLUP"
3,2,"457982",-1.10227696525921,-0.0555406211658068,-0.0738011074484467,"GBLUP"
3,2,"5131",-0.967639023959892,-0.200759229880297,-0.219019716162936,"GBLUP"
3,2,"609368",1.70775662208139,0.347739430750349,0.329478944467709,"GBLUP"
3,2,"609448",1.15351121347235,0.320657963259717,0.302397476977078,"GBLUP"
3,2,"62256",0.502253516165182,0.353490619787197,0.335230133504557,"GBLUP"
3,2,"64873",0.160755926365836,-0.457041549083012,-0.475302035365652,"GBLUP"
3,2,"653215",1.16681049717316,0.0157718818922949,-0.00248860439034494,"GBLUP"
3,2,"675238",0.418499790764617,0.414474647011095,0.396214160728455,"GBLUP"
3,2,"68052",-0.150641141352559,0.24025990148456,0.22199941520192,"GBLUP"
3,2,"692904",-1.4323891303104,-0.463643892375166,-0.481904378657805,"GBLUP"
3,2,"730613",-0.860454778530405,-0.0329720308056111,-0.0512325170882509,"GBLUP"
3,2,"743023",-0.0986411864048143,0.237857713433417,0.219597227150777,"GBLUP"
3,2,"77230",-0.321023452622998,-0.281535253709128,-0.299795739991767,"GBLUP"
3,2,"784135",-0.0531727841380565,1.10011011760431,1.08184963132167,"GBLUP"
3,2,"85244",0.907828732515639,0.155732200317043,0.137471714034403,"GBLUP"
3,2,"86394",0.108348767385612,0.225639983211505,0.207379496928865,"GBLUP"
3,2,"86783",-1.08113493189282,-0.732067908274977,-0.750328394557616,"GBLUP"
3,2,"876108",0.549358878642511,0.537542051079096,0.519281564796456,"GBLUP"
3,2,"88809",-0.115605306397947,0.339246094138907,0.320985607856268,"GBLUP"
3,2,"89242",-0.470361459494854,0.100566338451063,0.0823058521684227,"GBLUP"
3,2,"97120",-0.430341447182682,0.173926662616277,0.155666176333638,"GBLUP"
3,2,"97487",-0.677009361897995,-0.142710842453093,-0.160971328735733,"GBLUP"
3,3,"1047493",0.654661841441938,0.174159215007008,0.674648182987648,"PBLUP"
3,3,"107103",0.29973466265139,-0.145751562124645,0.354737405855994,"PBLUP"
3,3,"1079616",0.712370796925057,0.334932524658647,0.835421492639287,"PBLUP"
3,3,"1093268",0.393733641509161,-0.214709032182109,0.285779935798531,"PBLUP"
3,3,"126114",1.67147474278739,0.180406684194027,0.680895652174667,"PBLUP"
3,3,"1295755",-1.01605558342181,-0.591881880633106,-0.0913929126524669,"PBLUP"
3,3,"1296234",-0.732226228702336,0.0848065627827926,0.585295530763432,"PBLUP"
3,3,"1301936",-1.04376988987242,-0.288494500101765,0.211994467878875,"PBLUP"
3,3,"13098",0.891019350054848,0.29821094536749,0.798699913348129,"PBLUP"
3,3,"1311265",-0.879609656218283,0.0484180129480885,0.548906980928728,"PBLUP"
3,3,"13421",1.00136349877638,0.306104435613588,0.806593403594228,"PBLUP"
3,3,"13469",2.33971284824899,0.313439259495447,0.813928227476087,"PBLUP"
3,3,"13767",1.84236198705811,0.00333191782030351,0.503820885800943,"PBLUP"
3,3,"1500224",-0.189520982373785,-0.212658523894711,0.287830444085929,"PBLUP"
3,3,"15200",-0.401527689844371,-0.364445709688577,0.136043258292063,"PBLUP"
3,3,"1563726",1.47973050797303,0.258829134680417,0.759318102661057,"PBLUP"
3,3,"1630947",0.133668714125241,-0.532386526899506,-0.0318975589188663,"PBLUP"
3,3,"1630957",0.152864312216366,-0.532386526899506,-0.0318975589188663,"PBLUP"
3,3,"1635496",-0.848865751766015,-0.287835343587699,0.21265362439294,"PBLUP"
3,3,"1636586",-0.384001628286413,-0.545289066262242,-0.0448000982816023,"PBLUP"
3,3,"1642335",-0.334257583678611,-0.0996906347544586,0.400798333226181,"PBLUP"
3,3,"1651705",-0.265073618560194,0.0361225844492449,0.536611552429884,"PBLUP"
3,3,"168912",-0.450848242258393,-0.456937919539933,0.0435510484407066,"PBLUP"
3,3,"168945",0.926380948235444,0.122562616376776,0.623051584357416,"PBLUP"
3,3,"1766332",-0.555393805557406,-0.514015478913568,-0.0135265109329288,"PBLUP"
3,3,"1796426",-0.449993113790185,-0.459341565684358,0.0411474022962816,"PBLUP"
3,3,"1815932",-0.263876438704702,0.00997580816142274,0.510464776142062,"PBLUP"
3,3,"1815954",0.394873812800106,0.01803331225065,0.518522280231289,"PBLUP"
3,3,"1816173",-0.0502409151041959,0.366845246871976,0.867334214852616,"PBLUP"
3,3,"2011449",0.0766927259005868,-0.0378279030623394,0.4626610649183,"PBLUP"
3,3,"2031157",0.728031864014252,-0.245475515077335,0.255013452903305,"PBLUP"
3,3,"2099196",1.6878769212157,-0.105935164670967,0.394553803309672,"PBLUP"
3,3,"2114149",1.08853773804978,-0.186087555101645,0.314401412878995,"PBLUP"
3,3,"2151603",-1.00835942720793,-0.161626559207327,0.338862408773312,"PBLUP"
3,3,"217451",-0.997039155104975,0.106763000840789,0.607251968821429,"PBLUP"
3,3,"217562",-0.482284393565878,0.106763000840789,0.607251968821429,"PBLUP"
3,3,"217777",0.0452402864318024,0.0272047478851685,0.527693715865808,"PBLUP"
3,3,"2200733",0.204334901921886,0.202403286643587,0.702892254624227,"PBLUP"
3,3,"222490",0.822315885694759,0.142629021374689,0.643117989355328,"PBLUP"
3,3,"2430154",0.559522691293221,0.0170877503661739,0.517576718346813,"PBLUP"
3,3,"2448315",0.0113283346068357,0.248999884711825,0.749488852692465,"PBLUP"
3,3,"2485920",-1.42456266880613,-1.55115637048998,-1.05066740250934,"PBLUP"
3,3,"2588634",0.216599887380195,-0.193536781770121,0.306952186210519,"PBLUP"
3,3,"2668073",-0.593304500981329,-0.500488967980639,0,"PBLUP"
3,3,"292717",0.615765712259412,0.677895722955369,1.17838469093601,"PBLUP"
3,3,"294881",0.732445955726339,0.0149342392966924,0.515423207277332,"PBLUP"
3,3,"295296",0.80610916520204,-0.500488967980639,0,"PBLUP"
3,3,"295788",-1.68811326270808,-0.500488967980639,0,"PBLUP"
3,3,"320849",-0.682832379562464,-0.500488967980639,0,"PBLUP"
3,3,"342202",0.333019520266336,-0.16280960942816,0.337679358552479,"PBLUP"
3,3,"342253",1.07641120196251,0.705094678468389,1.20558364644903,"PBLUP"
3,3,"342284",0.958330176623854,0.677895722955369,1.17838469093601,"PBLUP"
3,3,"342374",1.075702666946,0.286916709103486,0.787405677084125,"PBLUP"
3,3,"343376",-1.43664034040949,-0.500488967980639,0,"PBLUP"
3,3,"353782",-0.467209700283455,-0.214709032182109,0.285779935798531,"PBLUP"
3,3,"358060",-0.459033043311249,0.177029651206145,0.677518619186784,"PBLUP"
3,3,"358886",1.11577968782272,0.257065838080523,0.757554806061162,"PBLUP"
3,3,"376770",0.552209306869873,0.33135472877063,0.83184369675127,"PBLUP"
3,3,"3826179",-1.44924737725509,-0.920995861731256,-0.420506893750617,"PBLUP"
3,3,"3830069",-1.63645535914761,-0.762676353853217,-0.262187385872578,"PBLUP"
3,3,"3830184",-1.42619148493605,0.106666608180926,0.607155576161565,"PBLUP"
3,3,"3849968",-1.45247243319233,0.0244086622980555,0.524897630278695,"PBLUP"
3,3,"3854950",-2.32277332365134,-0.842338830106423,-0.341849862125783,"PBLUP"
3,3,"3855646",-1.60297504359708,-0.137887036643254,0.362601931337386,"PBLUP"
3,3,"3865255",-1.92223929322299,-0.769812467973737,-0.269323499993098,"PBLUP"
3,3,"3868700",-2.00590343373641,-0.464589135427146,0.0358998325534935,"PBLUP"
3,3,"3895",0.617410816550632,0.245308402903024,0.745797370883663,"PBLUP"
3,3,"390866",0.477267476732186,0.318993592635908,0.819482560616547,"PBLUP"
3,3,"392884",0.568171704943104,-0.27912616111275,0.221362806867889,"PBLUP"
3,3,"392956",0.556664118985209,0.024300915570745,0.524789883551384,"PBLUP"
3,3,"393017",-0.57501289584231,0.0814965463610255,0.581985514341665,"PBLUP"
3,3,"39359",1.49504952367494,0.950322006522905,1.45081097450354,"PBLUP"
3,3,"4057155",-1.02510365702352,-0.358984090387324,0.141504877593316,"PBLUP"
3,3,"4069854",-0.902396793875885,0.0226714922186274,0.523160460199267,"PBLUP"
3,3,"41660",-1.27526538233752,0.305104615451881,0.805593583432521,"PBLUP"
3,3,"41948",0.5807135891435,0.325891604436176,0.826380572416816,"PBLUP"
3,3,"421747",0.0844621788403119,-0.083912508327566,0.416576459653073,"PBLUP"
3,3,"422005",0.127161593686205,0.00114362909148746,0.501632597072127,"PBLUP"
3,3,"423133",-0.80039218373955,-0.364152991432378,0.136335976548261,"PBLUP"
3,3,"423409",0.221396750882815,0.0491630074310413,0.549651975411681,"PBLUP"
3,3,"423673",0.256986383321601,0.176886830176629,0.677375798157269,"PBLUP"
3,3,"4248",0.647218151728196,0.0846299087930273,0.585118876773667,"PBLUP"
3,3,"428988",0.0947807290233647,0.38309823917705,0.88358720715769,"PBLUP"
3,3,"430174",0.174861474050957,0.224823902017493,0.725312869998133,"PBLUP"
3,3,"430390",-0.390231849983365,0.198453688085327,0.698942656065966,"PBLUP"
3,3,"431742",-1.65755667211075,0.123452845757583,0.623941813738222,"PBLUP"
3,3,"433740",-0.395224171421573,-0.0481992954988952,0.452289672481744,"PBLUP"
3,3,"454059",1.54804305646194,0.63048269845263,1.13097166643327,"PBLUP"
3,3,"458835",0.881148724307524,0.586078925040911,1.08656789302155,"PBLUP"
3,3,"460142",1.63380836978296,0.388954509346209,0.889443477326848,"PBLUP"
3,3,"464211",0.902209316867409,-0.143649491100463,0.356839476880177,"PBLUP"
3,3,"480143",0.202347746243382,0.122562616376776,0.623051584357416,"PBLUP"
3,3,"4937014",0.222276311592972,-0.338066288754043,0.162422679226596,"PBLUP"
3,3,"536162",0.398147733221247,0.277787708011841,0.778276675992481,"PBLUP"
3,3,"60900",0.257466884079927,-0.22500040854704,0.2754885594336,"PBLUP"
3,3,"62150",1.12297091103632,0.208337750044689,0.708826718025328,"PBLUP"
3,3,"62221",1.08326037378884,0.217861733109435,0.718350701090074,"PBLUP"
3,3,"62627",0.560687294826115,-0.00176401980057195,0.498724948180068,"PBLUP"
3,3,"65315",0.873330406883901,0.134686545475202,0.635175513455842,"PBLUP"
3,3,"664062",2.23440988544957,-0.120034711483566,0.380454256497073,"PBLUP"
3,3,"669426",1.50597887990672,0.0243440621611285,0.524833030141768,"PBLUP"
3,3,"67929",1.70620110267732,-0.0973641383613884,0.403124829619251,"PBLUP"
3,3,"692864",-0.987640886035329,-0.444121453244535,0.0563675147361042,"PBLUP"
3,3,"692876",-0.85955892965895,-0.444121453244535,0.0563675147361042,"PBLUP"
3,3,"77205",-1.57563536485635,0.0360436817938966,0.536532649774536,"PBLUP"
3,3,"77246",0.938141000693478,-0.117355700627283,0.383133267353357,"PBLUP"
3,3,"775",1.67162948031973,0.343364451654071,0.84385341963471,"PBLUP"
3,3,"77534",0.859933394215296,-1.30989952019676,-0.809410552216125,"PBLUP"
3,3,"85465",0.41013581993747,0.144896525922276,0.645385493902915,"PBLUP"
3,3,"85587",0.475850406699153,-0.149277901358735,0.351211066621904,"PBLUP"
3,3,"85741",0.620521855358782,0.0438228742765054,0.544311842257145,"PBLUP"
3,3,"86162",-0.760966689314801,0.349152557862787,0.849641525843427,"PBLUP"
3,3,"86230",0.268111197488963,0.122145040580964,0.622634008561604,"PBLUP"
3,3,"86490",0.790757573177529,0.276084465191031,0.77657343317167,"PBLUP"
3,3,"877657",1.26586695011434,-0.025910438920585,0.474578529060054,"PBLUP"
3,3,"900613",0.745851112475593,0.102755144074002,0.603244112054641,"PBLUP"
3,3,"904516",0.578807874271491,-0.456937919539933,0.0435510484407066,"PBLUP"
3,3,"909641",0.615659839210966,0.183301764530238,0.683790732510877,"PBLUP"
3,3,"909658",-0.170976910734629,0.183301764530238,0.683790732510877,"PBLUP"
3,3,"96413",0.107485494836752,0.382694272972451,0.88318324095309,"PBLUP"
3,3,"1047493",0.654661841441938,0.0517763582333883,0.0741175910423235,"GBLUP"
3,3,"107103",0.29973466265139,0.259104850434172,0.281446083243107,"GBLUP"
3,3,"1079616",0.712370796925057,0.0459276528277331,0.0682688856366683,"GBLUP"
3,3,"1093268",0.393733641509161,0.684720565127836,0.707061797936771,"GBLUP"
3,3,"126114",1.67147474278739,0.795628779267079,0.817970012076014,"GBLUP"
3,3,"1295755",-1.01605558342181,-0.594181951423704,-0.571840718614769,"GBLUP"
3,3,"1296234",-0.732226228702336,0.252574007468617,0.274915240277552,"GBLUP"
3,3,"1301936",-1.04376988987242,-0.486321097104009,-0.463979864295074,"GBLUP"
3,3,"13098",0.891019350054848,0.3202117905629,0.342553023371835,"GBLUP"
3,3,"1311265",-0.879609656218283,-0.228489247376273,-0.206148014567338,"GBLUP"
3,3,"13421",1.00136349877638,-0.126285107724642,-0.103943874915707,"GBLUP"
3,3,"13469",2.33971284824899,0.474928067566318,0.497269300375254,"GBLUP"
3,3,"13767",1.84236198705811,0.0586332867101053,0.0809745195190404,"GBLUP"
3,3,"1500224",-0.189520982373785,-0.315618189572648,-0.293276956763713,"GBLUP"
3,3,"15200",-0.401527689844371,-0.136063325667713,-0.113722092858778,"GBLUP"
3,3,"1563726",1.47973050797303,0.238637680037548,0.260978912846483,"GBLUP"
3,3,"1630947",0.133668714125241,-0.249355581110076,-0.227014348301141,"GBLUP"
3,3,"1630957",0.152864312216366,-0.287068052627247,-0.264726819818312,"GBLUP"
3,3,"1635496",-0.848865751766015,-0.157347332283926,-0.13500609947499,"GBLUP"
3,3,"1636586",-0.384001628286413,-0.464550103554017,-0.442208870745082,"GBLUP"
3,3,"1642335",-0.334257583678611,-0.622520001508276,-0.600178768699341,"GBLUP"
3,3,"1651705",-0.265073618560194,-0.552106169539287,-0.529764936730352,"GBLUP"
3,3,"168912",-0.450848242258393,0.134500996096049,0.156842228904984,"GBLUP"
3,3,"168945",0.926380948235444,0.391534090213962,0.413875323022898,"GBLUP"
3,3,"1766332",-0.555393805557406,-0.805042586279448,-0.782701353470512,"GBLUP"
3,3,"1796426",-0.449993113790185,-0.613780893171304,-0.591439660362369,"GBLUP"
3,3,"1815932",-0.263876438704702,0.0980130759663726,0.120354308775308,"GBLUP"
3,3,"1815954",0.394873812800106,0.0190795790003212,0.0414208118092564,"GBLUP"
3,3,"1816173",-0.0502409151041959,0.830152979671759,0.852494212480694,"GBLUP"
3,3,"2011449",0.0766927259005868,0.23081858726295,0.253159820071885,"GBLUP"
3,3,"2031157",0.728031864014252,-0.58590709593609,-0.563565863127155,"GBLUP"
3,3,"2099196",1.6878769212157,0.37360597449938,0.395947207308315,"GBLUP"
3,3,"2114149",1.08853773804978,-0.5889811210223,-0.566639888213365,"GBLUP"
3,3,"2151603",-1.00835942720793,1.10816139777591,1.13050263058485,"GBLUP"
3,3,"217451",-0.997039155104975,-0.200255655186559,-0.177914422377624,"GBLUP"
3,3,"217562",-0.482284393565878,-0.217216074079833,-0.194874841270898,"GBLUP"
3,3,"217777",0.0452402864318024,0.587095204542802,0.609436437351737,"GBLUP"
3,3,"2200733",0.204334901921886,0.59233971340276,0.614680946211695,"GBLUP"
3,3,"222490",0.822315885694759,0.246526221690094,0.26886745449903,"GBLUP"
3,3,"2430154",0.559522691293221,0.646758160754395,0.66909939356333,"GBLUP"
3,3,"2448315",0.0113283346068357,0.151810113711084,0.174151346520019,"GBLUP"
3,3,"2485920",-1.42456266880613,-1.13895674078274,-1.1166155079738,"GBLUP"
3,3,"2588634",0.216599887380195,-0.482538125384392,-0.460196892575456,"GBLUP"
3,3,"2668073",-0.593304500981329,-0.703774540379147,-0.681433307570212,"GBLUP"
3,3,"292717",0.615765712259412,0.406186894682871,0.428528127491806,"GBLUP"
3,3,"294881",0.732445955726339,0.321084505285226,0.343425738094161,"GBLUP"
3,3,"295296",0.80610916520204,0.316713823875348,0.339055056684283,"GBLUP"
3,3,"295788",-1.68811326270808,-0.496177126410883,-0.473835893601947,"GBLUP"
3,3,"320849",-0.682832379562464,0.191474318656331,0.213815551465266,"GBLUP"
3,3,"342202",0.333019520266336,-0.515361366803185,-0.49302013399425,"GBLUP"
3,3,"342253",1.07641120196251,0.644652345083649,0.666993577892584,"GBLUP"
3,3,"342284",0.958330176623854,0.62756630093332,0.649907533742256,"GBLUP"
3,3,"342374",1.075702666946,0.255031039202186,0.277372272011121,"GBLUP"
3,3,"343376",-1.43664034040949,0.800830538863145,0.82317177167208,"GBLUP"
3,3,"353782",-0.467209700283455,-0.20766382716143,-0.185322594352495,"GBLUP"
3,3,"358060",-0.459033043311249,-0.181808553582302,-0.159467320773367,"GBLUP"
3,3,"358886",1.11577968782272,0.217216066097814,0.239557298906749,"GBLUP"
3,3,"376770",0.552209306869873,0.474483817467054,0.496825050275989,"GBLUP"
3,3,"3826179",-1.44924737725509,-1.18052657323785,-1.15818534042891,"GBLUP"
3,3,"3830069",-1.63645535914761,-0.556986232381358,-0.534644999572423,"GBLUP"
3,3,"3830184",-1.42619148493605,-0.983472200511041,-0.961130967702106,"GBLUP"
3,3,"3849968",-1.45247243319233,0.262476727427117,0.284817960236052,"GBLUP"
3,3,"3854950",-2.32277332365134,-2.16576799231236,-2.14342675950342,"GBLUP"
3,3,"3855646",-1.60297504359708,-1.01648627276133,-0.994145039952394,"GBLUP"
3,3,"3865255",-1.92223929322299,-0.936141316451026,-0.913800083642091,"GBLUP"
3,3,"3868700",-2.00590343373641,-1.19604133243136,-1.17370009962242,"GBLUP"
3,3,"3895",0.617410816550632,0.374655745434252,0.396996978243187,"GBLUP"
3,3,"390866",0.477267476732186,0.514452513245519,0.536793746054454,"GBLUP"
3,3,"392884",0.568171704943104,-0.856511852392572,-0.834170619583637,"GBLUP"
3,3,"392956",0.556664118985209,-0.286027267856195,-0.263686035047259,"GBLUP"
3,3,"393017",-0.57501289584231,0.185600457339874,0.207941690148809,"GBLUP"
3,3,"39359",1.49504952367494,1.08692960167377,1.1092708344827,"GBLUP"
3,3,"4057155",-1.02510365702352,-0.215041089040022,-0.192699856231087,"GBLUP"
3,3,"4069854",-0.902396793875885,-0.603667184820728,-0.581325952011793,"GBLUP"
3,3,"41660",-1.27526538233752,0.141401394778411,0.163742627587346,"GBLUP"
3,3,"41948",0.5807135891435,0.328423415967336,0.350764648776271,"GBLUP"
3,3,"421747",0.0844621788403119,-0.0607471087789563,-0.0384058759700212,"GBLUP"
3,3,"422005",0.127161593686205,-0.0220853185890891,0.00025591421984604,"GBLUP"
3,3,"423133",-0.80039218373955,0.164463859324767,0.186805092133703,"GBLUP"
3,3,"423409",0.221396750882815,0.67201255564874,0.694353788457675,"GBLUP"
3,3,"423673",0.256986383321601,0.519074969188006,0.541416201996941,"GBLUP"
3,3,"4248",0.647218151728196,-0.114646960532582,-0.0923057277236466,"GBLUP"
3,3,"428988",0.0947807290233647,0.797248958984284,0.81959019179322,"GBLUP"
3,3,"430174",0.174861474050957,0.302938678320798,0.325279911129733,"GBLUP"
3,3,"430390",-0.390231849983365,0.344495501282114,0.366836734091049,"GBLUP"
3,3,"431742",-1.65755667211075,-0.258580894530014,-0.236239661721079,"GBLUP"
3,3,"433740",-0.395224171421573,-0.109444250616298,-0.0871030178073625,"GBLUP"
3,3,"454059",1.54804305646194,0.666809481080841,0.689150713889777,"GBLUP"
3,3,"458835",0.881148724307524,0.65638911183494,0.678730344643875,"GBLUP"
3,3,"460142",1.63380836978296,0.49822168841954,0.520562921228475,"GBLUP"
3,3,"464211",0.902209316867409,0.581420866510619,0.603762099319555,"GBLUP"
3,3,"480143",0.202347746243382,0.490429231913917,0.512770464722853,"GBLUP"
3,3,"4937014",0.222276311592972,-0.442340557555137,-0.419999324746202,"GBLUP"
3,3,"536162",0.398147733221247,0.198918316509539,0.221259549318474,"GBLUP"
3,3,"60900",0.257466884079927,0.0506601844469413,0.0730014172558764,"GBLUP"
3,3,"62150",1.12297091103632,0.2715482575205,0.293889490329435,"GBLUP"
3,3,"62221",1.08326037378884,0.332955778187003,0.355297010995938,"GBLUP"
3,3,"62627",0.560687294826115,-0.633585952770521,-0.611244719961586,"GBLUP"
3,3,"65315",0.873330406883901,0.204612831555509,0.226954064364444,"GBLUP"
3,3,"664062",2.23440988544957,0.835822807736641,0.858164040545577,"GBLUP"
3,3,"669426",1.50597887990672,-0.0704304503513554,-0.0480892175424202,"GBLUP"
3,3,"67929",1.70620110267732,-0.804402404620882,-0.782061171811946,"GBLUP"
3,3,"692864",-0.987640886035329,-0.501492050914866,-0.479150818105931,"GBLUP"
3,3,"692876",-0.85955892965895,-0.342739451589834,-0.320398218780899,"GBLUP"
3,3,"77205",-1.57563536485635,0.0292813586064377,0.0516225914153729,"GBLUP"
3,3,"77246",0.938141000693478,-0.163243665624,-0.140902432815065,"GBLUP"
3,3,"775",1.67162948031973,0.198550039578562,0.220891272387497,"GBLUP"
3,3,"77534",0.859933394215296,-1.4493459859505,-1.42700475314157,"GBLUP"
3,3,"85465",0.41013581993747,0.464554081629657,0.486895314438592,"GBLUP"
3,3,"85587",0.475850406699153,-0.00108175966667978,0.0212594731422554,"GBLUP"
3,3,"85741",0.620521855358782,-0.217253331261453,-0.194912098452518,"GBLUP"
3,3,"86162",-0.760966689314801,0.369227982995062,0.391569215803997,"GBLUP"
3,3,"86230",0.268111197488963,0.658653053884135,0.68099428669307,"GBLUP"
3,3,"86490",0.790757573177529,-0.409642491067325,-0.38730125825839,"GBLUP"
3,3,"877657",1.26586695011434,-0.154516628524606,-0.132175395715671,"GBLUP"
3,3,"900613",0.745851112475593,0.719854629360483,0.742195862169418,"GBLUP"
3,3,"904516",0.578807874271491,0.24733509023569,0.269676323044626,"GBLUP"
3,3,"909641",0.615659839210966,0.299598890415661,0.321940123224596,"GBLUP"
3,3,"909658",-0.170976910734629,0.0202726567126728,0.042613889521608,"GBLUP"
3,3,"96413",0.107485494836752,0.674680136267345,0.69702136907628,"GBLUP"
3,4,"103122",-0.561477433802664,-0.399174389865193,0,"PBLUP"
3,4,"1058137",-1.22708500121444,0.132307026889436,0.531481416754629,"PBLUP"
3,4,"107017",1.73852495877561,0.234520879910716,0.63369526977591,"PBLUP"
3,4,"107066",0.640882056982801,-0.120276829543088,0.278897560322105,"PBLUP"
3,4,"1081265",1.56569127922964,-0.375038508234037,0.0241358816311569,"PBLUP"
3,4,"1127595",0.712093898182969,0.410252467706467,0.80942685757166,"PBLUP"
3,4,"1210458",-1.53023211523478,-0.189266650522939,0.209907739342255,"PBLUP"
3,4,"1291474",-0.0135518317777139,-0.379433278935758,0.0197411109294359,"PBLUP"
3,4,"1296766",0.183298741603949,0.0796668507316298,0.478841240596823,"PBLUP"
3,4,"1298205",-0.951635905483413,-0.141925121935554,0.257249267929639,"PBLUP"
3,4,"1301796",-0.598541144839027,-0.166206691390814,0.232967698474379,"PBLUP"
3,4,"1301800",-1.04135924200014,-0.166206691390814,0.232967698474379,"PBLUP"
3,4,"1301802",-0.857237866673811,-0.166206691390814,0.232967698474379,"PBLUP"
3,4,"1302304",-0.380581114413579,-0.187978421834821,0.211195968030373,"PBLUP"
3,4,"130562",-0.781090712599981,0.446890766739455,0.846065156604649,"PBLUP"
3,4,"1306534",-0.958965578068058,-0.187754021483126,0.211420368382067,"PBLUP"
3,4,"133128",0.32484286329413,0.40173654339972,0.800910933264913,"PBLUP"
3,4,"1342417",-0.105140162763201,0.355081592082524,0.754255981947718,"PBLUP"
3,4,"1390246",-1.64690421462106,-0.107687578618384,0.29148681124681,"PBLUP"
3,4,"1393230",-0.140526193185747,-0.0972309486642181,0.301943441200975,"PBLUP"
3,4,"13954",0.665868096415797,-0.115826229802703,0.283348160062491,"PBLUP"
3,4,"1399978",-1.50500989746295,0.149164642696238,0.548339032561431,"PBLUP"
3,4,"14103",-0.437956162590065,0.0666993105007425,0.465873700365936,"PBLUP"
3,4,"143023",-0.135460575021689,0.1218641763519,0.521038566217094,"PBLUP"
3,4,"143808",0.0375359861372731,0.525163534282638,0.924337924147832,"PBLUP"
3,4,"143844",-0.075365403908236,0.525163534282638,0.924337924147832,"PBLUP"
3,4,"14431",1.65097609179233,-0.0795140351722611,0.319660354692932,"PBLUP"
3,4,"1504972",0.381517520534749,0.00924290779966325,0.408417297664857,"PBLUP"
3,4,"1541045",-0.317448201217821,0.117692480459746,0.51686687032494,"PBLUP"
3,4,"1563730",0.980278473974546,0.41624713378521,0.815421523650404,"PBLUP"
3,4,"1635819",-0.549196160183055,-0.0112508395837839,0.38792355028141,"PBLUP"
3,4,"168060",-0.434926564588412,0.455819547499954,0.854993937365147,"PBLUP"
3,4,"168154",1.4005456118169,0.237433413953124,0.636607803818317,"PBLUP"
3,4,"168614",-0.438778714735675,0.0903989265361154,0.489573316401309,"PBLUP"
3,4,"168979",0.200645633387613,0.453105268545894,0.852279658411087,"PBLUP"
3,4,"1766370",-0.358307053836902,-0.532683446655634,-0.133509056790441,"PBLUP"
3,4,"1838323",-1.76676064954134,0.435101033671871,0.834275423537065,"PBLUP"
3,4,"20934",0.434111993369914,0.0213824945903768,0.42055688445557,"PBLUP"
3,4,"2166",-0.25270276005344,0.124299928185359,0.523474318050552,"PBLUP"
3,4,"217385",0.955186561493106,0.246814157070733,0.645988546935927,"PBLUP"
3,4,"217743",-0.15331239980563,-0.217751342887254,0.18142304697794,"PBLUP"
3,4,"218554",1.05305397865944,0.183569906966347,0.58274429683154,"PBLUP"
3,4,"220399",-0.881059302573914,-0.399174389865193,0,"PBLUP"
3,4,"222693",-0.973934398302038,-0.399174389865193,0,"PBLUP"
3,4,"2460025",-0.086099302204419,0.042287875576752,0.441462265441945,"PBLUP"
3,4,"2465",0.785439488513336,0.0415288466198219,0.440703236485015,"PBLUP"
3,4,"2484320",-1.39759761777528,0.0592976184435341,0.458472008308728,"PBLUP"
3,4,"2485043",-1.35715411326932,-0.547282718779447,-0.148108328914253,"PBLUP"
3,4,"2485050",-0.81742145637788,-0.547282718779447,-0.148108328914253,"PBLUP"
3,4,"2485890",-2.06419061894565,-0.730903167620023,-0.33172877775483,"PBLUP"
3,4,"2588696",0.0402805413161911,-0.0222672313645635,0.37690715850063,"PBLUP"
3,4,"2600794",-0.27764807908319,0.49360052208472,0.892774911949914,"PBLUP"
3,4,"2620837",-0.706295475913985,0.180980411362972,0.580154801228166,"PBLUP"
3,4,"27001",0.26570869369733,-0.0565546720610949,0.342619717804099,"PBLUP"
3,4,"292703",0.642038516435046,0.809844026328231,1.20901841619342,"PBLUP"
3,4,"294818",0.514005424542565,-0.0339435018583666,0.365230888006827,"PBLUP"
3,4,"342231",0.642486440870774,0.406303344988263,0.805477734853457,"PBLUP"
3,4,"343215",0.475402482263425,0.22216298261113,0.621337372476324,"PBLUP"
3,4,"355408",0.759125963934455,0.313313974307902,0.712488364173095,"PBLUP"
3,4,"367789",1.33162225727927,0.313313974307902,0.712488364173095,"PBLUP"
3,4,"371007",-1.1563536607726,0.230765176851525,0.629939566716719,"PBLUP"
3,4,"373045",-0.665941556295178,0.0381423668827182,0.437316756747912,"PBLUP"
3,4,"376804",-0.154615452709568,-0.399174389865193,0,"PBLUP"
3,4,"3822784",-0.562658325496856,-0.715038432344805,-0.315864042479612,"PBLUP"
3,4,"3827748",-1.44840039286753,0.454332894338532,0.853507284203725,"PBLUP"
3,4,"3827768",-2.28909755016522,-0.707483599658299,-0.308309209793105,"PBLUP"
3,4,"3827771",-1.56944586356264,-0.18094824952014,0.218226140345053,"PBLUP"
3,4,"3827774",-2.05032124959937,0.0601123193868294,0.459286709252023,"PBLUP"
3,4,"3830034",-2.00663640099488,0.128165625156565,0.527340015021758,"PBLUP"
3,4,"3830068",-1.1770559137839,-0.6416747678943,-0.242500378029107,"PBLUP"
3,4,"3830083",-1.82117939644201,-1.409361235152,-1.01018684528681,"PBLUP"
3,4,"3830130",-1.50911451411035,0.0092358311810225,0.408410221046216,"PBLUP"
3,4,"3830198",-2.0155215929836,-1.40340970740018,-1.00423531753498,"PBLUP"
3,4,"393205",0.523151227112074,0.421877328521923,0.821051718387116,"PBLUP"
3,4,"4057141",-0.841470926536171,-0.371249421673588,0.0279249681916057,"PBLUP"
3,4,"4059217",-1.14887739473626,-0.23534675679814,0.163827633067053,"PBLUP"
3,4,"41263",0.565606319538478,-0.117157647374025,0.282016742491169,"PBLUP"
3,4,"41418",0.12124899113459,0.145921656194004,0.545096046059198,"PBLUP"
3,4,"41471",0.748286192589826,0.417236993435168,0.816411383300361,"PBLUP"
3,4,"416019",-0.58579565862239,0.233153583832033,0.632327973697227,"PBLUP"
3,4,"419380",0.939240451581174,0.0592413935738131,0.458415783439007,"PBLUP"
3,4,"419525",0.918261299827786,-0.0312873934723377,0.367886996392856,"PBLUP"
3,4,"419528",1.06256626485818,-0.0312873934723377,0.367886996392856,"PBLUP"
3,4,"420125",0.301453063668456,0.53104021533543,0.930214605200623,"PBLUP"
3,4,"421442",0.84616989791746,0.282504035947216,0.681678425812409,"PBLUP"
3,4,"42174",-0.365522709292455,0.31039143045023,0.709565820315423,"PBLUP"
3,4,"421919",0.0629292296027502,0.237875328656701,0.637049718521894,"PBLUP"
3,4,"42274",0.449406576829877,0.221254153161376,0.62042854302657,"PBLUP"
3,4,"422983",0.411675051180245,0.0166263367180796,0.415800726583273,"PBLUP"
3,4,"424700",1.6245078296811,0.703683108301782,1.10285749816698,"PBLUP"
3,4,"428238",-0.293797791011361,0.1083085419026,0.507482931767793,"PBLUP"
3,4,"430433",0.211509836974191,0.00435216964391738,0.403526559509111,"PBLUP"
3,4,"432043",-0.726167032699027,0.148391880491864,0.547566270357057,"PBLUP"
3,4,"438323",-0.30088314117652,0.301751622044375,0.700926011909568,"PBLUP"
3,4,"460689",0.966873317225293,0.253119698755979,0.652294088621173,"PBLUP"
3,4,"460960",-0.381265217188148,-0.0771816027587962,0.321992787106397,"PBLUP"
3,4,"471420",-0.766496520075884,0.19772873750071,0.596903127365903,"PBLUP"
3,4,"512731",-0.111875317460428,0.0138871133840676,0.413061503249261,"PBLUP"
3,4,"520702",-0.151577710627263,0.0737944671735554,0.472968857038749,"PBLUP"
3,4,"609307",1.1992076499973,0.487244100308542,0.886418490173735,"PBLUP"
3,4,"623960",0.796075657841723,0.167347098645611,0.566521488510805,"PBLUP"
3,4,"62587",-0.879796970073224,0.111269329634451,0.510443719499644,"PBLUP"
3,4,"701166",-0.948679604207606,-0.278779869937255,0.120394519927938,"PBLUP"
3,4,"77128",1.30970653625117,0.613973403446815,1.01314779331201,"PBLUP"
3,4,"77310",-0.0753409716662881,-0.278163799641917,0.121010590223277,"PBLUP"
3,4,"83123",1.29932283342292,0.298860074956134,0.698034464821327,"PBLUP"
3,4,"85331",-0.016524421214821,-0.0970234079696618,0.302150981895532,"PBLUP"
3,4,"855168",-1.10036310630655,0.221848132134387,0.62102252199958,"PBLUP"
3,4,"85599",0.529967822615795,-0.0687418763104932,0.3304325135547,"PBLUP"
3,4,"85637",0.149215764085342,0.468426711003087,0.86760110086828,"PBLUP"
3,4,"85676",1.25576829010882,0.100021685621799,0.499196075486993,"PBLUP"
3,4,"87107",0.0043977219740216,0.326522812232594,0.725697202097788,"PBLUP"
3,4,"878573",0.0873126070676752,0.022641848539253,0.421816238404446,"PBLUP"
3,4,"89491",-1.06303878468939,-0.0706349858302654,0.328539404034928,"PBLUP"
3,4,"934019",0.0447272093508763,-0.0671619893074613,0.332012400557732,"PBLUP"
3,4,"96458",-0.128994174985903,0.402990140515619,0.802164530380812,"PBLUP"
3,4,"96495",1.10011862073352,0.0264930580198507,0.425667447885044,"PBLUP"
3,4,"96619",0.703550757581531,0.40173654339972,0.800910933264913,"PBLUP"
3,4,"97127",0.36759928670457,0.0128899503747692,0.412064340239963,"PBLUP"
3,4,"984151",1.24695639484595,0.309789148611463,0.708963538476656,"PBLUP"
3,4,"103122",-0.561477433802664,-0.758189036496367,-0.788512107716716,"GBLUP"
3,4,"1058137",-1.22708500121444,-0.34197316122644,-0.372296232446789,"GBLUP"
3,4,"107017",1.73852495877561,0.219581791023062,0.189258719802713,"GBLUP"
3,4,"107066",0.640882056982801,0.37809947458332,0.347776403362971,"GBLUP"
3,4,"1081265",1.56569127922964,-0.433168273962422,-0.463491345182771,"GBLUP"
3,4,"1127595",0.712093898182969,-0.00130845834606643,-0.0316315295664155,"GBLUP"
3,4,"1210458",-1.53023211523478,-0.328331041709084,-0.358654112929433,"GBLUP"
3,4,"1291474",-0.0135518317777139,-0.373425247958309,-0.403748319178658,"GBLUP"
3,4,"1296766",0.183298741603949,0.133587189719307,0.103264118498958,"GBLUP"
3,4,"1298205",-0.951635905483413,0.136796932455389,0.10647386123504,"GBLUP"
3,4,"1301796",-0.598541144839027,0.0789348161931085,0.0486117449727595,"GBLUP"
3,4,"1301800",-1.04135924200014,-0.0459367878141327,-0.0762598590344818,"GBLUP"
3,4,"1301802",-0.857237866673811,0.031843520874269,0.00152044965391995,"GBLUP"
3,4,"1302304",-0.380581114413579,-0.29242514376112,-0.322748214981469,"GBLUP"
3,4,"130562",-0.781090712599981,-0.334706925244626,-0.365029996464975,"GBLUP"
3,4,"1306534",-0.958965578068058,-0.198899904684816,-0.229222975905165,"GBLUP"
3,4,"133128",0.32484286329413,0.440392707877256,0.410069636656907,"GBLUP"
3,4,"1342417",-0.105140162763201,0.180544715944545,0.150221644724196,"GBLUP"
3,4,"1390246",-1.64690421462106,0.502482734948983,0.472159663728634,"GBLUP"
3,4,"1393230",-0.140526193185747,-0.103569670749993,-0.133892741970342,"GBLUP"
3,4,"13954",0.665868096415797,0.332223995949884,0.301900924729535,"GBLUP"
3,4,"1399978",-1.50500989746295,-0.417945623990164,-0.448268695210513,"GBLUP"
3,4,"14103",-0.437956162590065,-0.412459400563527,-0.442782471783876,"GBLUP"
3,4,"143023",-0.135460575021689,0.384753632458025,0.354430561237676,"GBLUP"
3,4,"143808",0.0375359861372731,-0.137744613414465,-0.168067684634814,"GBLUP"
3,4,"143844",-0.075365403908236,0.372521630080581,0.342198558860232,"GBLUP"
3,4,"14431",1.65097609179233,0.251442783811126,0.221119712590777,"GBLUP"
3,4,"1504972",0.381517520534749,-0.0449216939331028,-0.0752447651534518,"GBLUP"
3,4,"1541045",-0.317448201217821,0.401289460016619,0.37096638879627,"GBLUP"
3,4,"1563730",0.980278473974546,0.297355841198755,0.267032769978406,"GBLUP"
3,4,"1635819",-0.549196160183055,-0.416620318538947,-0.446943389759296,"GBLUP"
3,4,"168060",-0.434926564588412,0.3321073453907,0.301784274170351,"GBLUP"
3,4,"168154",1.4005456118169,0.128993410774256,0.0986703395539074,"GBLUP"
3,4,"168614",-0.438778714735675,0.13288069196189,0.102557620741541,"GBLUP"
3,4,"168979",0.200645633387613,0.460151965383943,0.429828894163594,"GBLUP"
3,4,"1766370",-0.358307053836902,-0.765089150001199,-0.795412221221548,"GBLUP"
3,4,"1838323",-1.76676064954134,-0.760351268977665,-0.790674340198014,"GBLUP"
3,4,"20934",0.434111993369914,0.347496407230243,0.317173336009894,"GBLUP"
3,4,"2166",-0.25270276005344,-0.369614775773999,-0.399937846994348,"GBLUP"
3,4,"217385",0.955186561493106,-0.314344156416842,-0.344667227637191,"GBLUP"
3,4,"217743",-0.15331239980563,-0.254893672112903,-0.285216743333252,"GBLUP"
3,4,"218554",1.05305397865944,0.120266982805371,0.0899439115850218,"GBLUP"
3,4,"220399",-0.881059302573914,-0.819658467061531,-0.84998153828188,"GBLUP"
3,4,"222693",-0.973934398302038,-0.696561755698232,-0.726884826918581,"GBLUP"
3,4,"2460025",-0.086099302204419,-0.352736950948698,-0.383060022169047,"GBLUP"
3,4,"2465",0.785439488513336,0.398494922779346,0.368171851558997,"GBLUP"
3,4,"2484320",-1.39759761777528,0.200013221628266,0.169690150407917,"GBLUP"
3,4,"2485043",-1.35715411326932,-0.192150660384764,-0.222473731605113,"GBLUP"
3,4,"2485050",-0.81742145637788,-0.323751083080918,-0.354074154301267,"GBLUP"
3,4,"2485890",-2.06419061894565,-0.488221189490811,-0.51854426071116,"GBLUP"
3,4,"2588696",0.0402805413161911,-0.542855043546872,-0.573178114767221,"GBLUP"
3,4,"2600794",-0.27764807908319,0.661582782942284,0.631259711721935,"GBLUP"
3,4,"2620837",-0.706295475913985,0.094177995788984,0.0638549245686349,"GBLUP"
3,4,"27001",0.26570869369733,0.3041203702494,0.273797299029051,"GBLUP"
3,4,"292703",0.642038516435046,0.598366843383869,0.56804377216352,"GBLUP"
3,4,"294818",0.514005424542565,0.246504744380855,0.216181673160506,"GBLUP"
3,4,"342231",0.642486440870774,0.39076326895362,0.360440197733271,"GBLUP"
3,4,"343215",0.475402482263425,-0.663607398114283,-0.693930469334632,"GBLUP"
3,4,"355408",0.759125963934455,0.217361719627468,0.187038648407119,"GBLUP"
3,4,"367789",1.33162225727927,0.6878500152065,0.657526943986151,"GBLUP"
3,4,"371007",-1.1563536607726,-0.0176271570083526,-0.0479502282287016,"GBLUP"
3,4,"373045",-0.665941556295178,0.0782250127992508,0.0479019415789017,"GBLUP"
3,4,"376804",-0.154615452709568,0.393881924268278,0.363558853047929,"GBLUP"
3,4,"3822784",-0.562658325496856,-0.600789258365319,-0.631112329585668,"GBLUP"
3,4,"3827748",-1.44840039286753,-0.383669306840217,-0.413992378060566,"GBLUP"
3,4,"3827768",-2.28909755016522,-0.652950332592172,-0.683273403812521,"GBLUP"
3,4,"3827771",-1.56944586356264,-0.739905813327768,-0.770228884548117,"GBLUP"
3,4,"3827774",-2.05032124959937,-0.800069503505603,-0.830392574725952,"GBLUP"
3,4,"3830034",-2.00663640099488,0.325657321827946,0.295334250607597,"GBLUP"
3,4,"3830068",-1.1770559137839,-0.716610700776698,-0.746933771997047,"GBLUP"
3,4,"3830083",-1.82117939644201,-1.07231331631763,-1.10263638753798,"GBLUP"
3,4,"3830130",-1.50911451411035,-0.785444126896471,-0.81576719811682,"GBLUP"
3,4,"3830198",-2.0155215929836,-0.978396216712286,-1.00871928793264,"GBLUP"
3,4,"393205",0.523151227112074,0.209192559347853,0.178869488127504,"GBLUP"
3,4,"4057141",-0.841470926536171,-0.506839945139375,-0.537163016359724,"GBLUP"
3,4,"4059217",-1.14887739473626,-0.259974258011462,-0.290297329231811,"GBLUP"
3,4,"41263",0.565606319538478,0.371749881570394,0.341426810350045,"GBLUP"
3,4,"41418",0.12124899113459,-0.0265579704452233,-0.0568810416655724,"GBLUP"
3,4,"41471",0.748286192589826,0.289308023695099,0.25898495247475,"GBLUP"
3,4,"416019",-0.58579565862239,0.618148655488031,0.587825584267682,"GBLUP"
3,4,"419380",0.939240451581174,0.814406211707515,0.784083140487166,"GBLUP"
3,4,"419525",0.918261299827786,-0.260258190454632,-0.290581261674981,"GBLUP"
3,4,"419528",1.06256626485818,0.0684233103296482,0.0381002391092992,"GBLUP"
3,4,"420125",0.301453063668456,0.229680391962376,0.199357320742027,"GBLUP"
3,4,"421442",0.84616989791746,0.673457901506609,0.64313483028626,"GBLUP"
3,4,"42174",-0.365522709292455,0.702975856870801,0.672652785650452,"GBLUP"
3,4,"421919",0.0629292296027502,0.337423466797087,0.307100395576738,"GBLUP"
3,4,"42274",0.449406576829877,-0.367715223381245,-0.398038294601594,"GBLUP"
3,4,"422983",0.411675051180245,0.0206803448823561,-0.00964272633799294,"GBLUP"
3,4,"424700",1.6245078296811,0.652090085237839,0.62176701401749,"GBLUP"
3,4,"428238",-0.293797791011361,-0.283089992781733,-0.313413064002082,"GBLUP"
3,4,"430433",0.211509836974191,-0.182949259670497,-0.213272330890846,"GBLUP"
3,4,"432043",-0.726167032699027,0.09350933584766,0.063186264627311,"GBLUP"
3,4,"438323",-0.30088314117652,0.386885019297295,0.356561948076946,"GBLUP"
3,4,"460689",0.966873317225293,0.319783211405073,0.289460140184724,"GBLUP"
3,4,"460960",-0.381265217188148,-0.652799372328708,-0.683122443549057,"GBLUP"
3,4,"471420",-0.766496520075884,0.336874579865449,0.3065515086451,"GBLUP"
3,4,"512731",-0.111875317460428,0.354812199545351,0.324489128325002,"GBLUP"
3,4,"520702",-0.151577710627263,0.0991924359086263,0.0688693646882773,"GBLUP"
3,4,"609307",1.1992076499973,0.406256065001482,0.375932993781133,"GBLUP"
3,4,"623960",0.796075657841723,0.924817280492236,0.894494209271887,"GBLUP"
3,4,"62587",-0.879796970073224,-0.459981540255666,-0.490304611476015,"GBLUP"
3,4,"701166",-0.948679604207606,0.135350284701783,0.105027213481434,"GBLUP"
3,4,"77128",1.30970653625117,1.32690023244903,1.29657716122868,"GBLUP"
3,4,"77310",-0.0753409716662881,-0.0151033335243986,-0.0454264047447477,"GBLUP"
3,4,"83123",1.29932283342292,0.228006032574485,0.197682961354136,"GBLUP"
3,4,"85331",-0.016524421214821,0.453996651245804,0.423673580025455,"GBLUP"
3,4,"855168",-1.10036310630655,-0.00439045325702443,-0.0347135244773735,"GBLUP"
3,4,"85599",0.529967822615795,-0.0780697657922442,-0.108392837012593,"GBLUP"
3,4,"85637",0.149215764085342,0.682768294161156,0.652445222940807,"GBLUP"
3,4,"85676",1.25576829010882,-0.0455283950917152,-0.0758514663120643,"GBLUP"
3,4,"87107",0.0043977219740216,0.609538786930268,0.579215715709919,"GBLUP"
3,4,"878573",0.0873126070676752,0.0273316181540402,-0.00299145306630884,"GBLUP"
3,4,"89491",-1.06303878468939,-0.0780641127441283,-0.108387183964477,"GBLUP"
3,4,"934019",0.0447272093508763,-0.159997413894794,-0.190320485115143,"GBLUP"
3,4,"96458",-0.128994174985903,0.638812120207951,0.608489048987602,"GBLUP"
3,4,"96495",1.10011862073352,0.061827840865339,0.03150476964499,"GBLUP"
3,4,"96619",0.703550757581531,0.481780800164564,0.451457728944215,"GBLUP"
3,4,"97127",0.36759928670457,0.509328748033338,0.479005676812989,"GBLUP"
3,4,"984151",1.24695639484595,0.286232603728659,0.25590953250831,"GBLUP"
3,5,"106657",0.354935241294429,-0.218210193908261,0.1853928896995,"PBLUP"
3,5,"106844",0.600617722251142,0.144027919084419,0.547631002692181,"PBLUP"
3,5,"107059",1.25938426191725,0.177858088160704,0.581461171768466,"PBLUP"
3,5,"107131",0.186100305347415,-0.403603083607762,0,"PBLUP"
3,5,"1101307",0.849134343273915,0.21675138516997,0.620354468777732,"PBLUP"
3,5,"1193118",-1.27799364935514,-0.178694812900067,0.224908270707694,"PBLUP"
3,5,"126308",-0.72547478584381,-0.403603083607762,0,"PBLUP"
3,5,"126309",-0.85354045405889,-0.403603083607762,0,"PBLUP"
3,5,"1290414",-0.332376301048552,-0.0991106866298362,0.304492396977925,"PBLUP"
3,5,"1293839",-0.0380492263717348,0.139258647758514,0.542861731366276,"PBLUP"
3,5,"1295300",-0.854232700914106,0.231946378428868,0.635549462036629,"PBLUP"
3,5,"13350",0.316022823950605,0.325851911621194,0.729454995228955,"PBLUP"
3,5,"1343502",-0.704397905122626,-0.347579492444645,0.0560235911631163,"PBLUP"
3,5,"1390242",0.0430088083338105,-0.684354558532413,-0.280751474924651,"PBLUP"
3,5,"1402346",-0.162702524794628,-0.294703821829549,0.108899261778213,"PBLUP"
3,5,"1410845",-1.38193655068608,-0.221195289936602,0.182407793671159,"PBLUP"
3,5,"1437563",-0.551834842313526,-0.320600921355439,0.0830021622523228,"PBLUP"
3,5,"1478148",-0.880179741863756,0.0852124465128696,0.488815530120631,"PBLUP"
3,5,"1491661",-0.267622715803522,0.24957134115225,0.653174424760011,"PBLUP"
3,5,"1507248",-0.200816822234791,-0.32127692193326,0.0823261616745017,"PBLUP"
3,5,"15292",-1.12723857245025,-0.403603083607762,0,"PBLUP"
3,5,"1586793",2.08261236622153,-0.07405744110049,0.329545642507272,"PBLUP"
3,5,"1636202",-0.174201966671873,0.0733828760629081,0.47698595967067,"PBLUP"
3,5,"1671946",-0.148678417916003,0.133703097574982,0.537306181182744,"PBLUP"
3,5,"1672866",-0.491755959361372,-0.34825569641777,0.0553473871899916,"PBLUP"
3,5,"168928",0.952971371556413,0.305133157750146,0.708736241357908,"PBLUP"
3,5,"1766345",-0.623869235659307,-0.400016627761907,0.00358645584585433,"PBLUP"
3,5,"1790751",0.0698516981549165,0.366445141599018,0.77004822520678,"PBLUP"
3,5,"1812547",0.2621904508567,0.318335681642662,0.721938765250424,"PBLUP"
3,5,"19627",0.967549275919211,-0.201815844529061,0.2017872390787,"PBLUP"
3,5,"2117143",0.0567723046316471,0.0603120592559344,0.463915142863696,"PBLUP"
3,5,"217726",-0.630873145017969,-0.00714245122515417,0.396460632382607,"PBLUP"
3,5,"220384",-0.76760411504423,-0.403603083607762,0,"PBLUP"
3,5,"2448313",0.167621386353455,0.266482281074929,0.67008536468269,"PBLUP"
3,5,"2464236",0.0910588841664946,-0.133041684511638,0.270561399096124,"PBLUP"
3,5,"2464628",-0.356083719819559,-0.343094445598109,0.0605086380096521,"PBLUP"
3,5,"2485260",-1.10190233754932,-0.270646691876157,0.132956391731605,"PBLUP"
3,5,"2487807",-2.07697682556554,-0.236747217074541,0.166855866533221,"PBLUP"
3,5,"269000",1.24462718778016,0.347575718731815,0.751178802339577,"PBLUP"
3,5,"294614",1.49951247987093,0.240027740823875,0.643630824431636,"PBLUP"
3,5,"294724",0.965651705127852,0.132740583111575,0.536343666719337,"PBLUP"
3,5,"294897",0.50474560484396,0.349940485505845,0.753543569113607,"PBLUP"
3,5,"295026",1.44896217127881,0.599667676784561,1.00327076039232,"PBLUP"
3,5,"295261",0.222887117641691,0.378246147504738,0.781849231112499,"PBLUP"
3,5,"305029",1.2708185511493,1.04451331126595,1.44811639487371,"PBLUP"
3,5,"31089",-1.40101813164811,-0.403603083607762,0,"PBLUP"
3,5,"321397",0.364545256460967,0.461377116873973,0.864980200481734,"PBLUP"
3,5,"321487",0.590209587180944,0.185044032275309,0.588647115883071,"PBLUP"
3,5,"321822",0.861635507071064,-0.220858922744367,0.182744160863394,"PBLUP"
3,5,"321840",1.09444219652075,0.272570351556138,0.676173435163899,"PBLUP"
3,5,"342294",0.689583659267455,0.634955553262941,1.0385586368707,"PBLUP"
3,5,"345434",2.52690454198022,0.389643001309018,0.793246084916779,"PBLUP"
3,5,"3578390",-1.48235306509574,0.0678232745978444,0.471426358205606,"PBLUP"
3,5,"368747",1.46796231143435,0.214228579623431,0.617831663231193,"PBLUP"
3,5,"369679",0.824579940115349,0.103096343032775,0.506699426640536,"PBLUP"
3,5,"373101",-0.44842130622481,-0.138873531125118,0.264729552482644,"PBLUP"
3,5,"377165",1.43900196064434,0.268561188506534,0.672164272114296,"PBLUP"
3,5,"377191",0.812233513850544,0.328064803956612,0.731667887564373,"PBLUP"
3,5,"3827759",-2.1265824208023,0.0867694452553777,0.490372528863139,"PBLUP"
3,5,"3830109",-2.41866172921982,-0.160508305034056,0.243094778573705,"PBLUP"
3,5,"3830165",-1.84079848672692,-0.270646691876157,0.132956391731605,"PBLUP"
3,5,"3830201",-1.69475068843751,-0.301446224963494,0.102156858644267,"PBLUP"
3,5,"3848142",-1.64571517884622,-0.270646691876157,0.132956391731605,"PBLUP"
3,5,"3848815",-1.70271559931282,-0.236747217074541,0.166855866533221,"PBLUP"
3,5,"3855675",-1.66940630945593,-0.125810446434712,0.277792637173049,"PBLUP"
3,5,"3864287",-2.26872920446055,0.00213437641435515,0.405737460022117,"PBLUP"
3,5,"3868812",-2.13250316743456,0.215990101054186,0.619593184661948,"PBLUP"
3,5,"3889",2.33609687644057,0.318574170765059,0.722177254372821,"PBLUP"
3,5,"390604",0.852253526162716,0.268561188506534,0.672164272114296,"PBLUP"
3,5,"391721",-1.09107885436599,-0.403603083607762,0,"PBLUP"
3,5,"391994",0.227317497515078,-0.0100418222084713,0.39356126139929,"PBLUP"
3,5,"392036",0.331048652749132,-0.252200790237822,0.15140229336994,"PBLUP"
3,5,"392959",0.26048019392028,0.650701714511768,1.05430479811953,"PBLUP"
3,5,"393298",-0.151805744885452,0.156337057901966,0.559940141509728,"PBLUP"
3,5,"4059227",-0.490371465650939,-0.13162982705114,0.271973256556621,"PBLUP"
3,5,"4062993",-1.24850393332291,-0.294369411439043,0.109233672168719,"PBLUP"
3,5,"4069736",-1.20997428776961,-0.291087233941165,0.112515849666596,"PBLUP"
3,5,"413235",-0.454749256889555,-0.0150616265004057,0.388541457107356,"PBLUP"
3,5,"414940",1.19555095778562,0.0560206100258604,0.459623693633622,"PBLUP"
3,5,"415066",0.240014119247817,0.0560206100258604,0.459623693633622,"PBLUP"
3,5,"415173",-0.00198723725527206,0.302470812074755,0.706073895682516,"PBLUP"
3,5,"41686",0.409679751421092,0.350423554286477,0.754026637894238,"PBLUP"
3,5,"41800",0.686040984184875,0.229304729015046,0.632907812622808,"PBLUP"
3,5,"420071",1.23562797866234,0.184911189790271,0.588514273398033,"PBLUP"
3,5,"420158",1.51528756408922,0.242292777188926,0.645895860796688,"PBLUP"
3,5,"42066",0.139231121208924,0.46214965939312,0.865752743000882,"PBLUP"
3,5,"42083",0.309238804769481,0.0755999839637851,0.479203067571547,"PBLUP"
3,5,"422212",-0.278486919390099,0.524318423311287,0.927921506919049,"PBLUP"
3,5,"423671",0.529128982308885,0.140909559182618,0.544512642790379,"PBLUP"
3,5,"427258",0.105180720012913,0.00195760011517521,0.405560683722937,"PBLUP"
3,5,"430154",0.869437536333388,0.021514662747228,0.42511774635499,"PBLUP"
3,5,"433924",-0.430691642650614,-0.134454489149758,0.269148594458003,"PBLUP"
3,5,"43789",-0.670200910474924,-0.0195619729742254,0.384041110633536,"PBLUP"
3,5,"438760",-0.670640690830003,0.0675917906107906,0.471194874218552,"PBLUP"
3,5,"438770",0.342629535432872,0.0675917906107906,0.471194874218552,"PBLUP"
3,5,"450448",1.42136188195729,0.361129501750612,0.764732585358373,"PBLUP"
3,5,"480914",0.360823411604095,0.295974671846685,0.699577755454447,"PBLUP"
3,5,"62114",0.142285151452527,0.141284411109735,0.544887494717496,"PBLUP"
3,5,"625454",0.42732797418879,0.192882449393603,0.596485533001365,"PBLUP"
3,5,"62576",1.23914622150297,-0.00121223925066999,0.402390844357092,"PBLUP"
3,5,"64869",0.525871350049044,0.232034190826965,0.635637274434726,"PBLUP"
3,5,"65038",0.334575039670411,0.164493203744627,0.568096287352388,"PBLUP"
3,5,"67055",-0.934574056522484,0.201597600238477,0.605200683846239,"PBLUP"
3,5,"673831",0.29330898301885,-0.238424569709016,0.165178513898745,"PBLUP"
3,5,"68460",1.04727168139822,0.39232950666896,0.795932590276722,"PBLUP"
3,5,"70761",-0.135403566457144,-0.0821587655310342,0.321444318076727,"PBLUP"
3,5,"76718",-0.40858860776758,-0.0670456233418711,0.336557460265891,"PBLUP"
3,5,"770505",-0.471574927511644,0.025497567636313,0.429100651244075,"PBLUP"
3,5,"77587",1.49285062189955,0.192535507656075,0.596138591263836,"PBLUP"
3,5,"78690",-0.722958264923082,-0.403603083607762,0,"PBLUP"
3,5,"82710",-0.0599079388352816,0.254672888626207,0.658275972233968,"PBLUP"
3,5,"855587",-0.0389206430012417,0.318211888248932,0.721814971856694,"PBLUP"
3,5,"85786",1.44805003424606,-0.195254016751196,0.208349066856566,"PBLUP"
3,5,"85888",0.103739217737934,0.192882449393603,0.596485533001365,"PBLUP"
3,5,"85899",0.852628153872598,0.0194705426083722,0.423073626216134,"PBLUP"
3,5,"86954",-0.571950721518058,0.387480206653129,0.79108329026089,"PBLUP"
3,5,"87507",-0.0755690059244772,0.0729097530075692,0.476512836615331,"PBLUP"
3,5,"897095",0.599518271363445,-0.172748430244993,0.230854653362768,"PBLUP"
3,5,"92207",1.8092807314594,0.309274733630598,0.71287781723836,"PBLUP"
3,5,"106657",0.354935241294429,-0.257719880625636,-0.247180072352749,"GBLUP"
3,5,"106844",0.600617722251142,-0.499362944154853,-0.488823135881966,"GBLUP"
3,5,"107059",1.25938426191725,0.314932428618979,0.325472236891866,"GBLUP"
3,5,"107131",0.186100305347415,-0.279792254548722,-0.269252446275835,"GBLUP"
3,5,"1101307",0.849134343273915,0.0934521010600524,0.103991909332939,"GBLUP"
3,5,"1193118",-1.27799364935514,-0.435844490626535,-0.425304682353648,"GBLUP"
3,5,"126308",-0.72547478584381,-0.0833082707492466,-0.0727684624763598,"GBLUP"
3,5,"126309",-0.85354045405889,-0.11828705411675,-0.107747245843863,"GBLUP"
3,5,"1290414",-0.332376301048552,-0.515642022026418,-0.505102213753532,"GBLUP"
3,5,"1293839",-0.0380492263717348,0.211581693584925,0.222121501857812,"GBLUP"
3,5,"1295300",-0.854232700914106,-0.856778947649226,-0.846239139376339,"GBLUP"
3,5,"13350",0.316022823950605,0.565268298497675,0.575808106770562,"GBLUP"
3,5,"1343502",-0.704397905122626,-0.796759081537705,-0.786219273264818,"GBLUP"
3,5,"1390242",0.0430088083338105,0.468008089687092,0.478547897959978,"GBLUP"
3,5,"1402346",-0.162702524794628,-0.462932904653641,-0.452393096380754,"GBLUP"
3,5,"1410845",-1.38193655068608,-0.092758291006071,-0.0822184827331841,"GBLUP"
3,5,"1437563",-0.551834842313526,0.144417000215866,0.154956808488753,"GBLUP"
3,5,"1478148",-0.880179741863756,0.508833615776533,0.51937342404942,"GBLUP"
3,5,"1491661",-0.267622715803522,0.251898109269683,0.26243791754257,"GBLUP"
3,5,"1507248",-0.200816822234791,-0.782962710948687,-0.7724229026758,"GBLUP"
3,5,"15292",-1.12723857245025,-0.802623357688564,-0.792083549415677,"GBLUP"
3,5,"1586793",2.08261236622153,-0.0333715411225546,-0.0228317328496677,"GBLUP"
3,5,"1636202",-0.174201966671873,0.185483099939396,0.196022908212283,"GBLUP"
3,5,"1671946",-0.148678417916003,0.0270728336351144,0.0376126419080012,"GBLUP"
3,5,"1672866",-0.491755959361372,-0.823158441481722,-0.812618633208835,"GBLUP"
3,5,"168928",0.952971371556413,0.243302330642559,0.253842138915446,"GBLUP"
3,5,"1766345",-0.623869235659307,-1.08685513893,-1.07631533065711,"GBLUP"
3,5,"1790751",0.0698516981549165,0.555200376992761,0.565740185265648,"GBLUP"
3,5,"1812547",0.2621904508567,-0.094794386743807,-0.0842545784709202,"GBLUP"
3,5,"19627",0.967549275919211,-0.158980878351567,-0.148441070078681,"GBLUP"
3,5,"2117143",0.0567723046316471,-0.355947423609045,-0.345407615336158,"GBLUP"
3,5,"217726",-0.630873145017969,0.284596043169368,0.295135851442255,"GBLUP"
3,5,"220384",-0.76760411504423,-0.716112100277634,-0.705572292004747,"GBLUP"
3,5,"2448313",0.167621386353455,0.156411523556969,0.166951331829856,"GBLUP"
3,5,"2464236",0.0910588841664946,0.131155954819562,0.141695763092448,"GBLUP"
3,5,"2464628",-0.356083719819559,-0.798223747982483,-0.787683939709596,"GBLUP"
3,5,"2485260",-1.10190233754932,-1.00505712714453,-0.994517318871644,"GBLUP"
3,5,"2487807",-2.07697682556554,-1.16334649859053,-1.15280669031765,"GBLUP"
3,5,"269000",1.24462718778016,0.0709905240286333,0.0815303323015201,"GBLUP"
3,5,"294614",1.49951247987093,0.316756861538995,0.327296669811882,"GBLUP"
3,5,"294724",0.965651705127852,-0.422971288937167,-0.41243148066428,"GBLUP"
3,5,"294897",0.50474560484396,0.603987669125986,0.614527477398873,"GBLUP"
3,5,"295026",1.44896217127881,0.401223123883409,0.411762932156296,"GBLUP"
3,5,"295261",0.222887117641691,0.442232282003578,0.452772090276465,"GBLUP"
3,5,"305029",1.2708185511493,1.00786369510184,1.01840350337473,"GBLUP"
3,5,"31089",-1.40101813164811,-0.471421615774012,-0.460881807501125,"GBLUP"
3,5,"321397",0.364545256460967,0.241831839590779,0.252371647863666,"GBLUP"
3,5,"321487",0.590209587180944,-0.0484226659804673,-0.0378828577075805,"GBLUP"
3,5,"321822",0.861635507071064,0.60427878853928,0.614818596812167,"GBLUP"
3,5,"321840",1.09444219652075,0.202610944504569,0.213150752777456,"GBLUP"
3,5,"342294",0.689583659267455,0.27371801939748,0.284257827670367,"GBLUP"
3,5,"345434",2.52690454198022,0.742746788004097,0.753286596276984,"GBLUP"
3,5,"3578390",-1.48235306509574,0.0628377940957471,0.0733776023686339,"GBLUP"
3,5,"368747",1.46796231143435,0.241845584559124,0.252385392832011,"GBLUP"
3,5,"369679",0.824579940115349,0.372663885455431,0.383203693728318,"GBLUP"
3,5,"373101",-0.44842130622481,0.133052889940182,0.143592698213068,"GBLUP"
3,5,"377165",1.43900196064434,0.200547279365741,0.211087087638628,"GBLUP"
3,5,"377191",0.812233513850544,0.370757917209307,0.381297725482194,"GBLUP"
3,5,"3827759",-2.1265824208023,-0.846297048804158,-0.835757240531272,"GBLUP"
3,5,"3830109",-2.41866172921982,-0.140829139031173,-0.130289330758286,"GBLUP"
3,5,"3830165",-1.84079848672692,-0.414167934791627,-0.403628126518741,"GBLUP"
3,5,"3830201",-1.69475068843751,-1.43886692076655,-1.42832711249366,"GBLUP"
3,5,"3848142",-1.64571517884622,-0.583187245602413,-0.572647437329527,"GBLUP"
3,5,"3848815",-1.70271559931282,-1.29717590739027,-1.28663609911738,"GBLUP"
3,5,"3855675",-1.66940630945593,-1.10730804508225,-1.09676823680936,"GBLUP"
3,5,"3864287",-2.26872920446055,-1.01844792728528,-1.00790811901239,"GBLUP"
3,5,"3868812",-2.13250316743456,-0.993333042146628,-0.982793233873741,"GBLUP"
3,5,"3889",2.33609687644057,0.49653225756181,0.507072065834697,"GBLUP"
3,5,"390604",0.852253526162716,0.324474756125552,0.335014564398439,"GBLUP"
3,5,"391721",-1.09107885436599,-0.189810026788725,-0.179270218515838,"GBLUP"
3,5,"391994",0.227317497515078,0.838303389685649,0.848843197958536,"GBLUP"
3,5,"392036",0.331048652749132,-0.255011641988978,-0.244471833716092,"GBLUP"
3,5,"392959",0.26048019392028,0.131020379435263,0.14156018770815,"GBLUP"
3,5,"393298",-0.151805744885452,0.355266307444429,0.365806115717316,"GBLUP"
3,5,"4059227",-0.490371465650939,-0.154008791772172,-0.143468983499285,"GBLUP"
3,5,"4062993",-1.24850393332291,-0.300539604438024,-0.289999796165137,"GBLUP"
3,5,"4069736",-1.20997428776961,0.267326026113931,0.277865834386817,"GBLUP"
3,5,"413235",-0.454749256889555,-0.107398869226843,-0.0968590609539559,"GBLUP"
3,5,"414940",1.19555095778562,-0.714692665252045,-0.704152856979158,"GBLUP"
3,5,"415066",0.240014119247817,0.317970562587556,0.328510370860443,"GBLUP"
3,5,"415173",-0.00198723725527206,-0.597842442659433,-0.587302634386547,"GBLUP"
3,5,"41686",0.409679751421092,0.166256790126006,0.176796598398893,"GBLUP"
3,5,"41800",0.686040984184875,0.100776759289322,0.111316567562209,"GBLUP"
3,5,"420071",1.23562797866234,-0.319096838525931,-0.308557030253045,"GBLUP"
3,5,"420158",1.51528756408922,0.295230099542723,0.30576990781561,"GBLUP"
3,5,"42066",0.139231121208924,0.341122798703964,0.351662606976851,"GBLUP"
3,5,"42083",0.309238804769481,0.200054090633663,0.21059389890655,"GBLUP"
3,5,"422212",-0.278486919390099,0.421371752503566,0.431911560776453,"GBLUP"
3,5,"423671",0.529128982308885,0.486713977240501,0.497253785513388,"GBLUP"
3,5,"427258",0.105180720012913,0.417028622552206,0.427568430825093,"GBLUP"
3,5,"430154",0.869437536333388,-0.193878098943504,-0.183338290670617,"GBLUP"
3,5,"433924",-0.430691642650614,0.273226869473833,0.28376667774672,"GBLUP"
3,5,"43789",-0.670200910474924,0.391402892504649,0.401942700777536,"GBLUP"
3,5,"438760",-0.670640690830003,-0.578195045097717,-0.56765523682483,"GBLUP"
3,5,"438770",0.342629535432872,0.0655103535648638,0.0760501618377507,"GBLUP"
3,5,"450448",1.42136188195729,0.436838077472574,0.447377885745461,"GBLUP"
3,5,"480914",0.360823411604095,0.280566232989207,0.291106041262094,"GBLUP"
3,5,"62114",0.142285151452527,0.417382392536868,0.427922200809755,"GBLUP"
3,5,"625454",0.42732797418879,0.165792255884016,0.176332064156902,"GBLUP"
3,5,"62576",1.23914622150297,0.622582811136298,0.633122619409185,"GBLUP"
3,5,"64869",0.525871350049044,0.314196430569036,0.324736238841922,"GBLUP"
3,5,"65038",0.334575039670411,0.270771395269824,0.281311203542711,"GBLUP"
3,5,"67055",-0.934574056522484,-0.0240893314285436,-0.0135495231556567,"GBLUP"
3,5,"673831",0.29330898301885,0.633819254770548,0.644359063043435,"GBLUP"
3,5,"68460",1.04727168139822,0.0758027774885264,0.0863425857614133,"GBLUP"
3,5,"70761",-0.135403566457144,0.301536342402382,0.312076150675269,"GBLUP"
3,5,"76718",-0.40858860776758,-0.197904309455422,-0.187364501182535,"GBLUP"
3,5,"770505",-0.471574927511644,0.392980069714485,0.403519877987372,"GBLUP"
3,5,"77587",1.49285062189955,0.305833070312651,0.316372878585538,"GBLUP"
3,5,"78690",-0.722958264923082,-0.882642891962789,-0.872103083689903,"GBLUP"
3,5,"82710",-0.0599079388352816,-0.237407523036422,-0.226867714763535,"GBLUP"
3,5,"855587",-0.0389206430012417,0.0838203734812511,0.0943601817541379,"GBLUP"
3,5,"85786",1.44805003424606,0.016219721019967,0.0267595292928539,"GBLUP"
3,5,"85888",0.103739217737934,0.561533417171476,0.572073225444363,"GBLUP"
3,5,"85899",0.852628153872598,0.0406978676925746,0.0512376759654614,"GBLUP"
3,5,"86954",-0.571950721518058,0.343228680199704,0.353768488472591,"GBLUP"
3,5,"87507",-0.0755690059244772,0.440894192018677,0.451434000291563,"GBLUP"
3,5,"897095",0.599518271363445,-0.0607881827822846,-0.0502483745093977,"GBLUP"
3,5,"92207",1.8092807314594,0.567847536064324,0.578387344337211,"GBLUP"
4,1,"103122",-0.561477433802664,-0.474274690805443,0,"PBLUP"
4,1,"1058137",-1.22708500121444,0.117591405260168,0.591866096065611,"PBLUP"
4,1,"1064007",1.13284153678365,0.222462576933514,0.696737267738957,"PBLUP"
4,1,"106844",0.600617722251142,0.235816475805594,0.710091166611037,"PBLUP"
4,1,"107052",1.20011164294941,0.331958084588041,0.806232775393483,"PBLUP"
4,1,"1079616",0.712370796925057,0.441480972208945,0.915755663014388,"PBLUP"
4,1,"1082612",1.48183982486128,0.340064695771251,0.814339386576694,"PBLUP"
4,1,"1127595",0.712093898182969,0.236527690500159,0.710802381305602,"PBLUP"
4,1,"1193118",-1.27799364935514,-0.156493866318889,0.317780824486554,"PBLUP"
4,1,"126308",-0.72547478584381,-0.474274690805443,0,"PBLUP"
4,1,"1295755",-1.01605558342181,-0.614380888349423,-0.140106197543981,"PBLUP"
4,1,"1298199",-1.01373452043667,-0.120966690262259,0.353308000543184,"PBLUP"
4,1,"1301800",-1.04135924200014,-0.338149424670968,0.136125266134474,"PBLUP"
4,1,"1301936",-1.04376988987242,-0.215207761200949,0.259066929604494,"PBLUP"
4,1,"13098",0.891019350054848,0.459266462139937,0.93354115294538,"PBLUP"
4,1,"13421",1.00136349877638,0.40769127753122,0.881965968336663,"PBLUP"
4,1,"1399978",-1.50500989746295,0.229811207519389,0.704085898324832,"PBLUP"
4,1,"1402346",-0.162702524794628,-0.292929127773816,0.181345563031627,"PBLUP"
4,1,"1410845",-1.38193655068608,-0.250794079543881,0.223480611261562,"PBLUP"
4,1,"1478078",0.125092997201205,-0.131505448095164,0.342769242710279,"PBLUP"
4,1,"16262",2.59396290204909,-0.0842348649929274,0.390039825812515,"PBLUP"
4,1,"1635819",-0.549196160183055,-0.146493575064711,0.327781115740732,"PBLUP"
4,1,"1636586",-0.384001628286413,-0.254075858876185,0.220198831929258,"PBLUP"
4,1,"1642486",-0.246480682437141,0.00196742770818126,0.476242118513624,"PBLUP"
4,1,"1671942",0.181808374845072,0.121051920567184,0.595326611372627,"PBLUP"
4,1,"1672866",-0.491755959361372,-0.350961967234845,0.123312723570598,"PBLUP"
4,1,"168060",-0.434926564588412,0.457462457126818,0.931737147932261,"PBLUP"
4,1,"168154",1.4005456118169,0.719690806817405,1.19396549762285,"PBLUP"
4,1,"168524",0.867116473348251,0.342642337641307,0.81691702844675,"PBLUP"
4,1,"168912",-0.450848242258393,0.213603911645633,0.687878602451076,"PBLUP"
4,1,"1766332",-0.555393805557406,-0.439421778291802,0.0348529125136403,"PBLUP"
4,1,"1796426",-0.449993113790185,-0.287958956802751,0.186315734002692,"PBLUP"
4,1,"1823515",0.462616275643541,0.243170108702765,0.717444799508208,"PBLUP"
4,1,"20585",-1.30511343791833,0.0997543496559229,0.574029040461366,"PBLUP"
4,1,"2117143",0.0567723046316471,0.134805755054784,0.609080445860226,"PBLUP"
4,1,"2151597",0.577415236480409,0.0328443981010081,0.507119088906451,"PBLUP"
4,1,"2166",-0.25270276005344,0.288211645343611,0.762486336149054,"PBLUP"
4,1,"217777",0.0452402864318024,0.0984499200510198,0.572724610856463,"PBLUP"
4,1,"2201664",-1.46839411086231,0.409655186353225,0.883929877158668,"PBLUP"
4,1,"220399",-0.881059302573914,-0.474274690805443,0,"PBLUP"
4,1,"2450184",-1.89225278827114,0.120300903331067,0.59457559413651,"PBLUP"
4,1,"2484301",-2.02592158397315,-0.0677271216658921,0.406547569139551,"PBLUP"
4,1,"2484320",-1.39759761777528,0.191412546361923,0.665687237167366,"PBLUP"
4,1,"2485890",-2.06419061894565,-0.661236205483211,-0.186961514677768,"PBLUP"
4,1,"2485920",-1.42456266880613,-1.50082162448421,-1.02654693367877,"PBLUP"
4,1,"2588632",-0.466631470557333,-0.025605957420937,0.448668733384506,"PBLUP"
4,1,"2600794",-0.27764807908319,0.340365138672944,0.814639829478387,"PBLUP"
4,1,"294614",1.49951247987093,0.161393357079519,0.635668047884962,"PBLUP"
4,1,"294705",0.782361026027785,-0.813437028120522,-0.339162337315079,"PBLUP"
4,1,"294881",0.732445955726339,0.381546878295979,0.855821569101422,"PBLUP"
4,1,"295146",1.00396960458425,0.210916337603813,0.685191028409256,"PBLUP"
4,1,"321397",0.364545256460967,0.46661130401638,0.940885994821823,"PBLUP"
4,1,"321614",-0.152489847660019,0.364411835369,0.838686526174443,"PBLUP"
4,1,"321822",0.861635507071064,-0.157275403002031,0.316999287803412,"PBLUP"
4,1,"342090",0.610089288046636,0.159268380647616,0.633543071453059,"PBLUP"
4,1,"342202",0.333019520266336,-0.0583978556613504,0.415876835144092,"PBLUP"
4,1,"355411",0.893902354604809,0.236527690500159,0.710802381305602,"PBLUP"
4,1,"369564",0.0694933586063328,0.182631255576154,0.656905946381597,"PBLUP"
4,1,"373101",-0.44842130622481,-0.152202038036582,0.322072652768861,"PBLUP"
4,1,"376770",0.552209306869873,0.372961230894104,0.847235921699547,"PBLUP"
4,1,"376790",-1.0649282114001,0.032166570367974,0.506441261173417,"PBLUP"
4,1,"3826177",-0.880505505089741,0.349033545054256,0.823308235859699,"PBLUP"
4,1,"3827759",-2.1265824208023,0.189124928954191,0.663399619759634,"PBLUP"
4,1,"3830032",-1.50356025110732,0.0475178800358662,0.521792570841309,"PBLUP"
4,1,"3830069",-1.63645535914761,-0.60136672924827,-0.127092038442827,"PBLUP"
4,1,"3830130",-1.50911451411035,0.0138441396848067,0.48811883049025,"PBLUP"
4,1,"3830165",-1.84079848672692,-0.820670206177029,-0.346395515371586,"PBLUP"
4,1,"3830198",-2.0155215929836,-1.50755554323068,-1.03328085242524,"PBLUP"
4,1,"3830201",-1.69475068843751,-0.233894577071732,0.240380113733711,"PBLUP"
4,1,"3864287",-2.26872920446055,0.0245417653291868,0.49881645613463,"PBLUP"
4,1,"3865255",-1.92223929322299,-0.573616464649103,-0.0993417738436601,"PBLUP"
4,1,"3881",0.998317612613427,0.936989623064988,1.41126431387043,"PBLUP"
4,1,"390845",0.463976337112026,-0.474274690805443,0,"PBLUP"
4,1,"391721",-1.09107885436599,-0.474274690805443,0,"PBLUP"
4,1,"391994",0.227317497515078,-0.0779105222331341,0.396364168572309,"PBLUP"
4,1,"392959",0.26048019392028,0.331958084588041,0.806232775393483,"PBLUP"
4,1,"393205",0.523151227112074,0.463220758665056,0.937495449470499,"PBLUP"
4,1,"4057141",-0.841470926536171,-0.143333362882684,0.330941327922759,"PBLUP"
4,1,"4057151",-1.10752175319755,-0.0309341907100207,0.443340500095422,"PBLUP"
4,1,"4059227",-0.490371465650939,-0.101003781306869,0.373270909498574,"PBLUP"
4,1,"412956",0.406967772564773,-0.0778331906390875,0.396441500166355,"PBLUP"
4,1,"414940",1.19555095778562,0.088673040564644,0.562947731370087,"PBLUP"
4,1,"41686",0.409679751421092,0.551137017131482,1.02541170793692,"PBLUP"
4,1,"41761",0.535644246828573,0.118810964516439,0.593085655321882,"PBLUP"
4,1,"41804",-0.456435081584024,-0.136387587618793,0.33788710318665,"PBLUP"
4,1,"419152",-0.16824864371701,-0.088453122510661,0.385821568294782,"PBLUP"
4,1,"420125",0.301453063668456,0.582566558500346,1.05684124930579,"PBLUP"
4,1,"421442",0.84616989791746,0.352069127843713,0.826343818649156,"PBLUP"
4,1,"422212",-0.278486919390099,0.662103945576387,1.13637863638183,"PBLUP"
4,1,"422381",-0.397260191583976,0.179963911063364,0.654238601868806,"PBLUP"
4,1,"423143",-1.25577659734301,-0.208614916441388,0.265659774364055,"PBLUP"
4,1,"428988",0.0947807290233647,0.531949695362223,1.00622438616767,"PBLUP"
4,1,"429247",-1.04267858306538,0.556576235384085,1.03085092618953,"PBLUP"
4,1,"430390",-0.390231849983365,0.254597480982228,0.728872171787671,"PBLUP"
4,1,"43154",0.0307112465529028,-0.00739095793919931,0.466883732866244,"PBLUP"
4,1,"431742",-1.65755667211075,0.19237314740093,0.666647838206373,"PBLUP"
4,1,"438770",0.342629535432872,0.0017895821645616,0.476064272970004,"PBLUP"
4,1,"480143",0.202347746243382,0.516295970850812,0.990570661656255,"PBLUP"
4,1,"536162",0.398147733221247,0.339497394760181,0.813772085565624,"PBLUP"
4,1,"609448",1.15351121347235,0.515148978003898,0.989423668809341,"PBLUP"
4,1,"62526",0.824197168324818,-0.286193832180783,0.18808085862466,"PBLUP"
4,1,"625454",0.42732797418879,0.291395289405705,0.765669980211148,"PBLUP"
4,1,"62603",0.702777069919819,-0.0930574271457847,0.381217263659658,"PBLUP"
4,1,"64869",0.525871350049044,0.38112103640684,0.855395727212282,"PBLUP"
4,1,"673831",0.29330898301885,-0.21484730998148,0.259427380823963,"PBLUP"
4,1,"675238",0.418499790764617,0.198136397703334,0.672411088508777,"PBLUP"
4,1,"68052",-0.150641141352559,0.259608815747073,0.733883506552516,"PBLUP"
4,1,"692876",-0.85955892965895,-0.52847992600813,-0.054205235202687,"PBLUP"
4,1,"76718",-0.40858860776758,0.213603911645633,0.687878602451076,"PBLUP"
4,1,"80836",0.898780658913924,-0.059073417106797,0.415201273698646,"PBLUP"
4,1,"83123",1.29932283342292,0.303309267098537,0.77758395790398,"PBLUP"
4,1,"835884",0.0390507851381006,-0.0458107274388115,0.428463963366631,"PBLUP"
4,1,"85741",0.620521855358782,0.320065013057384,0.794339703862827,"PBLUP"
4,1,"85888",0.103739217737934,0.291395289405705,0.765669980211148,"PBLUP"
4,1,"85899",0.852628153872598,0.102358836359472,0.576633527164915,"PBLUP"
4,1,"86954",-0.571950721518058,0.356852685634573,0.831127376440016,"PBLUP"
4,1,"87507",-0.0755690059244772,0.167644170922047,0.64191886172749,"PBLUP"
4,1,"89242",-0.470361459494854,-0.110649432002555,0.363625258802887,"PBLUP"
4,1,"96619",0.703550757581531,0.372961230894104,0.847235921699547,"PBLUP"
4,1,"97127",0.36759928670457,-0.0436565845895754,0.430618106215867,"PBLUP"
4,1,"103122",-0.561477433802664,-0.277215632270406,-0.307833123745486,"GBLUP"
4,1,"1058137",-1.22708500121444,-0.559433290844189,-0.590050782319268,"GBLUP"
4,1,"1064007",1.13284153678365,0.276048783959725,0.245431292484645,"GBLUP"
4,1,"106844",0.600617722251142,-0.374438448836199,-0.405055940311279,"GBLUP"
4,1,"107052",1.20011164294941,0.0144062627336723,-0.0162112287414072,"GBLUP"
4,1,"1079616",0.712370796925057,0.123739597266849,0.0931221057917692,"GBLUP"
4,1,"1082612",1.48183982486128,-0.0591917301529285,-0.089809221628008,"GBLUP"
4,1,"1127595",0.712093898182969,-0.0667695310636543,-0.0973870225387337,"GBLUP"
4,1,"1193118",-1.27799364935514,-0.51026483306706,-0.54088232454214,"GBLUP"
4,1,"126308",-0.72547478584381,-0.0792163149398218,-0.109833806414901,"GBLUP"
4,1,"1295755",-1.01605558342181,-0.527212302245778,-0.557829793720857,"GBLUP"
4,1,"1298199",-1.01373452043667,0.0704736479007153,0.0398561564256358,"GBLUP"
4,1,"1301800",-1.04135924200014,-0.208795845223735,-0.239413336698815,"GBLUP"
4,1,"1301936",-1.04376988987242,-0.457766728670874,-0.488384220145953,"GBLUP"
4,1,"13098",0.891019350054848,0.363699748289994,0.333082256814914,"GBLUP"
4,1,"13421",1.00136349877638,-0.0548821567159399,-0.0854996481910193,"GBLUP"
4,1,"1399978",-1.50500989746295,-0.417826315058567,-0.448443806533647,"GBLUP"
4,1,"1402346",-0.162702524794628,-0.59789672490973,-0.628514216384809,"GBLUP"
4,1,"1410845",-1.38193655068608,-0.244432395333032,-0.275049886808111,"GBLUP"
4,1,"1478078",0.125092997201205,0.192876156358142,0.162258664883063,"GBLUP"
4,1,"16262",2.59396290204909,0.171419387831332,0.140801896356252,"GBLUP"
4,1,"1635819",-0.549196160183055,-0.370164025795497,-0.400781517270577,"GBLUP"
4,1,"1636586",-0.384001628286413,-0.11691500310878,-0.14753249458386,"GBLUP"
4,1,"1642486",-0.246480682437141,0.158717248662807,0.128099757187728,"GBLUP"
4,1,"1671942",0.181808374845072,0.112734140499164,0.082116649024085,"GBLUP"
4,1,"1672866",-0.491755959361372,-0.801521187501025,-0.832138678976104,"GBLUP"
4,1,"168060",-0.434926564588412,0.464080115716099,0.433462624241019,"GBLUP"
4,1,"168154",1.4005456118169,0.504222577233976,0.473605085758896,"GBLUP"
4,1,"168524",0.867116473348251,0.464012226825415,0.433394735350336,"GBLUP"
4,1,"168912",-0.450848242258393,0.0606229826738041,0.0300054911987246,"GBLUP"
4,1,"1766332",-0.555393805557406,-0.684137056156903,-0.714754547631982,"GBLUP"
4,1,"1796426",-0.449993113790185,-0.393583933289224,-0.424201424764303,"GBLUP"
4,1,"1823515",0.462616275643541,-0.101018472524944,-0.131635964000024,"GBLUP"
4,1,"20585",-1.30511343791833,-0.0396852452491476,-0.070302736724227,"GBLUP"
4,1,"2117143",0.0567723046316471,-0.405767570303373,-0.436385061778452,"GBLUP"
4,1,"2151597",0.577415236480409,-0.0180355323846771,-0.0486530238597565,"GBLUP"
4,1,"2166",-0.25270276005344,-0.234192710071439,-0.264810201546518,"GBLUP"
4,1,"217777",0.0452402864318024,0.727079105904423,0.696461614429343,"GBLUP"
4,1,"2201664",-1.46839411086231,-0.170412466555509,-0.201029958030588,"GBLUP"
4,1,"220399",-0.881059302573914,-0.735708845405477,-0.766326336880556,"GBLUP"
4,1,"2450184",-1.89225278827114,-0.512024342544889,-0.542641834019968,"GBLUP"
4,1,"2484301",-2.02592158397315,0.227383520021991,0.196766028546912,"GBLUP"
4,1,"2484320",-1.39759761777528,0.198027806305458,0.167410314830379,"GBLUP"
4,1,"2485890",-2.06419061894565,-0.27132231073598,-0.301939802211059,"GBLUP"
4,1,"2485920",-1.42456266880613,-0.940515086854218,-0.971132578329298,"GBLUP"
4,1,"2588632",-0.466631470557333,-0.235401065656359,-0.266018557131438,"GBLUP"
4,1,"2600794",-0.27764807908319,0.435601425645321,0.404983934170242,"GBLUP"
4,1,"294614",1.49951247987093,0.0975820133992819,0.0669645219242024,"GBLUP"
4,1,"294705",0.782361026027785,0.396596740607435,0.365979249132355,"GBLUP"
4,1,"294881",0.732445955726339,0.580539560004694,0.549922068529614,"GBLUP"
4,1,"295146",1.00396960458425,0.604308936306208,0.573691444831129,"GBLUP"
4,1,"321397",0.364545256460967,0.289215183045825,0.258597691570746,"GBLUP"
4,1,"321614",-0.152489847660019,-0.00554628502656573,-0.0361637765016452,"GBLUP"
4,1,"321822",0.861635507071064,0.543961777547236,0.513344286072156,"GBLUP"
4,1,"342090",0.610089288046636,0.0837181558281495,0.0531006643530701,"GBLUP"
4,1,"342202",0.333019520266336,-0.366059519312228,-0.396677010787307,"GBLUP"
4,1,"355411",0.893902354604809,-0.0394429251939908,-0.0700604166690702,"GBLUP"
4,1,"369564",0.0694933586063328,-0.0452308737072117,-0.0758483651822911,"GBLUP"
4,1,"373101",-0.44842130622481,0.355038867613535,0.324421376138456,"GBLUP"
4,1,"376770",0.552209306869873,0.493087900468153,0.462470408993074,"GBLUP"
4,1,"376790",-1.0649282114001,-0.036481674466059,-0.0670991659411384,"GBLUP"
4,1,"3826177",-0.880505505089741,-0.38795922027909,-0.418576711754169,"GBLUP"
4,1,"3827759",-2.1265824208023,-0.790255299644268,-0.820872791119347,"GBLUP"
4,1,"3830032",-1.50356025110732,-0.449301003133066,-0.479918494608145,"GBLUP"
4,1,"3830069",-1.63645535914761,-0.421359840319038,-0.451977331794117,"GBLUP"
4,1,"3830130",-1.50911451411035,-0.967446351701958,-0.998063843177037,"GBLUP"
4,1,"3830165",-1.84079848672692,-0.471129215126644,-0.501746706601724,"GBLUP"
4,1,"3830198",-2.0155215929836,-0.985258208264641,-1.01587569973972,"GBLUP"
4,1,"3830201",-1.69475068843751,-1.21401425084769,-1.24463174232277,"GBLUP"
4,1,"3864287",-2.26872920446055,-0.970350925498205,-1.00096841697328,"GBLUP"
4,1,"3865255",-1.92223929322299,-0.8892701969428,-0.919887688417879,"GBLUP"
4,1,"3881",0.998317612613427,0.451937054720291,0.421319563245212,"GBLUP"
4,1,"390845",0.463976337112026,0.280273692222578,0.249656200747499,"GBLUP"
4,1,"391721",-1.09107885436599,-0.149875767038395,-0.180493258513474,"GBLUP"
4,1,"391994",0.227317497515078,0.936704070410101,0.906086578935022,"GBLUP"
4,1,"392959",0.26048019392028,-0.0960659955729442,-0.126683487048024,"GBLUP"
4,1,"393205",0.523151227112074,0.201914850104883,0.171297358629804,"GBLUP"
4,1,"4057141",-0.841470926536171,-0.198422883710233,-0.229040375185313,"GBLUP"
4,1,"4057151",-1.10752175319755,0.0226947884884076,-0.00792270298667186,"GBLUP"
4,1,"4059227",-0.490371465650939,-0.188082202187818,-0.218699693662898,"GBLUP"
4,1,"412956",0.406967772564773,0.341191505846054,0.310574014370975,"GBLUP"
4,1,"414940",1.19555095778562,-0.538442246141865,-0.569059737616944,"GBLUP"
4,1,"41686",0.409679751421092,0.177992528040036,0.147375036564956,"GBLUP"
4,1,"41761",0.535644246828573,0.561701179779227,0.531083688304148,"GBLUP"
4,1,"41804",-0.456435081584024,0.389656361256357,0.359038869781277,"GBLUP"
4,1,"419152",-0.16824864371701,0.0988901783096861,0.0682726868346066,"GBLUP"
4,1,"420125",0.301453063668456,0.26246940377159,0.23185191229651,"GBLUP"
4,1,"421442",0.84616989791746,0.589189732471323,0.558572240996244,"GBLUP"
4,1,"422212",-0.278486919390099,0.403250115229605,0.372632623754526,"GBLUP"
4,1,"422381",-0.397260191583976,-0.548271394411024,-0.578888885886104,"GBLUP"
4,1,"423143",-1.25577659734301,-0.343187353260966,-0.373804844736045,"GBLUP"
4,1,"428988",0.0947807290233647,0.671932600502201,0.641315109027122,"GBLUP"
4,1,"429247",-1.04267858306538,0.117843698719177,0.0872262072440973,"GBLUP"
4,1,"430390",-0.390231849983365,0.19048035710502,0.159862865629941,"GBLUP"
4,1,"43154",0.0307112465529028,0.251565598113533,0.220948106638453,"GBLUP"
4,1,"431742",-1.65755667211075,-0.33124085917184,-0.36185835064692,"GBLUP"
4,1,"438770",0.342629535432872,0.247470555462085,0.216853063987006,"GBLUP"
4,1,"480143",0.202347746243382,0.358187557742893,0.327570066267814,"GBLUP"
4,1,"536162",0.398147733221247,0.150369838032802,0.119752346557723,"GBLUP"
4,1,"609448",1.15351121347235,0.453370206179138,0.422752714704059,"GBLUP"
4,1,"62526",0.824197168324818,-0.323619262134794,-0.354236753609873,"GBLUP"
4,1,"625454",0.42732797418879,0.148407799645134,0.117790308170054,"GBLUP"
4,1,"62603",0.702777069919819,-0.155976573061484,-0.186594064536564,"GBLUP"
4,1,"64869",0.525871350049044,0.279312681587661,0.248695190112582,"GBLUP"
4,1,"673831",0.29330898301885,0.433871975906447,0.403254484431367,"GBLUP"
4,1,"675238",0.418499790764617,0.490905438039676,0.460287946564596,"GBLUP"
4,1,"68052",-0.150641141352559,0.328200018180414,0.297582526705335,"GBLUP"
4,1,"692876",-0.85955892965895,-0.244199862047689,-0.274817353522768,"GBLUP"
4,1,"76718",-0.40858860776758,-0.0433740767214499,-0.0739915681965294,"GBLUP"
4,1,"80836",0.898780658913924,0.100542636174079,0.0699251446989991,"GBLUP"
4,1,"83123",1.29932283342292,0.375959698864858,0.345342207389778,"GBLUP"
4,1,"835884",0.0390507851381006,-0.100240096715558,-0.130857588190638,"GBLUP"
4,1,"85741",0.620521855358782,-0.138404122313692,-0.169021613788771,"GBLUP"
4,1,"85888",0.103739217737934,0.547237111466499,0.51661961999142,"GBLUP"
4,1,"85899",0.852628153872598,0.201138160726334,0.170520669251254,"GBLUP"
4,1,"86954",-0.571950721518058,0.349238842748609,0.31862135127353,"GBLUP"
4,1,"87507",-0.0755690059244772,0.362988222087009,0.332370730611929,"GBLUP"
4,1,"89242",-0.470361459494854,0.12368277514641,0.0930652836713307,"GBLUP"
4,1,"96619",0.703550757581531,0.368664253970409,0.33804676249533,"GBLUP"
4,1,"97127",0.36759928670457,0.42657490427361,0.39595741279853,"GBLUP"
4,2,"1066569",0.0567723046316471,0.373540290058586,0.922896013806627,"PBLUP"
4,2,"107131",0.186100305347415,-0.549355723748041,0,"PBLUP"
4,2,"1210458",-1.53023211523478,-0.26175055214538,0.287605171602661,"PBLUP"
4,2,"1295736",-1.67898374829987,-0.331912327829958,0.217443395918083,"PBLUP"
4,2,"1296234",-0.732226228702336,0.0948445995820295,0.64420032333007,"PBLUP"
4,2,"1301796",-0.598541144839027,-0.33137779775992,0.217977925988121,"PBLUP"
4,2,"1393230",-0.140526193185747,0.0242006504579274,0.573556374205968,"PBLUP"
4,2,"144880",1.72531525996195,0.141164484117015,0.690520207865056,"PBLUP"
4,2,"1477994",1.17454737379029,0.0955876155240335,0.644943339272074,"PBLUP"
4,2,"1478148",-0.880179741863756,0.100293233679541,0.649648957427582,"PBLUP"
4,2,"1563726",1.47973050797303,0.195678000854782,0.745033724602823,"PBLUP"
4,2,"1563730",0.980278473974546,0.195678000854782,0.745033724602823,"PBLUP"
4,2,"1671946",-0.148678417916003,0.064969833876682,0.614325557624723,"PBLUP"
4,2,"168945",0.926380948235444,0.106698757746141,0.656054481494182,"PBLUP"
4,2,"168979",0.200645633387613,0.385089055685647,0.934444779433688,"PBLUP"
4,2,"1766345",-0.623869235659307,-0.492722548028776,0.0566331757192651,"PBLUP"
4,2,"1790751",0.0698516981549165,0.351291296447786,0.900647020195827,"PBLUP"
4,2,"19630",-0.519046773618208,0.0282347523006867,0.577590476048728,"PBLUP"
4,2,"2099196",1.6878769212157,-0.14497711161446,0.404378612133581,"PBLUP"
4,2,"2163596",0.718584730460706,-0.549355723748041,0,"PBLUP"
4,2,"2163607",0.440545817083104,0.0373510345339957,0.586706758282037,"PBLUP"
4,2,"217748",0.578498399206806,0.280454391625402,0.829810115373443,"PBLUP"
4,2,"217754",-0.26662913796427,-0.250991595590208,0.298364128157833,"PBLUP"
4,2,"218554",1.05305397865944,0.185076421632535,0.734432145380576,"PBLUP"
4,2,"218794",0.156537292589339,0.0639770142825361,0.613332738030577,"PBLUP"
4,2,"2464628",-0.356083719819559,-0.282258535258274,0.267097188489767,"PBLUP"
4,2,"2485260",-1.10190233754932,-0.815422587904993,-0.266066864156952,"PBLUP"
4,2,"2485915",-1.84783497240818,-1.44938254706782,-0.900026823319779,"PBLUP"
4,2,"2620837",-0.706295475913985,-0.0042011068015515,0.545154616946489,"PBLUP"
4,2,"2668072",-0.291427863542325,-0.549355723748041,0,"PBLUP"
4,2,"269000",1.24462718778016,0.310415428215937,0.859771151963978,"PBLUP"
4,2,"292907",-0.32430551712479,0.210008970011823,0.759364693759864,"PBLUP"
4,2,"295190",0.249534549527208,0.234239454239898,0.783595177987939,"PBLUP"
4,2,"295191",0.107982283756379,0.234239454239898,0.783595177987939,"PBLUP"
4,2,"295261",0.222887117641691,0.375569905283893,0.924925629031934,"PBLUP"
4,2,"305029",1.2708185511493,0.0558646674841626,0.605220391232204,"PBLUP"
4,2,"30709",0.345105335950353,-0.170622763195286,0.378732960552755,"PBLUP"
4,2,"321833",1.02641469085457,0.304900797987209,0.85425652173525,"PBLUP"
4,2,"326413",0.516912861334475,0.334936770908736,0.884292494656777,"PBLUP"
4,2,"342284",0.958330176623854,0.649731540928074,1.19908726467612,"PBLUP"
4,2,"342325",0.252409409996521,0.158084824873822,0.707440548621863,"PBLUP"
4,2,"342374",1.075702666946,0.244437640971093,0.793793364719134,"PBLUP"
4,2,"343215",0.475402482263425,0.148628372935434,0.697984096683475,"PBLUP"
4,2,"345434",2.52690454198022,0.296388616958594,0.845744340706635,"PBLUP"
4,2,"358060",-0.459033043311249,0.226229057732439,0.77558478148048,"PBLUP"
4,2,"359354",0.595723129780728,0.199287457898526,0.748643181646567,"PBLUP"
4,2,"371007",-1.1563536607726,0.257002492835612,0.806358216583653,"PBLUP"
4,2,"373045",-0.665941556295178,-0.108396741245592,0.440958982502449,"PBLUP"
4,2,"377165",1.43900196064434,0.195678000854782,0.745033724602823,"PBLUP"
4,2,"377191",0.812233513850544,0.339048916797435,0.888404640545476,"PBLUP"
4,2,"3827770",-2.31129831401605,-0.637188245769928,-0.0878325220218873,"PBLUP"
4,2,"3830114",-1.8422725653245,-0.0196361821583066,0.529719541589734,"PBLUP"
4,2,"3830128",-2.00145676570173,-0.364742548890345,0.184613174857696,"PBLUP"
4,2,"3848815",-1.70271559931282,-0.974436069191954,-0.425080345443913,"PBLUP"
4,2,"3895",0.617410816550632,0.290768216080006,0.840123939828047,"PBLUP"
4,2,"390866",0.477267476732186,0.236080930105909,0.78543665385395,"PBLUP"
4,2,"393017",-0.57501289584231,0.0660578801069408,0.615413603854982,"PBLUP"
4,2,"39359",1.49504952367494,0.0558646674841626,0.605220391232204,"PBLUP"
4,2,"4057142",-0.895572054291514,0.0917002019387554,0.641055925686796,"PBLUP"
4,2,"4069854",-0.902396793875885,0.0292390929084451,0.578594816656486,"PBLUP"
4,2,"412450",-0.371948388924996,0.182813952155561,0.732169675903602,"PBLUP"
4,2,"413235",-0.454749256889555,-0.078618437315555,0.470737286432486,"PBLUP"
4,2,"41471",0.748286192589826,0.192712585936743,0.742068309684784,"PBLUP"
4,2,"415173",-0.00198723725527206,0.41562899451605,0.964984718264091,"PBLUP"
4,2,"41542",1.1421909413694,0.034990444956979,0.58434616870502,"PBLUP"
4,2,"416396",2.27981313507113,0.0558646674841626,0.605220391232204,"PBLUP"
4,2,"41660",-1.27526538233752,0.23712028286344,0.786476006611481,"PBLUP"
4,2,"41669",-0.280189032245867,-0.0912836596006411,0.4580720641474,"PBLUP"
4,2,"421749",0.130883438543077,0.0282347523006867,0.577590476048728,"PBLUP"
4,2,"421919",0.0629292296027502,0.160854283577061,0.710210007325102,"PBLUP"
4,2,"422005",0.127161593686205,-0.0508919395740098,0.498463784174031,"PBLUP"
4,2,"422181",1.75413716138091,0.039775856359323,0.589131580107364,"PBLUP"
4,2,"424700",1.6245078296811,0.53962108662843,1.08897681037647,"PBLUP"
4,2,"4248",0.647218151728196,0.143922888007418,0.693278611755459,"PBLUP"
4,2,"427258",0.105180720012913,-0.0966321909999752,0.452723532748066,"PBLUP"
4,2,"429101",-1.68124780272046,-0.0548351164417646,0.494520607306276,"PBLUP"
4,2,"430048",-0.567732087741562,0.178123690518709,0.72747941426675,"PBLUP"
4,2,"430174",0.174861474050957,0.199651701954242,0.749007425702283,"PBLUP"
4,2,"431424",0.771415381634711,0.215031784901254,0.764387508649295,"PBLUP"
4,2,"432043",-0.726167032699027,0.180031870745915,0.729387594493956,"PBLUP"
4,2,"43789",-0.670200910474924,-0.0893116926544436,0.460044031093597,"PBLUP"
4,2,"438273",-1.23332336699204,0.504906364479909,1.05426208822795,"PBLUP"
4,2,"443483",0.658522135669852,0.0920768350876742,0.641432558835715,"PBLUP"
4,2,"460960",-0.381265217188148,-0.187535414192092,0.361820309555949,"PBLUP"
4,2,"480914",0.360823411604095,0.283363789458274,0.832719513206315,"PBLUP"
4,2,"512731",-0.111875317460428,0.0980101375018478,0.647365861249889,"PBLUP"
4,2,"5131",-0.967639023959892,0.201742334970972,0.751098058719013,"PBLUP"
4,2,"601577",0.10942378603136,0.429128766132975,0.978484489881016,"PBLUP"
4,2,"60900",0.257466884079927,-0.078618437315555,0.470737286432486,"PBLUP"
4,2,"609307",1.1992076499973,0.281415262007024,0.830770985755065,"PBLUP"
4,2,"609368",1.70775662208139,0.281415262007024,0.830770985755065,"PBLUP"
4,2,"62256",0.502253516165182,0.192712585936743,0.742068309684784,"PBLUP"
4,2,"623960",0.796075657841723,-0.0126406670364673,0.536715056711574,"PBLUP"
4,2,"62627",0.560687294826115,-0.0723188775465085,0.477036846201533,"PBLUP"
4,2,"653215",1.16681049717316,0.187031729983576,0.736387453731617,"PBLUP"
4,2,"664062",2.23440988544957,-0.176514721359978,0.372841002388063,"PBLUP"
4,2,"701166",-0.948679604207606,-0.331312541797267,0.218043181950774,"PBLUP"
4,2,"743034",0.0299619911331384,0.124234224364099,0.67358994811214,"PBLUP"
4,2,"77205",-1.57563536485635,0.10035711522554,0.649712838973581,"PBLUP"
4,2,"77230",-0.321023452622998,-0.174649577494427,0.374706146253614,"PBLUP"
4,2,"77246",0.938141000693478,-0.0720136093338885,0.477342114414152,"PBLUP"
4,2,"78690",-0.722958264923082,-0.549355723748041,0,"PBLUP"
4,2,"82710",-0.0599079388352816,0.27624490527718,0.825600629025221,"PBLUP"
4,2,"85331",-0.016524421214821,-0.166120792790073,0.383234930957968,"PBLUP"
4,2,"855168",-1.10036310630655,0.173054934762448,0.722410658510489,"PBLUP"
4,2,"855587",-0.0389206430012417,0.240945937371673,0.790301661119714,"PBLUP"
4,2,"85646",1.96339116959193,0.502445450428188,1.05180117417623,"PBLUP"
4,2,"86490",0.790757573177529,0.184257207797246,0.733612931545287,"PBLUP"
4,2,"86783",-1.08113493189282,-0.109863854089585,0.439491869658455,"PBLUP"
4,2,"87107",0.0043977219740216,0.182198406486016,0.731554130234057,"PBLUP"
4,2,"877657",1.26586695011434,0.0345180099817487,0.58387373372979,"PBLUP"
4,2,"878573",0.0873126070676752,0.0639770142825361,0.613332738030577,"PBLUP"
4,2,"88809",-0.115605306397947,-0.0389952159145093,0.510360507833532,"PBLUP"
4,2,"89762",1.31910480532082,-0.0106033588819587,0.538752364866082,"PBLUP"
4,2,"900613",0.745851112475593,0.120490016597331,0.669845740345372,"PBLUP"
4,2,"904516",0.578807874271491,-0.419604816476449,0.129750907271592,"PBLUP"
4,2,"92207",1.8092807314594,0.363591396963159,0.9129471207112,"PBLUP"
4,2,"934019",0.0447272093508763,-0.0684305367690938,0.480925186978947,"PBLUP"
4,2,"96413",0.107485494836752,0.255934648731506,0.805290372479547,"PBLUP"
4,2,"984151",1.24695639484595,0.273979873401203,0.823335597149244,"PBLUP"
4,2,"1066569",0.0567723046316471,0.572630713077079,0.595690752706126,"GBLUP"
4,2,"107131",0.186100305347415,-0.29767074920875,-0.274610709579704,"GBLUP"
4,2,"1210458",-1.53023211523478,-0.507375745167572,-0.484315705538526,"GBLUP"
4,2,"1295736",-1.67898374829987,-0.48398520179715,-0.460925162168103,"GBLUP"
4,2,"1296234",-0.732226228702336,0.150201181565428,0.173261221194475,"GBLUP"
4,2,"1301796",-0.598541144839027,-0.135719881188757,-0.11265984155971,"GBLUP"
4,2,"1393230",-0.140526193185747,-0.0556165808979403,-0.0325565412688935,"GBLUP"
4,2,"144880",1.72531525996195,0.0970871850935187,0.120147224722565,"GBLUP"
4,2,"1477994",1.17454737379029,0.201466646666031,0.224526686295078,"GBLUP"
4,2,"1478148",-0.880179741863756,0.458470690510068,0.481530730139115,"GBLUP"
4,2,"1563726",1.47973050797303,0.28293840559831,0.305998445227356,"GBLUP"
4,2,"1563730",0.980278473974546,0.273465000524112,0.296525040153159,"GBLUP"
4,2,"1671946",-0.148678417916003,-0.00463164722757977,0.018428392401467,"GBLUP"
4,2,"168945",0.926380948235444,0.355205447161376,0.378265486790423,"GBLUP"
4,2,"168979",0.200645633387613,0.440290965206559,0.463351004835605,"GBLUP"
4,2,"1766345",-0.623869235659307,-0.929386510131253,-0.906326470502206,"GBLUP"
4,2,"1790751",0.0698516981549165,0.354488629153634,0.377548668782681,"GBLUP"
4,2,"19630",-0.519046773618208,0.0295394159030538,0.0525994555321005,"GBLUP"
4,2,"2099196",1.6878769212157,0.314323948660165,0.337383988289212,"GBLUP"
4,2,"2163596",0.718584730460706,0.355596933675581,0.378656973304628,"GBLUP"
4,2,"2163607",0.440545817083104,-0.0819054553015064,-0.0588454156724596,"GBLUP"
4,2,"217748",0.578498399206806,-0.0600674152472688,-0.0370073756182221,"GBLUP"
4,2,"217754",-0.26662913796427,-0.603785214807151,-0.580725175178104,"GBLUP"
4,2,"218554",1.05305397865944,0.015893055388857,0.0389530950179038,"GBLUP"
4,2,"218794",0.156537292589339,0.337595579589307,0.360655619218354,"GBLUP"
4,2,"2464628",-0.356083719819559,-0.592451409161762,-0.569391369532715,"GBLUP"
4,2,"2485260",-1.10190233754932,-1.43279798580303,-1.40973794617399,"GBLUP"
4,2,"2485915",-1.84783497240818,-1.3492643271608,-1.32620428753175,"GBLUP"
4,2,"2620837",-0.706295475913985,0.226231663383497,0.249291703012543,"GBLUP"
4,2,"2668072",-0.291427863542325,-0.53409988045046,-0.511039840821414,"GBLUP"
4,2,"269000",1.24462718778016,0.13033589455753,0.153395934186577,"GBLUP"
4,2,"292907",-0.32430551712479,0.0214607862616739,0.0445208258907206,"GBLUP"
4,2,"295190",0.249534549527208,0.288152133455394,0.311212173084441,"GBLUP"
4,2,"295191",0.107982283756379,0.356189532095056,0.379249571724103,"GBLUP"
4,2,"295261",0.222887117641691,0.396638509849564,0.419698549478611,"GBLUP"
4,2,"305029",1.2708185511493,0.523161773480808,0.546221813109855,"GBLUP"
4,2,"30709",0.345105335950353,-0.23231091062375,-0.209250870994703,"GBLUP"
4,2,"321833",1.02641469085457,0.317459455017566,0.340519494646613,"GBLUP"
4,2,"326413",0.516912861334475,0.343420493343492,0.366480532972538,"GBLUP"
4,2,"342284",0.958330176623854,0.422977805004141,0.446037844633188,"GBLUP"
4,2,"342325",0.252409409996521,-0.065835737285089,-0.0427756976560423,"GBLUP"
4,2,"342374",1.075702666946,0.219575620613439,0.242635660242486,"GBLUP"
4,2,"343215",0.475402482263425,-0.355428306010609,-0.332368266381562,"GBLUP"
4,2,"345434",2.52690454198022,0.48497224818029,0.508032287809337,"GBLUP"
4,2,"358060",-0.459033043311249,-0.0428843293220766,-0.0198242896930299,"GBLUP"
4,2,"359354",0.595723129780728,0.455129110404749,0.478189150033795,"GBLUP"
4,2,"371007",-1.1563536607726,-0.0210621218531367,0.00199791777591006,"GBLUP"
4,2,"373045",-0.665941556295178,0.0342994396813142,0.0573594793103609,"GBLUP"
4,2,"377165",1.43900196064434,0.125354511851648,0.148414551480695,"GBLUP"
4,2,"377191",0.812233513850544,0.317436455871527,0.340496495500574,"GBLUP"
4,2,"3827770",-2.31129831401605,-0.874288762155826,-0.851228722526779,"GBLUP"
4,2,"3830114",-1.8422725653245,-0.484197483597889,-0.461137443968843,"GBLUP"
4,2,"3830128",-2.00145676570173,-1.45702751225373,-1.43396747262468,"GBLUP"
4,2,"3848815",-1.70271559931282,-1.4012888824704,-1.37822884284136,"GBLUP"
4,2,"3895",0.617410816550632,0.453146153611905,0.476206193240951,"GBLUP"
4,2,"390866",0.477267476732186,0.36001734378615,0.383077383415197,"GBLUP"
4,2,"393017",-0.57501289584231,0.379107553272746,0.402167592901793,"GBLUP"
4,2,"39359",1.49504952367494,0.571394535051551,0.594454574680598,"GBLUP"
4,2,"4057142",-0.895572054291514,-0.113019146952667,-0.0899591073236203,"GBLUP"
4,2,"4069854",-0.902396793875885,-0.550400153818207,-0.52734011418916,"GBLUP"
4,2,"412450",-0.371948388924996,-0.184123167372036,-0.161063127742989,"GBLUP"
4,2,"413235",-0.454749256889555,-0.31100738571283,-0.287947346083783,"GBLUP"
4,2,"41471",0.748286192589826,0.277663270910467,0.300723310539514,"GBLUP"
4,2,"415173",-0.00198723725527206,-0.616444222275341,-0.593384182646295,"GBLUP"
4,2,"41542",1.1421909413694,0.662787308847875,0.685847348476922,"GBLUP"
4,2,"416396",2.27981313507113,0.0913522403677791,0.114412279996826,"GBLUP"
4,2,"41660",-1.27526538233752,-0.242038679093267,-0.21897863946422,"GBLUP"
4,2,"41669",-0.280189032245867,-0.304171786705935,-0.281111747076888,"GBLUP"
4,2,"421749",0.130883438543077,0.240741992615311,0.263802032244358,"GBLUP"
4,2,"421919",0.0629292296027502,0.189408769269426,0.212468808898472,"GBLUP"
4,2,"422005",0.127161593686205,0.0251740748445015,0.0482341144735483,"GBLUP"
4,2,"422181",1.75413716138091,0.103814546984498,0.126874586613544,"GBLUP"
4,2,"424700",1.6245078296811,0.544595388128021,0.567655427757068,"GBLUP"
4,2,"4248",0.647218151728196,0.091577733575244,0.114637773204291,"GBLUP"
4,2,"427258",0.105180720012913,0.151019958258854,0.1740799978879,"GBLUP"
4,2,"429101",-1.68124780272046,0.438820582331789,0.461880621960836,"GBLUP"
4,2,"430048",-0.567732087741562,-0.117643546733383,-0.0945835071043358,"GBLUP"
4,2,"430174",0.174861474050957,0.185119436617699,0.208179476246746,"GBLUP"
4,2,"431424",0.771415381634711,0.0080232931496454,0.0310833327786922,"GBLUP"
4,2,"432043",-0.726167032699027,0.0844103700117816,0.107470409640828,"GBLUP"
4,2,"43789",-0.670200910474924,0.393553539379156,0.416613579008203,"GBLUP"
4,2,"438273",-1.23332336699204,0.600680988652891,0.623741028281938,"GBLUP"
4,2,"443483",0.658522135669852,0.639816185522147,0.662876225151193,"GBLUP"
4,2,"460960",-0.381265217188148,-0.575082372259852,-0.552022332630805,"GBLUP"
4,2,"480914",0.360823411604095,0.382078154469972,0.405138194099019,"GBLUP"
4,2,"512731",-0.111875317460428,0.417851974169885,0.440912013798932,"GBLUP"
4,2,"5131",-0.967639023959892,-0.337302977381812,-0.314242937752765,"GBLUP"
4,2,"601577",0.10942378603136,0.663377993166792,0.686438032795839,"GBLUP"
4,2,"60900",0.257466884079927,0.0591205890940423,0.0821806287230891,"GBLUP"
4,2,"609307",1.1992076499973,0.299654704689023,0.32271474431807,"GBLUP"
4,2,"609368",1.70775662208139,0.260581070074256,0.283641109703302,"GBLUP"
4,2,"62256",0.502253516165182,0.339263533166427,0.362323572795474,"GBLUP"
4,2,"623960",0.796075657841723,0.65844932837576,0.681509368004807,"GBLUP"
4,2,"62627",0.560687294826115,-0.734971660215333,-0.711911620586286,"GBLUP"
4,2,"653215",1.16681049717316,0.210478097512005,0.233538137141052,"GBLUP"
4,2,"664062",2.23440988544957,1.08476352667894,1.10782356630798,"GBLUP"
4,2,"701166",-0.948679604207606,0.0758552857156391,0.0989153253446858,"GBLUP"
4,2,"743034",0.0299619911331384,0.213786099623515,0.236846139252562,"GBLUP"
4,2,"77205",-1.57563536485635,0.291378047322817,0.314438086951864,"GBLUP"
4,2,"77230",-0.321023452622998,-0.436180420736699,-0.413120381107653,"GBLUP"
4,2,"77246",0.938141000693478,-0.0549597269076835,-0.0318996872786367,"GBLUP"
4,2,"78690",-0.722958264923082,-0.891973811761673,-0.868913772132626,"GBLUP"
4,2,"82710",-0.0599079388352816,-0.142497997804313,-0.119437958175266,"GBLUP"
4,2,"85331",-0.016524421214821,0.601546001534669,0.624606041163716,"GBLUP"
4,2,"855168",-1.10036310630655,-0.145727695075729,-0.122667655446683,"GBLUP"
4,2,"855587",-0.0389206430012417,-0.036253324518061,-0.0131932848890143,"GBLUP"
4,2,"85646",1.96339116959193,0.197857720219882,0.220917759848929,"GBLUP"
4,2,"86490",0.790757573177529,-0.212856719042102,-0.189796679413055,"GBLUP"
4,2,"86783",-1.08113493189282,-0.877027309425573,-0.853967269796526,"GBLUP"
4,2,"87107",0.0043977219740216,0.732714955922694,0.75577499555174,"GBLUP"
4,2,"877657",1.26586695011434,-0.199648406907784,-0.176588367278737,"GBLUP"
4,2,"878573",0.0873126070676752,0.0747009340915807,0.0977609737206274,"GBLUP"
4,2,"88809",-0.115605306397947,0.33532288469576,0.358382924324807,"GBLUP"
4,2,"89762",1.31910480532082,-0.181806931842736,-0.158746892213689,"GBLUP"
4,2,"900613",0.745851112475593,0.569613326480727,0.592673366109774,"GBLUP"
4,2,"904516",0.578807874271491,0.0748919037704609,0.0979519433995076,"GBLUP"
4,2,"92207",1.8092807314594,0.581076904755291,0.604136944384338,"GBLUP"
4,2,"934019",0.0447272093508763,-0.133487341513797,-0.11042730188475,"GBLUP"
4,2,"96413",0.107485494836752,0.127495975551487,0.150556015180534,"GBLUP"
4,2,"984151",1.24695639484595,0.178013773048465,0.201073812677511,"GBLUP"
4,3,"1066175",0.208789714037222,0.450708079421416,0.842920096552493,"PBLUP"
4,3,"107066",0.640882056982801,-0.0682071994560383,0.324004817675039,"PBLUP"
4,3,"107103",0.29973466265139,-0.101231861110107,0.290980156020969,"PBLUP"
4,3,"126114",1.67147474278739,0.0812595651513061,0.473471582282383,"PBLUP"
4,3,"1290408",-0.336269171599065,0.0456496524242855,0.437861669555362,"PBLUP"
4,3,"1290414",-0.332376301048552,0.0456496524242855,0.437861669555362,"PBLUP"
4,3,"1293839",-0.0380492263717348,0.104037010842005,0.496249027973082,"PBLUP"
4,3,"1296766",0.183298741603949,0.00655513611541153,0.398767153246488,"PBLUP"
4,3,"1298205",-0.951635905483413,-0.181853611957321,0.210358405173756,"PBLUP"
4,3,"1301802",-0.857237866673811,-0.406748450679752,-0.0145364335486747,"PBLUP"
4,3,"130562",-0.781090712599981,0.368444303666402,0.760656320797478,"PBLUP"
4,3,"1311265",-0.879609656218283,0.199986386029966,0.592198403161043,"PBLUP"
4,3,"13396",0.797614889084498,-0.188212501192231,0.203999515938845,"PBLUP"
4,3,"1343502",-0.704397905122626,-0.351264555303378,0.0409474618276991,"PBLUP"
4,3,"13469",2.33971284824899,0.329228925260108,0.721440942391185,"PBLUP"
4,3,"1360815",0.567332864636195,0.00418441825541171,0.396396435386489,"PBLUP"
4,3,"13728",0.950023214361255,0.261938548077429,0.654150565208506,"PBLUP"
4,3,"1390246",-1.64690421462106,-0.148260283945831,0.243951733185246,"PBLUP"
4,3,"13954",0.665868096415797,-0.307620098646048,0.0845919184850289,"PBLUP"
4,3,"143058",0.638056060997389,0.148457034016566,0.540669051147643,"PBLUP"
4,3,"143844",-0.075365403908236,0.329096399211866,0.721308416342942,"PBLUP"
4,3,"143989",1.07711159289838,-0.433520670850724,-0.0413086537196468,"PBLUP"
4,3,"1477928",-0.894342298113424,0.169269137480883,0.56148115461196,"PBLUP"
4,3,"1500224",-0.189520982373785,-0.142814443804065,0.249397573327011,"PBLUP"
4,3,"1507236",-1.28624360305319,-0.119956233976974,0.272255783154103,"PBLUP"
4,3,"15200",-0.401527689844371,-0.338475154408736,0.0537368627223404,"PBLUP"
4,3,"16004",-0.485240694841686,0.086138160480513,0.47835017761159,"PBLUP"
4,3,"16122",0.858573332746812,0.392760998138817,0.784973015269894,"PBLUP"
4,3,"1630957",0.152864312216366,-0.273312029083917,0.11889998804716,"PBLUP"
4,3,"1635496",-0.848865751766015,0.00204526412904277,0.39425728126012,"PBLUP"
4,3,"1637620",0.296908666665976,-0.306490461750688,0.0857215553803886,"PBLUP"
4,3,"1642335",-0.334257583678611,-0.230700187741598,0.161511829389479,"PBLUP"
4,3,"1649008",-1.20229441971703,0.248637971769834,0.640849988900911,"PBLUP"
4,3,"1673085",-1.12012879004314,-0.82680185242283,-0.434589835291753,"PBLUP"
4,3,"170744",-2.22424623595239,-1.18607622931096,-0.793864212179882,"PBLUP"
4,3,"170862",0.323262911648107,0.368444303666402,0.760656320797478,"PBLUP"
4,3,"1815954",0.394873812800106,-0.0471792305048075,0.345032786626269,"PBLUP"
4,3,"1816016",-0.218693079260679,-0.0564497308214613,0.335762286309616,"PBLUP"
4,3,"1838323",-1.76676064954134,0.399832480815962,0.792044497947039,"PBLUP"
4,3,"1982528",-0.731957474040898,-0.30779985157431,0.0844121655567672,"PBLUP"
4,3,"2011449",0.0766927259005868,-0.0730644374110933,0.319147579719984,"PBLUP"
4,3,"2167",0.341815127367912,-0.161647715746773,0.230564301384304,"PBLUP"
4,3,"217385",0.955186561493106,0.228837865732288,0.621049882863365,"PBLUP"
4,3,"2200733",0.204334901921886,0.364302259754957,0.756514276886034,"PBLUP"
4,3,"220384",-0.76760411504423,-0.392212017131077,0,"PBLUP"
4,3,"222693",-0.973934398302038,-0.392212017131077,0,"PBLUP"
4,3,"2448314",0.700333845724937,0.0312336071103072,0.423445624241384,"PBLUP"
4,3,"2460025",-0.086099302204419,0.0692292768971271,0.461441294028204,"PBLUP"
4,3,"2465",0.785439488513336,0.0662697591768974,0.458481776307974,"PBLUP"
4,3,"2485043",-1.35715411326932,-0.559493976425379,-0.167281959294302,"PBLUP"
4,3,"2485913",-2.15730189301262,-1.43210573144606,-1.03989371431499,"PBLUP"
4,3,"2601500",0.294286272696802,0.0456877712626945,0.437899788393771,"PBLUP"
4,3,"2621166",-0.628633522839326,-0.0053261187536946,0.386885898377382,"PBLUP"
4,3,"294745",0.374236712434001,-0.65596665200053,-0.263754634869453,"PBLUP"
4,3,"294834",-0.157009812420551,0.242070821632917,0.634282838763993,"PBLUP"
4,3,"295026",1.44896217127881,0.635923043182983,1.02813506031406,"PBLUP"
4,3,"295091",0.609291168142973,0.153453390345617,0.545665407476694,"PBLUP"
4,3,"295788",-1.68811326270808,-0.392212017131077,0,"PBLUP"
4,3,"320849",-0.682832379562464,-0.392212017131077,0,"PBLUP"
4,3,"321131",0.159412153058651,0.326665283488757,0.718877300619834,"PBLUP"
4,3,"323172",1.15157292227774,0.218144116801077,0.610356133932154,"PBLUP"
4,3,"341985",-0.539431407484175,0.197405192763697,0.589617209894774,"PBLUP"
4,3,"342253",1.07641120196251,0.889457994542502,1.28167001167358,"PBLUP"
4,3,"342263",0.0796897475796432,0.371822159292741,0.764034176423818,"PBLUP"
4,3,"3578390",-1.48235306509574,0.254435648673445,0.646647665804522,"PBLUP"
4,3,"367789",1.33162225727927,0.486602893447985,0.878814910579062,"PBLUP"
4,3,"368747",1.46796231143435,0.226735614062151,0.618947631193227,"PBLUP"
4,3,"377246",1.11277452206301,0.496442523542687,0.888654540673764,"PBLUP"
4,3,"3827762",-2.04514161430622,-0.172185879915154,0.220026137215923,"PBLUP"
4,3,"3827771",-1.56944586356264,-0.224990914248961,0.167221102882116,"PBLUP"
4,3,"3830167",-1.78563862848713,-0.343080995404214,0.0491310217268626,"PBLUP"
4,3,"3830206",-1.74084618491428,-0.159470796536811,0.232741220594266,"PBLUP"
4,3,"3855646",-1.60297504359708,-0.333820207841029,0.058391809290048,"PBLUP"
4,3,"3855675",-1.66940630945593,-0.0720462409288481,0.320165776202229,"PBLUP"
4,3,"3889",2.33609687644057,0.269580105185176,0.661792122316253,"PBLUP"
4,3,"390604",0.852253526162716,0.40926371936608,0.801475736497157,"PBLUP"
4,3,"392956",0.556664118985209,0.0362773787582149,0.428489395889292,"PBLUP"
4,3,"4059217",-1.14887739473626,0.00204526412904277,0.39425728126012,"PBLUP"
4,3,"4062993",-1.24850393332291,-0.15165118138916,0.240560835741917,"PBLUP"
4,3,"4069736",-1.20997428776961,-0.337467863824805,0.0547441533062719,"PBLUP"
4,3,"41418",0.12124899113459,0.137558972361586,0.529770989492663,"PBLUP"
4,3,"41484",0.282216745174085,0.0219525338657074,0.414164550996784,"PBLUP"
4,3,"41800",0.686040984184875,0.0441259964041037,0.436338013535181,"PBLUP"
4,3,"419525",0.918261299827786,0.175101440922587,0.567313458053664,"PBLUP"
4,3,"420158",1.51528756408922,0.292642573639443,0.68485459077052,"PBLUP"
4,3,"42066",0.139231121208924,0.499720385211173,0.891932402342249,"PBLUP"
4,3,"421064",0.142985542388393,0.377984764297254,0.770196781428331,"PBLUP"
4,3,"421340",1.00852214566739,0.478360130037353,0.87057214716843,"PBLUP"
4,3,"42237",-1.09225974606019,0.24996756101173,0.642179578142807,"PBLUP"
4,3,"42274",0.449406576829877,0.232779270806305,0.624991287937382,"PBLUP"
4,3,"423671",0.529128982308885,0.123978619982488,0.516190637113564,"PBLUP"
4,3,"450448",1.42136188195729,0.205764938402966,0.597976955534042,"PBLUP"
4,3,"450770",0.934068960368675,0.205764938402966,0.597976955534042,"PBLUP"
4,3,"454059",1.54804305646194,0.727148958976943,1.11936097610802,"PBLUP"
4,3,"460689",0.966873317225293,0.0501555973066345,0.442367614437711,"PBLUP"
4,3,"464211",0.902209316867409,-0.0453865119242366,0.34682550520684,"PBLUP"
4,3,"471420",-0.766496520075884,0.13253594166552,0.524747958796597,"PBLUP"
4,3,"62114",0.142285151452527,0.125975398801714,0.518187415932791,"PBLUP"
4,3,"624629",0.195669600110703,0.107975708089647,0.500187725220723,"PBLUP"
4,3,"62587",-0.879796970073224,0.0900305534073186,0.482242570538395,"PBLUP"
4,3,"62633",0.381183613228116,0.185325732191518,0.577537749322595,"PBLUP"
4,3,"665788",1.08817125442055,0.368444303666402,0.760656320797478,"PBLUP"
4,3,"67929",1.70620110267732,0.00151442634296078,0.393726443474038,"PBLUP"
4,3,"68460",1.04727168139822,0.360527729288841,0.752739746419917,"PBLUP"
4,3,"692904",-1.4323891303104,-0.65596665200053,-0.263754634869453,"PBLUP"
4,3,"770285",-0.722681366180996,0.462567995299502,0.854780012430579,"PBLUP"
4,3,"77310",-0.0753409716662881,-0.237211582503078,0.155000434627999,"PBLUP"
4,3,"77587",1.49285062189955,0.261023643197663,0.65323566032874,"PBLUP"
4,3,"784135",-0.0531727841380565,0.305548654140276,0.697760671271353,"PBLUP"
4,3,"80506",-0.60552876603639,0.0610650588144502,0.453277075945527,"PBLUP"
4,3,"85587",0.475850406699153,-0.476318753012786,-0.0841067358817091,"PBLUP"
4,3,"85599",0.529967822615795,-0.458422674876172,-0.0662106577450953,"PBLUP"
4,3,"85637",0.149215764085342,0.324362466365184,0.716574483496261,"PBLUP"
4,3,"85676",1.25576829010882,0.0747164322984381,0.466928449429515,"PBLUP"
4,3,"85685",1.71138073797047,-0.918321327409482,-0.526109310278405,"PBLUP"
4,3,"85711",0.512392896573941,-0.0860859368202662,0.306126080310811,"PBLUP"
4,3,"86162",-0.760966689314801,0.401643578546886,0.793855595677963,"PBLUP"
4,3,"86230",0.268111197488963,0.195240372547632,0.587452389678709,"PBLUP"
4,3,"86394",0.108348767385612,-0.0956906166328477,0.296521400498229,"PBLUP"
4,3,"876108",0.549358878642511,-0.20010467136152,0.192107345769557,"PBLUP"
4,3,"1066175",0.208789714037222,0.243923930736459,0.244644967239611,"GBLUP"
4,3,"107066",0.640882056982801,0.275463192617407,0.276184229120559,"GBLUP"
4,3,"107103",0.29973466265139,0.0874871026153373,0.0882081391184888,"GBLUP"
4,3,"126114",1.67147474278739,0.591897279401374,0.592618315904526,"GBLUP"
4,3,"1290408",-0.336269171599065,-0.439271562387738,-0.438550525884587,"GBLUP"
4,3,"1290414",-0.332376301048552,-0.634052571229872,-0.63333153472672,"GBLUP"
4,3,"1293839",-0.0380492263717348,0.205082459947109,0.205803496450261,"GBLUP"
4,3,"1296766",0.183298741603949,0.212482349951955,0.213203386455106,"GBLUP"
4,3,"1298205",-0.951635905483413,0.103197342541453,0.103918379044605,"GBLUP"
4,3,"1301802",-0.857237866673811,-0.351385719421861,-0.35066468291871,"GBLUP"
4,3,"130562",-0.781090712599981,-0.31257865172079,-0.311857615217638,"GBLUP"
4,3,"1311265",-0.879609656218283,-0.0944459520638913,-0.0937249155607398,"GBLUP"
4,3,"13396",0.797614889084498,-0.0399361268202366,-0.039215090317085,"GBLUP"
4,3,"1343502",-0.704397905122626,-0.64391298399159,-0.643191947488438,"GBLUP"
4,3,"13469",2.33971284824899,0.462761902443668,0.463482938946819,"GBLUP"
4,3,"1360815",0.567332864636195,-0.160112280063448,-0.159391243560297,"GBLUP"
4,3,"13728",0.950023214361255,0.275078201570234,0.275799238073386,"GBLUP"
4,3,"1390246",-1.64690421462106,0.380524314051368,0.38124535055452,"GBLUP"
4,3,"13954",0.665868096415797,0.377013955851978,0.37773499235513,"GBLUP"
4,3,"143058",0.638056060997389,-0.0115085826600356,-0.010787546156884,"GBLUP"
4,3,"143844",-0.075365403908236,0.256517869107502,0.257238905610654,"GBLUP"
4,3,"143989",1.07711159289838,-0.284348262980752,-0.2836272264776,"GBLUP"
4,3,"1477928",-0.894342298113424,0.276469121394151,0.277190157897303,"GBLUP"
4,3,"1500224",-0.189520982373785,-0.0502582531411114,-0.0495372166379599,"GBLUP"
4,3,"1507236",-1.28624360305319,-0.612073236660615,-0.611352200157464,"GBLUP"
4,3,"15200",-0.401527689844371,-0.0843211051845182,-0.0836000686813666,"GBLUP"
4,3,"16004",-0.485240694841686,0.00835959517142098,0.00908063167457253,"GBLUP"
4,3,"16122",0.858573332746812,0.339332726459121,0.340053762962272,"GBLUP"
4,3,"1630957",0.152864312216366,-0.194219825337605,-0.193498788834454,"GBLUP"
4,3,"1635496",-0.848865751766015,0.256504379589214,0.257225416092366,"GBLUP"
4,3,"1637620",0.296908666665976,-0.207645878334294,-0.206924841831143,"GBLUP"
4,3,"1642335",-0.334257583678611,-0.466883628914413,-0.466162592411261,"GBLUP"
4,3,"1649008",-1.20229441971703,0.311310083511595,0.312031120014747,"GBLUP"
4,3,"1673085",-1.12012879004314,-0.867556688969004,-0.866835652465852,"GBLUP"
4,3,"170744",-2.22424623595239,-1.26048164254707,-1.25976060604392,"GBLUP"
4,3,"170862",0.323262911648107,-0.038498504805642,-0.0377774683024905,"GBLUP"
4,3,"1815954",0.394873812800106,0.0947711026487627,0.0954921391519142,"GBLUP"
4,3,"1816016",-0.218693079260679,0.0167310500189009,0.0174520865220525,"GBLUP"
4,3,"1838323",-1.76676064954134,-0.739528526401602,-0.73880748989845,"GBLUP"
4,3,"1982528",-0.731957474040898,-0.702096244475552,-0.7013752079724,"GBLUP"
4,3,"2011449",0.0766927259005868,0.187064844342408,0.18778588084556,"GBLUP"
4,3,"2167",0.341815127367912,-0.338379315436103,-0.337658278932952,"GBLUP"
4,3,"217385",0.955186561493106,-0.194208632858977,-0.193487596355825,"GBLUP"
4,3,"2200733",0.204334901921886,0.478701696970011,0.479422733473162,"GBLUP"
4,3,"220384",-0.76760411504423,-0.380606424627087,-0.379885388123936,"GBLUP"
4,3,"222693",-0.973934398302038,-0.510165554316125,-0.509444517812974,"GBLUP"
4,3,"2448314",0.700333845724937,0.0735558310499432,0.0742768675530948,"GBLUP"
4,3,"2460025",-0.086099302204419,-0.299589920750003,-0.298868884246852,"GBLUP"
4,3,"2465",0.785439488513336,0.38205228576236,0.382773322265512,"GBLUP"
4,3,"2485043",-1.35715411326932,-0.278552342463337,-0.277831305960185,"GBLUP"
4,3,"2485913",-2.15730189301262,-1.06503549095944,-1.06431445445629,"GBLUP"
4,3,"2601500",0.294286272696802,-0.180195104640313,-0.179474068137161,"GBLUP"
4,3,"2621166",-0.628633522839326,0.196488029868243,0.197209066371394,"GBLUP"
4,3,"294745",0.374236712434001,0.245675686138296,0.246396722641447,"GBLUP"
4,3,"294834",-0.157009812420551,0.452054548551163,0.452775585054315,"GBLUP"
4,3,"295026",1.44896217127881,0.615052999299519,0.61577403580267,"GBLUP"
4,3,"295091",0.609291168142973,-0.479347604624906,-0.478626568121755,"GBLUP"
4,3,"295788",-1.68811326270808,-0.447018971006683,-0.446297934503531,"GBLUP"
4,3,"320849",-0.682832379562464,0.125276230613885,0.125997267117037,"GBLUP"
4,3,"321131",0.159412153058651,0.273258403052751,0.273979439555902,"GBLUP"
4,3,"323172",1.15157292227774,0.0159813048345427,0.0167023413376943,"GBLUP"
4,3,"341985",-0.539431407484175,-0.0217592482220053,-0.0210382117188538,"GBLUP"
4,3,"342253",1.07641120196251,0.940781934007205,0.941502970510356,"GBLUP"
4,3,"342263",0.0796897475796432,0.097937947919662,0.0986589844228136,"GBLUP"
4,3,"3578390",-1.48235306509574,0.486571140400897,0.487292176904048,"GBLUP"
4,3,"367789",1.33162225727927,0.706457735281328,0.707178771784479,"GBLUP"
4,3,"368747",1.46796231143435,0.356991797765274,0.357712834268425,"GBLUP"
4,3,"377246",1.11277452206301,0.418439428994487,0.419160465497639,"GBLUP"
4,3,"3827762",-2.04514161430622,-0.475850559201141,-0.475129522697989,"GBLUP"
4,3,"3827771",-1.56944586356264,-0.793976779387386,-0.793255742884235,"GBLUP"
4,3,"3830167",-1.78563862848713,-1.23391299451623,-1.23319195801308,"GBLUP"
4,3,"3830206",-1.74084618491428,-0.131984193383788,-0.131263156880637,"GBLUP"
4,3,"3855646",-1.60297504359708,-1.17293638189082,-1.17221534538767,"GBLUP"
4,3,"3855675",-1.66940630945593,-1.31778896662088,-1.31706793011773,"GBLUP"
4,3,"3889",2.33609687644057,0.549288572631022,0.550009609134174,"GBLUP"
4,3,"390604",0.852253526162716,0.425368049121504,0.426089085624656,"GBLUP"
4,3,"392956",0.556664118985209,-0.258696920922128,-0.257975884418976,"GBLUP"
4,3,"4059217",-1.14887739473626,0.138239405440473,0.138960441943625,"GBLUP"
4,3,"4062993",-1.24850393332291,-0.0890222794124365,-0.0883012429092849,"GBLUP"
4,3,"4069736",-1.20997428776961,0.240282156752251,0.241003193255402,"GBLUP"
4,3,"41418",0.12124899113459,0.168158881531869,0.168879918035021,"GBLUP"
4,3,"41484",0.282216745174085,-0.635018126358714,-0.634297089855563,"GBLUP"
4,3,"41800",0.686040984184875,0.165775931579491,0.166496968082642,"GBLUP"
4,3,"419525",0.918261299827786,-0.0354381688803965,-0.0347171323772449,"GBLUP"
4,3,"420158",1.51528756408922,0.350686443006196,0.351407479509347,"GBLUP"
4,3,"42066",0.139231121208924,0.483103072788163,0.483824109291314,"GBLUP"
4,3,"421064",0.142985542388393,-0.0436264690329274,-0.0429054325297758,"GBLUP"
4,3,"421340",1.00852214566739,0.141193783803795,0.141914820306947,"GBLUP"
4,3,"42237",-1.09225974606019,0.227361566163027,0.228082602666178,"GBLUP"
4,3,"42274",0.449406576829877,-0.363755873246116,-0.363034836742965,"GBLUP"
4,3,"423671",0.529128982308885,0.515854284618252,0.516575321121404,"GBLUP"
4,3,"450448",1.42136188195729,0.460062051940386,0.460783088443537,"GBLUP"
4,3,"450770",0.934068960368675,0.616127044200406,0.616848080703557,"GBLUP"
4,3,"454059",1.54804305646194,0.599778045857728,0.60049908236088,"GBLUP"
4,3,"460689",0.966873317225293,0.32044230372506,0.321163340228211,"GBLUP"
4,3,"464211",0.902209316867409,0.0792986567871899,0.0800196932903415,"GBLUP"
4,3,"471420",-0.766496520075884,0.281112951775876,0.281833988279028,"GBLUP"
4,3,"62114",0.142285151452527,0.446329352978686,0.447050389481838,"GBLUP"
4,3,"624629",0.195669600110703,0.135455794794927,0.136176831298078,"GBLUP"
4,3,"62587",-0.879796970073224,-0.262016976483912,-0.26129593998076,"GBLUP"
4,3,"62633",0.381183613228116,0.0489593662030219,0.0496804027061734,"GBLUP"
4,3,"665788",1.08817125442055,-0.0877435157164378,-0.0870224792132862,"GBLUP"
4,3,"67929",1.70620110267732,-0.421567830876062,-0.420846794372911,"GBLUP"
4,3,"68460",1.04727168139822,-0.208023430300307,-0.207302393797156,"GBLUP"
4,3,"692904",-1.4323891303104,-0.409728754605893,-0.409007718102742,"GBLUP"
4,3,"770285",-0.722681366180996,0.732826114904743,0.733547151407894,"GBLUP"
4,3,"77310",-0.0753409716662881,0.103293337758399,0.104014374261551,"GBLUP"
4,3,"77587",1.49285062189955,0.356420831555132,0.357141868058284,"GBLUP"
4,3,"784135",-0.0531727841380565,1.36042258040438,1.36114361690753,"GBLUP"
4,3,"80506",-0.60552876603639,0.292875291650748,0.2935963281539,"GBLUP"
4,3,"85587",0.475850406699153,-0.292996819287604,-0.292275782784453,"GBLUP"
4,3,"85599",0.529967822615795,-0.278668066794091,-0.27794703029094,"GBLUP"
4,3,"85637",0.149215764085342,0.520598409928729,0.521319446431881,"GBLUP"
4,3,"85676",1.25576829010882,-0.289958395935943,-0.289237359432792,"GBLUP"
4,3,"85685",1.71138073797047,0.185436507343061,0.186157543846213,"GBLUP"
4,3,"85711",0.512392896573941,0.291956445610813,0.292677482113965,"GBLUP"
4,3,"86162",-0.760966689314801,0.373158751957404,0.373879788460555,"GBLUP"
4,3,"86230",0.268111197488963,0.37713895678619,0.377859993289342,"GBLUP"
4,3,"86394",0.108348767385612,0.326257641202808,0.32697867770596,"GBLUP"
4,3,"876108",0.549358878642511,0.543683400328086,0.544404436831238,"GBLUP"
4,4,"1066279",-0.0723113736646331,0.412497641453151,0.906759032223122,"PBLUP"
4,4,"107017",1.73852495877561,0.697788409158708,1.19204979992868,"PBLUP"
4,4,"108014",0.988813470495336,0.0644519471101022,0.558713337880073,"PBLUP"
4,4,"1081265",1.56569127922964,-0.387044109081611,0.10721728168836,"PBLUP"
4,4,"1291472",-0.666690811714943,-0.120313511645798,0.373947879124173,"PBLUP"
4,4,"1291739",-0.949941936708294,-0.220817685022291,0.273443705747679,"PBLUP"
4,4,"1298211",-0.0176238721025183,-0.42613034720154,0.0681310435684309,"PBLUP"
4,4,"1300939",-0.969707620444892,0.229272135062643,0.723533525832614,"PBLUP"
4,4,"1302311",-0.892656473418955,-0.214707714147682,0.279553676622288,"PBLUP"
4,4,"133128",0.32484286329413,0.353572219519091,0.847833610289062,"PBLUP"
4,4,"13350",0.316022823950605,0.464350951591164,0.958612342361135,"PBLUP"
4,4,"143023",-0.135460575021689,0.0354365968328621,0.529697987602833,"PBLUP"
4,4,"1437563",-0.551834842313526,-0.435919681391239,0.058341709378732,"PBLUP"
4,4,"143808",0.0375359861372731,0.0644519471101022,0.558713337880073,"PBLUP"
4,4,"1439621",-0.00867352746859992,-0.0339299784415449,0.460331412328426,"PBLUP"
4,4,"1504972",0.381517520534749,-0.0404767188236038,0.453784671946367,"PBLUP"
4,4,"1507248",-0.200816822234791,-0.473558920619799,0.0207024701501719,"PBLUP"
4,4,"15292",-1.12723857245025,-0.494261390769971,0,"PBLUP"
4,4,"1541045",-0.317448201217821,0.208815942605521,0.703077333375492,"PBLUP"
4,4,"1630947",0.133668714125241,-0.29877384380186,0.195487546968111,"PBLUP"
4,4,"1636202",-0.174201966671873,0.0749118271425646,0.569173217912535,"PBLUP"
4,4,"1651705",-0.265073618560194,0.0741278212225455,0.568389211992516,"PBLUP"
4,4,"167864",0.0653317333943847,-0.361406343318006,0.132855047451964,"PBLUP"
4,4,"168614",-0.438778714735675,0.0924227800249389,0.58668417079491,"PBLUP"
4,4,"168924",0.175985357180603,0.177867878359631,0.672129269129602,"PBLUP"
4,4,"168939",0.325942314181827,0.169250221211353,0.663511611981323,"PBLUP"
4,4,"1700001",-1.70234911568359,0.253830729278759,0.748092120048729,"PBLUP"
4,4,"1812547",0.2621904508567,0.507653403717476,1.00191479448745,"PBLUP"
4,4,"1816173",-0.0502409151041959,0.403756235838807,0.898017626608777,"PBLUP"
4,4,"1831374",0.414558055730206,-0.494261390769971,0,"PBLUP"
4,4,"1987795",0.0771325062556649,-0.107097325126482,0.387164065643489,"PBLUP"
4,4,"20010",0.985775728413032,-0.157972869330043,0.336288521439928,"PBLUP"
4,4,"2031157",0.728031864014252,-0.111762942575987,0.382498448193984,"PBLUP"
4,4,"20424",3.27892080508434,0.353572219519091,0.847833610289062,"PBLUP"
4,4,"20934",0.434111993369914,-0.0210324520764883,0.473228938693482,"PBLUP"
4,4,"2114149",1.08853773804978,-0.165308960578859,0.328952430191111,"PBLUP"
4,4,"214589",0.623722479054078,0.441202114101666,0.935463504871637,"PBLUP"
4,4,"2151603",-1.00835942720793,-0.0798064728781545,0.414454917891816,"PBLUP"
4,4,"2163595",0.229736289468012,-0.494261390769971,0,"PBLUP"
4,4,"217726",-0.630873145017969,-0.000909013594089292,0.493352377175881,"PBLUP"
4,4,"222490",0.822315885694759,0.112064397403719,0.60632578817369,"PBLUP"
4,4,"2448315",0.0113283346068357,0.535285445417792,1.02954683618776,"PBLUP"
4,4,"2464631",-0.140656498476139,-0.473558920619799,0.0207024701501719,"PBLUP"
4,4,"2484313",-1.06314465773784,-0.490531662997945,0.00372972777202553,"PBLUP"
4,4,"2485050",-0.81742145637788,-0.985124792791368,-0.490863402021397,"PBLUP"
4,4,"2485148",-1.82192050778113,-0.432954813466014,0.0613065773039565,"PBLUP"
4,4,"2487807",-2.07697682556554,-1.02705797649199,-0.532796585722024,"PBLUP"
4,4,"2588634",0.216599887380195,-0.186786894494787,0.307474496275184,"PBLUP"
4,4,"2621094",-0.692996192213174,0.31762475297224,0.81188614374221,"PBLUP"
4,4,"2668073",-0.593304500981329,-0.494261390769971,0,"PBLUP"
4,4,"292703",0.642038516435046,0.687894144183197,1.18215553495317,"PBLUP"
4,4,"294670",0.886857724842899,0.0175102945019524,0.511771685271923,"PBLUP"
4,4,"294897",0.50474560484396,0.425028926438469,0.91929031720844,"PBLUP"
4,4,"31089",-1.40101813164811,-0.494261390769971,0,"PBLUP"
4,4,"321487",0.590209587180944,-0.0088458170620429,0.485415573707928,"PBLUP"
4,4,"321840",1.09444219652075,0.341411065131308,0.835672455901278,"PBLUP"
4,4,"342218",0.0830206765653325,0.124336421865509,0.61859781263548,"PBLUP"
4,4,"342231",0.642486440870774,0.38997166864709,0.884233059417061,"PBLUP"
4,4,"342294",0.689583659267455,0.712215012590206,1.20647640336018,"PBLUP"
4,4,"355408",0.759125963934455,0.605024937982446,1.09928632875242,"PBLUP"
4,4,"3578468",-1.70247942097398,-0.281960664847002,0.212300725922969,"PBLUP"
4,4,"358856",1.40401499017363,0.163256729455061,0.657518120225032,"PBLUP"
4,4,"369679",0.824579940115349,0.110125558888436,0.604386949658407,"PBLUP"
4,4,"369682",1.30000693619749,0.687894144183197,1.18215553495317,"PBLUP"
4,4,"376804",-0.154615452709568,-0.494261390769971,0,"PBLUP"
4,4,"3827748",-1.44840039286753,0.443127368256619,0.937388759026589,"PBLUP"
4,4,"3827768",-2.28909755016522,-0.821800484159404,-0.327539093389433,"PBLUP"
4,4,"3827774",-2.05032124959937,-0.012354672395584,0.481906718374387,"PBLUP"
4,4,"3830068",-1.1770559137839,-0.775379230167723,-0.281117839397752,"PBLUP"
4,4,"3830109",-2.41866172921982,-0.236348670395767,0.257912720374204,"PBLUP"
4,4,"3830162",-1.80525771877203,-0.426503733282945,0.0677576574870256,"PBLUP"
4,4,"3830184",-1.42619148493605,0.187704518508594,0.681965909278565,"PBLUP"
4,4,"3831054",-0.0613168647876624,-0.132829111919543,0.361432278850428,"PBLUP"
4,4,"3854950",-2.32277332365134,-0.972122643625078,-0.477861252855108,"PBLUP"
4,4,"3855090",-2.01515510935437,0.404096421542351,0.898357812312322,"PBLUP"
4,4,"3855110",-1.74344414664151,-0.45510050216816,0.0391608886018103,"PBLUP"
4,4,"3863169",-2.14879132873378,-0.798169542293514,-0.303908151523543,"PBLUP"
4,4,"3868700",-2.00590343373641,-0.34598526824607,0.148276122523901,"PBLUP"
4,4,"392036",0.331048652749132,-0.314126004527576,0.180135386242395,"PBLUP"
4,4,"393281",1.14763118724333,-0.0349540153402521,0.459307375429719,"PBLUP"
4,4,"4066585",-1.05212571661892,-0.123569278962276,0.370692111807695,"PBLUP"
4,4,"415066",0.240014119247817,0.326568705606433,0.820830096376403,"PBLUP"
4,4,"416019",-0.58579565862239,0.168785106190437,0.663046496960408,"PBLUP"
4,4,"41709",0.00451173910311468,0.118498739712572,0.612760130482542,"PBLUP"
4,4,"419380",0.939240451581174,-0.114596311736773,0.379665079033198,"PBLUP"
4,4,"42076",0.0253850178080586,0.00628635555134643,0.500547746321317,"PBLUP"
4,4,"421018",0.561705304907316,0.353572219519091,0.847833610289062,"PBLUP"
4,4,"421337",0.918302020231034,0.516284450178197,1.01054584094817,"PBLUP"
4,4,"42174",-0.365522709292455,0.335019068772321,0.829280459542292,"PBLUP"
4,4,"421747",0.0844621788403119,-0.131367320289557,0.362894070480413,"PBLUP"
4,4,"422983",0.411675051180245,0.134499039208858,0.628760429978829,"PBLUP"
4,4,"423200",1.34527988052866,0.144601386967909,0.63886277773788,"PBLUP"
4,4,"423348",-1.47401352651054,-0.00944028434685101,0.48482110642312,"PBLUP"
4,4,"427520",-0.0624000275140612,0.241859184287974,0.736120575057945,"PBLUP"
4,4,"428238",-0.293797791011361,0.0558542610078652,0.550115651777836,"PBLUP"
4,4,"429168",-0.217951967921566,-0.733223810763733,-0.238962419993763,"PBLUP"
4,4,"430154",0.869437536333388,-0.0298344664149128,0.464426924355058,"PBLUP"
4,4,"430433",0.211509836974191,-0.0298344664149128,0.464426924355058,"PBLUP"
4,4,"433740",-0.395224171421573,-0.0798115767890542,0.414449813980917,"PBLUP"
4,4,"434148",1.18010978087397,-0.789725717395194,-0.295464326625223,"PBLUP"
4,4,"438163",0.788835570144222,-0.0717225384942451,0.422538852275726,"PBLUP"
4,4,"455538",0.893796481556365,0.313400799542042,0.807662190312013,"PBLUP"
4,4,"457982",-1.10227696525921,0.0326486428637426,0.526910033633713,"PBLUP"
4,4,"458835",0.881148724307524,0.779792785386753,1.27405417615672,"PBLUP"
4,4,"460142",1.63380836978296,0.558623757087864,1.05288514785783,"PBLUP"
4,4,"4937014",0.222276311592972,-0.334974178567676,0.159287212202295,"PBLUP"
4,4,"520702",-0.151577710627263,0.0291994616250532,0.523460852395024,"PBLUP"
4,4,"62150",1.12297091103632,0.274771946568715,0.769033337338686,"PBLUP"
4,4,"65315",0.873330406883901,0.196866948713337,0.691128339483308,"PBLUP"
4,4,"669426",1.50597887990672,0.0155277479067771,0.509789138676748,"PBLUP"
4,4,"670602",0.367517845898074,-0.124368846536755,0.369892544233216,"PBLUP"
4,4,"692864",-0.987640886035329,-0.559264320665602,-0.0650029298956317,"PBLUP"
4,4,"70761",-0.135403566457144,-0.0802278792957033,0.414033511474267,"PBLUP"
4,4,"743023",-0.0986411864048143,0.266893580190898,0.761154970960869,"PBLUP"
4,4,"77534",0.859933394215296,-1.10267777253316,-0.608416381763191,"PBLUP"
4,4,"85244",0.907828732515639,0.538422334422423,1.03268372519239,"PBLUP"
4,4,"85465",0.41013581993747,0.0528841686331067,0.547145559403077,"PBLUP"
4,4,"85786",1.44805003424606,-0.198803675821067,0.295457714948904,"PBLUP"
4,4,"96458",-0.128994174985903,0.294913236249852,0.789174627019823,"PBLUP"
4,4,"96501",1.01414970539627,-0.187902347696702,0.306359043073268,"PBLUP"
4,4,"1066279",-0.0723113736646331,0.558043696451883,0.551561517551739,"GBLUP"
4,4,"107017",1.73852495877561,0.684326939031828,0.677844760131685,"GBLUP"
4,4,"108014",0.988813470495336,0.268710189864422,0.262228010964278,"GBLUP"
4,4,"1081265",1.56569127922964,-0.311361039599099,-0.317843218499243,"GBLUP"
4,4,"1291472",-0.666690811714943,-0.286842909990073,-0.293325088890216,"GBLUP"
4,4,"1291739",-0.949941936708294,-0.794145189168793,-0.800627368068937,"GBLUP"
4,4,"1298211",-0.0176238721025183,0.0881797881577402,0.0816976092575965,"GBLUP"
4,4,"1300939",-0.969707620444892,0.551687056841987,0.545204877941843,"GBLUP"
4,4,"1302311",-0.892656473418955,0.0387294982843634,0.0322473193842198,"GBLUP"
4,4,"133128",0.32484286329413,0.536078166516398,0.529595987616254,"GBLUP"
4,4,"13350",0.316022823950605,0.531383883281272,0.524901704381129,"GBLUP"
4,4,"143023",-0.135460575021689,-0.0190091904336504,-0.025491369333794,"GBLUP"
4,4,"1437563",-0.551834842313526,0.00657377205358482,9.15931534411895e-05,"GBLUP"
4,4,"143808",0.0375359861372731,-0.106849756898729,-0.113331935798872,"GBLUP"
4,4,"1439621",-0.00867352746859992,-0.470316009750069,-0.476798188650213,"GBLUP"
4,4,"1504972",0.381517520534749,-0.425439336236115,-0.431921515136259,"GBLUP"
4,4,"1507248",-0.200816822234791,-0.881988099207271,-0.888470278107414,"GBLUP"
4,4,"15292",-1.12723857245025,-0.908403081017785,-0.914885259917929,"GBLUP"
4,4,"1541045",-0.317448201217821,0.238055806808155,0.231573627908011,"GBLUP"
4,4,"1630947",0.133668714125241,-0.204327903684518,-0.210810082584661,"GBLUP"
4,4,"1636202",-0.174201966671873,0.30993925016473,0.303457071264586,"GBLUP"
4,4,"1651705",-0.265073618560194,-0.435659782565335,-0.442141961465479,"GBLUP"
4,4,"167864",0.0653317333943847,-0.0531872406494371,-0.0596694195495807,"GBLUP"
4,4,"168614",-0.438778714735675,0.215996427066887,0.209514248166744,"GBLUP"
4,4,"168924",0.175985357180603,0.519675398662041,0.513193219761898,"GBLUP"
4,4,"168939",0.325942314181827,0.485372481809879,0.478890302909735,"GBLUP"
4,4,"1700001",-1.70234911568359,0.610085833384677,0.603603654484533,"GBLUP"
4,4,"1812547",0.2621904508567,0.289385764222259,0.282903585322115,"GBLUP"
4,4,"1816173",-0.0502409151041959,0.804291922873606,0.797809743973463,"GBLUP"
4,4,"1831374",0.414558055730206,0.0831881833559538,0.0767060044558102,"GBLUP"
4,4,"1987795",0.0771325062556649,-0.567021176371897,-0.573503355272041,"GBLUP"
4,4,"20010",0.985775728413032,-0.334362290567282,-0.340844469467425,"GBLUP"
4,4,"2031157",0.728031864014252,-0.0570784734047314,-0.063560652304875,"GBLUP"
4,4,"20424",3.27892080508434,0.803473480730146,0.796991301830002,"GBLUP"
4,4,"20934",0.434111993369914,0.244779811737055,0.238297632836911,"GBLUP"
4,4,"2114149",1.08853773804978,-0.507379745670421,-0.513861924570565,"GBLUP"
4,4,"214589",0.623722479054078,0.273773011930046,0.267290833029903,"GBLUP"
4,4,"2151603",-1.00835942720793,1.31729148186454,1.31080930296439,"GBLUP"
4,4,"2163595",0.229736289468012,0.884928975138936,0.878446796238792,"GBLUP"
4,4,"217726",-0.630873145017969,0.471975812131178,0.465493633231035,"GBLUP"
4,4,"222490",0.822315885694759,0.299204913666145,0.292722734766001,"GBLUP"
4,4,"2448315",0.0113283346068357,0.163263671816516,0.156781492916373,"GBLUP"
4,4,"2464631",-0.140656498476139,-0.811922236028355,-0.818404414928498,"GBLUP"
4,4,"2484313",-1.06314465773784,0.14232757479467,0.135845395894527,"GBLUP"
4,4,"2485050",-0.81742145637788,-0.53607104127654,-0.542553220176683,"GBLUP"
4,4,"2485148",-1.82192050778113,-0.837627774873148,-0.844109953773291,"GBLUP"
4,4,"2487807",-2.07697682556554,-1.17452042258302,-1.18100260148317,"GBLUP"
4,4,"2588634",0.216599887380195,-0.50068132872119,-0.507163507621333,"GBLUP"
4,4,"2621094",-0.692996192213174,0.111306520661186,0.104824341761042,"GBLUP"
4,4,"2668073",-0.593304500981329,-0.46307949964369,-0.469561678543834,"GBLUP"
4,4,"292703",0.642038516435046,0.538420033535011,0.531937854634867,"GBLUP"
4,4,"294670",0.886857724842899,-0.248292478357121,-0.254774657257264,"GBLUP"
4,4,"294897",0.50474560484396,0.905176716665036,0.898694537764892,"GBLUP"
4,4,"31089",-1.40101813164811,-0.900650874405263,-0.907133053305407,"GBLUP"
4,4,"321487",0.590209587180944,-0.136076664499124,-0.142558843399268,"GBLUP"
4,4,"321840",1.09444219652075,0.201336332648302,0.194854153748158,"GBLUP"
4,4,"342218",0.0830206765653325,-0.152778715247591,-0.159260894147735,"GBLUP"
4,4,"342231",0.642486440870774,0.392278162441813,0.385795983541669,"GBLUP"
4,4,"342294",0.689583659267455,0.55284850025085,0.546366321350706,"GBLUP"
4,4,"355408",0.759125963934455,0.27051511360573,0.264032934705587,"GBLUP"
4,4,"3578468",-1.70247942097398,-0.188720108008032,-0.195202286908176,"GBLUP"
4,4,"358856",1.40401499017363,0.354829124432554,0.348346945532411,"GBLUP"
4,4,"369679",0.824579940115349,0.430188716570902,0.423706537670758,"GBLUP"
4,4,"369682",1.30000693619749,0.20827726514159,0.201795086241446,"GBLUP"
4,4,"376804",-0.154615452709568,0.354349114778745,0.347866935878602,"GBLUP"
4,4,"3827748",-1.44840039286753,-0.654631020753389,-0.661113199653532,"GBLUP"
4,4,"3827768",-2.28909755016522,-0.0323458876228258,-0.0388280665229694,"GBLUP"
4,4,"3827774",-2.05032124959937,-1.18857828812935,-1.19506046702949,"GBLUP"
4,4,"3830068",-1.1770559137839,-0.983109684942437,-0.98959186384258,"GBLUP"
4,4,"3830109",-2.41866172921982,-0.255972831867412,-0.262455010767556,"GBLUP"
4,4,"3830162",-1.80525771877203,-1.144945921607,-1.15142810050714,"GBLUP"
4,4,"3830184",-1.42619148493605,-1.11025240635533,-1.11673458525547,"GBLUP"
4,4,"3831054",-0.0613168647876624,-0.0956524159075578,-0.102134594807701,"GBLUP"
4,4,"3854950",-2.32277332365134,-1.9381798649321,-1.94466204383225,"GBLUP"
4,4,"3855090",-2.01515510935437,-0.0969575116285102,-0.103439690528654,"GBLUP"
4,4,"3855110",-1.74344414664151,0.275012608401318,0.268530429501175,"GBLUP"
4,4,"3863169",-2.14879132873378,0.218829143279468,0.212346964379324,"GBLUP"
4,4,"3868700",-2.00590343373641,-1.3110654681334,-1.31754764703354,"GBLUP"
4,4,"392036",0.331048652749132,-0.143138887817735,-0.149621066717878,"GBLUP"
4,4,"393281",1.14763118724333,0.407959660567347,0.401477481667203,"GBLUP"
4,4,"4066585",-1.05212571661892,-0.627926177365579,-0.634408356265723,"GBLUP"
4,4,"415066",0.240014119247817,0.534950445088415,0.528468266188271,"GBLUP"
4,4,"416019",-0.58579565862239,0.437736309716423,0.431254130816279,"GBLUP"
4,4,"41709",0.00451173910311468,0.261541449930242,0.255059271030099,"GBLUP"
4,4,"419380",0.939240451581174,1.03966716086382,1.03318498196367,"GBLUP"
4,4,"42076",0.0253850178080586,0.392392297604665,0.385910118704521,"GBLUP"
4,4,"421018",0.561705304907316,0.514991679046638,0.508509500146494,"GBLUP"
4,4,"421337",0.918302020231034,0.196998389161931,0.190516210261787,"GBLUP"
4,4,"42174",-0.365522709292455,0.567953636703213,0.561471457803069,"GBLUP"
4,4,"421747",0.0844621788403119,-0.172016975458411,-0.178499154358555,"GBLUP"
4,4,"422983",0.411675051180245,-0.20414015426212,-0.210622333162264,"GBLUP"
4,4,"423200",1.34527988052866,0.101698903417682,0.0952167245175381,"GBLUP"
4,4,"423348",-1.47401352651054,-0.119687421586092,-0.126169600486236,"GBLUP"
4,4,"427520",-0.0624000275140612,0.547390931471099,0.540908752570956,"GBLUP"
4,4,"428238",-0.293797791011361,-0.514107183972557,-0.520589362872701,"GBLUP"
4,4,"429168",-0.217951967921566,-0.00366085300966567,-0.0101430319098093,"GBLUP"
4,4,"430154",0.869437536333388,-0.338442183996417,-0.344924362896561,"GBLUP"
4,4,"430433",0.211509836974191,-0.339969252782043,-0.346451431682187,"GBLUP"
4,4,"433740",-0.395224171421573,0.0124327557768222,0.00595057687667854,"GBLUP"
4,4,"434148",1.18010978087397,-0.215340530305613,-0.221822709205757,"GBLUP"
4,4,"438163",0.788835570144222,0.0335745558161305,0.0270923769159869,"GBLUP"
4,4,"455538",0.893796481556365,0.137248690271441,0.130766511371298,"GBLUP"
4,4,"457982",-1.10227696525921,0.0938973114303142,0.0874151325301705,"GBLUP"
4,4,"458835",0.881148724307524,1.13255700354613,1.12607482464599,"GBLUP"
4,4,"460142",1.63380836978296,0.524195451042869,0.517713272142725,"GBLUP"
4,4,"4937014",0.222276311592972,-0.132195291210201,-0.138677470110345,"GBLUP"
4,4,"520702",-0.151577710627263,-0.0588911490167075,-0.0653733279168511,"GBLUP"
4,4,"62150",1.12297091103632,0.240259833452535,0.233777654552392,"GBLUP"
4,4,"65315",0.873330406883901,0.308953018221755,0.302470839321611,"GBLUP"
4,4,"669426",1.50597887990672,0.0308716532650568,0.0243894743649132,"GBLUP"
4,4,"670602",0.367517845898074,-0.462947808218063,-0.469429987118206,"GBLUP"
4,4,"692864",-0.987640886035329,-0.516487731821106,-0.52296991072125,"GBLUP"
4,4,"70761",-0.135403566457144,0.386275802076147,0.379793623176004,"GBLUP"
4,4,"743023",-0.0986411864048143,0.0630214055721215,0.0565392266719778,"GBLUP"
4,4,"77534",0.859933394215296,-1.33005904384488,-1.33654122274502,"GBLUP"
4,4,"85244",0.907828732515639,0.192144336262537,0.185662157362394,"GBLUP"
4,4,"85465",0.41013581993747,0.541414961868968,0.534932782968824,"GBLUP"
4,4,"85786",1.44805003424606,-0.231001323695268,-0.237483502595412,"GBLUP"
4,4,"96458",-0.128994174985903,0.175232064624135,0.168749885723992,"GBLUP"
4,4,"96501",1.01414970539627,0.548344688544192,0.541862509644048,"GBLUP"
4,5,"1047493",0.654661841441938,0.168138760561469,0.664869536335936,"PBLUP"
4,5,"106657",0.354935241294429,-0.171812317043473,0.324918458730993,"PBLUP"
4,5,"106875",1.61799256516142,0.32020330391375,0.816934079688217,"PBLUP"
4,5,"107059",1.25938426191725,0.191589215912443,0.68831999168691,"PBLUP"
4,5,"1093268",0.393733641509161,-0.181452152895485,0.315278622878982,"PBLUP"
4,5,"1101307",0.849134343273915,0.348248254607311,0.844979030381777,"PBLUP"
4,5,"1195398",-0.610822418458635,0.438163792646861,0.934894568421327,"PBLUP"
4,5,"126309",-0.85354045405889,-0.496730775774467,0,"PBLUP"
4,5,"12867",1.68576760432745,0.491153863010567,0.987884638785033,"PBLUP"
4,5,"1291474",-0.0135518317777139,-0.458422490138507,0.0383082856359597,"PBLUP"
4,5,"1295300",-0.854232700914106,0.049946058632169,0.546676834406636,"PBLUP"
4,5,"1301798",-0.843441794053377,-0.443969372905117,0.0527614028693493,"PBLUP"
4,5,"1302304",-0.380581114413579,-0.343728869017589,0.153001906756877,"PBLUP"
4,5,"1306534",-0.958965578068058,-0.192749556805369,0.303981218969098,"PBLUP"
4,5,"13302",1.17418089016105,-0.555821808472662,-0.0590910326981957,"PBLUP"
4,5,"1342417",-0.105140162763201,0.304279385232972,0.801010161007439,"PBLUP"
4,5,"13569",1.81367039092954,0.577321601833691,1.07405237760816,"PBLUP"
4,5,"13767",1.84236198705811,-0.139325954634628,0.357404821139839,"PBLUP"
4,5,"1390242",0.0430088083338105,-0.811098403430629,-0.314367627656162,"PBLUP"
4,5,"14103",-0.437956162590065,0.204742213804298,0.701472989578764,"PBLUP"
4,5,"143067",0.584313272790627,0.412635531855671,0.909366307630138,"PBLUP"
4,5,"14431",1.65097609179233,-0.0312880059371177,0.465442769837349,"PBLUP"
4,5,"1491661",-0.267622715803522,0.376791415691113,0.873522191465579,"PBLUP"
4,5,"1541043",0.354414020132854,-0.122225897868837,0.37450487790563,"PBLUP"
4,5,"1542708",-0.319158458154239,0.409164646073869,0.905895421848336,"PBLUP"
4,5,"1586793",2.08261236622153,-0.0525497443844562,0.44418103139001,"PBLUP"
4,5,"1637606",0.0470156960134162,-0.311892847891657,0.18483792788281,"PBLUP"
4,5,"1642433",-0.124954710983697,-0.398995446852564,0.0977353289219031,"PBLUP"
4,5,"168928",0.952971371556413,0.185111292923091,0.681842068697557,"PBLUP"
4,5,"169164",-0.143881554413385,-0.52899991179435,-0.0322691360198835,"PBLUP"
4,5,"1766370",-0.358307053836902,-0.56381399362292,-0.0670832178484537,"PBLUP"
4,5,"1799716",-0.931715484214473,-0.825119767852722,-0.328388992078255,"PBLUP"
4,5,"1815932",-0.263876438704702,0.0625794143369026,0.559310190111369,"PBLUP"
4,5,"1817540",0.0796490271763938,0.150392135701515,0.647122911475982,"PBLUP"
4,5,"19627",0.967549275919211,-0.160016539215825,0.336714236558642,"PBLUP"
4,5,"217451",-0.997039155104975,-0.0277122722522913,0.469018503522175,"PBLUP"
4,5,"217562",-0.482284393565878,-0.0277122722522913,0.469018503522175,"PBLUP"
4,5,"217743",-0.15331239980563,-0.156691769907586,0.340039005866881,"PBLUP"
4,5,"2201662",-1.78674622345547,0.386779484965461,0.883510260739928,"PBLUP"
4,5,"2430154",0.559522691293221,0.121550411092797,0.618281186867263,"PBLUP"
4,5,"2448313",0.167621386353455,0.276736595159181,0.773467370933647,"PBLUP"
4,5,"2464236",0.0910588841664946,-0.0895642661567786,0.407166509617688,"PBLUP"
4,5,"2586622",-0.103641651923674,-0.00334224288843776,0.493388532886029,"PBLUP"
4,5,"2588696",0.0402805413161911,0.0372538952078416,0.533984670982308,"PBLUP"
4,5,"27001",0.26570869369733,-0.0748068478212927,0.421923927953174,"PBLUP"
4,5,"292717",0.615765712259412,0.760048425838995,1.25677920161346,"PBLUP"
4,5,"294724",0.965651705127852,-0.168196619506188,0.328534156268278,"PBLUP"
4,5,"294818",0.514005424542565,-0.0317282322517622,0.465002543522704,"PBLUP"
4,5,"294910",-0.347442850250326,0.11824981108627,0.614980586860737,"PBLUP"
4,5,"294940",-0.428965097552897,0.103695995237024,0.600426771011491,"PBLUP"
4,5,"295296",0.80610916520204,-0.496730775774467,0,"PBLUP"
4,5,"342336",0.561314389036135,0.00196307147878549,0.498693847253252,"PBLUP"
4,5,"343376",-1.43664034040949,-0.496730775774467,0,"PBLUP"
4,5,"353782",-0.467209700283455,-0.181452152895485,0.315278622878982,"PBLUP"
4,5,"358886",1.11577968782272,0.420287818230733,0.917018594005199,"PBLUP"
4,5,"367751",1.8362539265709,0.544517925161151,1.04124870093562,"PBLUP"
4,5,"369670",0.105807814222934,-0.0887296549406039,0.408001120833863,"PBLUP"
4,5,"369673",1.21913621534689,0.0956126764030794,0.592343452177546,"PBLUP"
4,5,"377276",0.137292830014317,-0.287427710080271,0.209303065694196,"PBLUP"
4,5,"3822784",-0.562658325496856,-0.842785772774747,-0.34605499700028,"PBLUP"
4,5,"3825284",-1.51471764159728,0.16810850778122,0.664839283555687,"PBLUP"
4,5,"3825285",-0.503573020383953,0.0967455542816358,0.593476330056102,"PBLUP"
4,5,"3826178",-1.22189722184064,-0.335454911686146,0.161275864088321,"PBLUP"
4,5,"3826179",-1.44924737725509,-0.634017688526231,-0.137286912751764,"PBLUP"
4,5,"3827757",-1.21925853971017,-0.617021442911191,-0.120290667136725,"PBLUP"
4,5,"3830034",-2.00663640099488,-0.0276300744309291,0.469100701343538,"PBLUP"
4,5,"3830083",-1.82117939644201,-1.57839235569518,-1.08166157992072,"PBLUP"
4,5,"3848142",-1.64571517884622,-0.926695607409774,-0.429964831635307,"PBLUP"
4,5,"3849968",-1.45247243319233,-0.00979424304479803,0.486936532729669,"PBLUP"
4,5,"3863186",-1.46247336423005,0.268358579072974,0.765089354847441,"PBLUP"
4,5,"3868812",-2.13250316743456,0.160821985127842,0.657552760902309,"PBLUP"
4,5,"392884",0.568171704943104,-0.0227835132868147,0.473947262487652,"PBLUP"
4,5,"393298",-0.151805744885452,0.249949243771428,0.746680019545894,"PBLUP"
4,5,"4057155",-1.02510365702352,-0.301947227479373,0.194783548295093,"PBLUP"
4,5,"41263",0.565606319538478,-0.083040845281742,0.413689930492725,"PBLUP"
4,5,"413317",-0.769851881303522,0.0753577496331775,0.572088525407644,"PBLUP"
4,5,"418273",-0.9041722034575,-0.0791953033522368,0.41753547242223,"PBLUP"
4,5,"419150",-0.1259401447423,-0.0777901724583476,0.418940603316119,"PBLUP"
4,5,"41948",0.5807135891435,0.477200451510317,0.973931227284783,"PBLUP"
4,5,"419528",1.06256626485818,0.284671762080944,0.781402537855411,"PBLUP"
4,5,"420071",1.23562797866234,0.14331998285581,0.640050758630277,"PBLUP"
4,5,"420213",-0.75600694419919,-0.0761358395176651,0.420594936256801,"PBLUP"
4,5,"42083",0.309238804769481,0.0349900474314239,0.531720823205891,"PBLUP"
4,5,"423133",-0.80039218373955,-0.357363220741475,0.139367555032992,"PBLUP"
4,5,"423409",0.221396750882815,0.129029350341698,0.625760126116164,"PBLUP"
4,5,"423673",0.256986383321601,0.196887709920856,0.693618485695323,"PBLUP"
4,5,"424673",1.15622319232867,0.474004544490794,0.970735320265261,"PBLUP"
4,5,"424689",1.4606977914949,0.474004544490794,0.970735320265261,"PBLUP"
4,5,"424702",0.939248595661824,0.41393039283258,0.910661168607047,"PBLUP"
4,5,"427650",-0.151585854707912,0.0298220787471858,0.526552854521652,"PBLUP"
4,5,"427918",-0.258297743459721,-0.253109663838289,0.243621111936178,"PBLUP"
4,5,"429726",0.361499370298013,0.421864484321133,0.9185952600956,"PBLUP"
4,5,"433924",-0.430691642650614,-0.242199518118355,0.254531257656111,"PBLUP"
4,5,"438323",-0.30088314117652,0.267228504423753,0.76395928019822,"PBLUP"
4,5,"438760",-0.670640690830003,0.166906135431544,0.663636911206011,"PBLUP"
4,5,"447647",0.81275473501212,0.280019406738234,0.776750182512701,"PBLUP"
4,5,"460693",-0.0645744970475065,0.502598639889084,0.999329415663551,"PBLUP"
4,5,"471785",-0.572480086760283,0.266527552239407,0.763258328013874,"PBLUP"
4,5,"62221",1.08326037378884,0.356168510906963,0.85289928668143,"PBLUP"
4,5,"62576",1.23914622150297,0.0268241237819938,0.52355489955646,"PBLUP"
4,5,"6387",-1.05082266371498,-0.105680914383861,0.391049861390606,"PBLUP"
4,5,"64873",0.160755926365836,-0.639088268072364,-0.142357492297897,"PBLUP"
4,5,"65038",0.334575039670411,0.0328058401651429,0.52953661593961,"PBLUP"
4,5,"67055",-0.934574056522484,0.0160671510435054,0.512797926817972,"PBLUP"
4,5,"730613",-0.860454778530405,0.0472796452399106,0.544010421014377,"PBLUP"
4,5,"770505",-0.471574927511644,0.00304730143357745,0.499778077208044,"PBLUP"
4,5,"77128",1.30970653625117,0.590854761987142,1.08758553776161,"PBLUP"
4,5,"77331",0.929996920043869,-0.0743501521199725,0.422380623654494,"PBLUP"
4,5,"775",1.67162948031973,0.264602132351255,0.761332908125721,"PBLUP"
4,5,"80662",0.145094859276641,-0.165279525327652,0.331451250446815,"PBLUP"
4,5,"89491",-1.06303878468939,-0.0639397858519193,0.432790989922547,"PBLUP"
4,5,"897095",0.599518271363445,-0.237624884575474,0.259105891198992,"PBLUP"
4,5,"909641",0.615659839210966,0.144437736072432,0.641168511846899,"PBLUP"
4,5,"909658",-0.170976910734629,0.144437736072432,0.641168511846899,"PBLUP"
4,5,"916978",-0.0828905344284735,-0.166476863845868,0.330253911928599,"PBLUP"
4,5,"96495",1.10011862073352,0.0544118072650168,0.551142583039483,"PBLUP"
4,5,"96638",2.39853754278111,0.276075592867171,0.772806368641638,"PBLUP"
4,5,"97120",-0.430341447182682,0.315193072893469,0.811923848667936,"PBLUP"
4,5,"97487",-0.677009361897995,0.112289880739171,0.609020656513637,"PBLUP"
4,5,"1047493",0.654661841441938,0.170501555847435,0.159955366646407,"GBLUP"
4,5,"106657",0.354935241294429,-0.00658518345571787,-0.0171313726567459,"GBLUP"
4,5,"106875",1.61799256516142,0.143350947057489,0.132804757856461,"GBLUP"
4,5,"107059",1.25938426191725,0.519118458505768,0.50857226930474,"GBLUP"
4,5,"1093268",0.393733641509161,0.369645781414433,0.359099592213405,"GBLUP"
4,5,"1101307",0.849134343273915,-0.0694775787178051,-0.0800237679188332,"GBLUP"
4,5,"1195398",-0.610822418458635,0.732663297397968,0.72211710819694,"GBLUP"
4,5,"126309",-0.85354045405889,0.203053695934421,0.192507506733393,"GBLUP"
4,5,"12867",1.68576760432745,1.04628685212565,1.03574066292462,"GBLUP"
4,5,"1291474",-0.0135518317777139,-0.501375907643062,-0.51192209684409,"GBLUP"
4,5,"1295300",-0.854232700914106,-1.11656497584261,-1.12711116504363,"GBLUP"
4,5,"1301798",-0.843441794053377,-0.311728927967052,-0.32227511716808,"GBLUP"
4,5,"1302304",-0.380581114413579,-0.477533450497677,-0.488079639698705,"GBLUP"
4,5,"1306534",-0.958965578068058,0.212833963003234,0.202287773802206,"GBLUP"
4,5,"13302",1.17418089016105,0.892538623298395,0.881992434097367,"GBLUP"
4,5,"1342417",-0.105140162763201,0.420199542056158,0.40965335285513,"GBLUP"
4,5,"13569",1.81367039092954,0.0725219416324365,0.0619757524314085,"GBLUP"
4,5,"13767",1.84236198705811,0.009400873280663,-0.00114531592036503,"GBLUP"
4,5,"1390242",0.0430088083338105,0.494462138086658,0.483915948885629,"GBLUP"
4,5,"14103",-0.437956162590065,-0.529908273453804,-0.540454462654832,"GBLUP"
4,5,"143067",0.584313272790627,0.334440587133018,0.32389439793199,"GBLUP"
4,5,"14431",1.65097609179233,0.212072615404562,0.201526426203534,"GBLUP"
4,5,"1491661",-0.267622715803522,0.0310715993284457,0.0205254101274176,"GBLUP"
4,5,"1541043",0.354414020132854,0.270987630674927,0.260441441473899,"GBLUP"
4,5,"1542708",-0.319158458154239,0.977032847384703,0.966486658183675,"GBLUP"
4,5,"1586793",2.08261236622153,-0.285473861395256,-0.296020050596284,"GBLUP"
4,5,"1637606",0.0470156960134162,-0.0232229444874812,-0.0337691336885092,"GBLUP"
4,5,"1642433",-0.124954710983697,-0.66295586403181,-0.673502053232838,"GBLUP"
4,5,"168928",0.952971371556413,0.209408274889785,0.198862085688757,"GBLUP"
4,5,"169164",-0.143881554413385,0.289054614979447,0.278508425778419,"GBLUP"
4,5,"1766370",-0.358307053836902,-0.71566338656691,-0.726209575767938,"GBLUP"
4,5,"1799716",-0.931715484214473,-0.697474922191252,-0.70802111139228,"GBLUP"
4,5,"1815932",-0.263876438704702,0.42854092599204,0.417994736791012,"GBLUP"
4,5,"1817540",0.0796490271763938,0.327116263562814,0.316570074361786,"GBLUP"
4,5,"19627",0.967549275919211,-0.248626932505647,-0.259173121706675,"GBLUP"
4,5,"217451",-0.997039155104975,0.0284155978304111,0.0178694086293831,"GBLUP"
4,5,"217562",-0.482284393565878,-0.308987552044005,-0.319533741245033,"GBLUP"
4,5,"217743",-0.15331239980563,0.113350692978225,0.102804503777197,"GBLUP"
4,5,"2201662",-1.78674622345547,-0.0542982666977104,-0.0648444558987384,"GBLUP"
4,5,"2430154",0.559522691293221,0.60840899936051,0.597862810159482,"GBLUP"
4,5,"2448313",0.167621386353455,0.365708652576625,0.355162463375597,"GBLUP"
4,5,"2464236",0.0910588841664946,0.0407386126113551,0.030192423410327,"GBLUP"
4,5,"2586622",-0.103641651923674,0.0507959784373809,0.0402497892363529,"GBLUP"
4,5,"2588696",0.0402805413161911,-1.24928819044153,-1.25983437964255,"GBLUP"
4,5,"27001",0.26570869369733,0.287620287989996,0.277074098788968,"GBLUP"
4,5,"292717",0.615765712259412,0.30753026857749,0.296984079376462,"GBLUP"
4,5,"294724",0.965651705127852,-0.730242870344669,-0.740789059545697,"GBLUP"
4,5,"294818",0.514005424542565,0.068557669249729,0.0580114800487009,"GBLUP"
4,5,"294910",-0.347442850250326,-0.472526829118974,-0.483073018320002,"GBLUP"
4,5,"294940",-0.428965097552897,-0.0741307800813798,-0.0846769692824078,"GBLUP"
4,5,"295296",0.80610916520204,0.408351955394552,0.397805766193524,"GBLUP"
4,5,"342336",0.561314389036135,0.217727021269721,0.207180832068693,"GBLUP"
4,5,"343376",-1.43664034040949,0.409494707024768,0.39894851782374,"GBLUP"
4,5,"353782",-0.467209700283455,-0.0931011879699886,-0.103647377171017,"GBLUP"
4,5,"358886",1.11577968782272,0.325474673653894,0.314928484452866,"GBLUP"
4,5,"367751",1.8362539265709,0.695449668591158,0.68490347939013,"GBLUP"
4,5,"369670",0.105807814222934,0.397703061642801,0.387156872441773,"GBLUP"
4,5,"369673",1.21913621534689,0.0220831561586482,0.0115369669576201,"GBLUP"
4,5,"377276",0.137292830014317,0.00369897144145915,-0.00684721775956887,"GBLUP"
4,5,"3822784",-0.562658325496856,-0.595891534883216,-0.606437724084244,"GBLUP"
4,5,"3825284",-1.51471764159728,0.154842271609731,0.144296082408703,"GBLUP"
4,5,"3825285",-0.503573020383953,0.162370159866632,0.151823970665604,"GBLUP"
4,5,"3826178",-1.22189722184064,-0.151107245023442,-0.16165343422447,"GBLUP"
4,5,"3826179",-1.44924737725509,-0.798820595784956,-0.809366784985984,"GBLUP"
4,5,"3827757",-1.21925853971017,-0.624331967627074,-0.634878156828102,"GBLUP"
4,5,"3830034",-2.00663640099488,0.0659115180673991,0.0553653288663711,"GBLUP"
4,5,"3830083",-1.82117939644201,-1.32084699787778,-1.33139318707881,"GBLUP"
4,5,"3848142",-1.64571517884622,-1.16009506173262,-1.17064125093365,"GBLUP"
4,5,"3849968",-1.45247243319233,0.487131491189431,0.476585301988403,"GBLUP"
4,5,"3863186",-1.46247336423005,-0.642976399602671,-0.653522588803699,"GBLUP"
4,5,"3868812",-2.13250316743456,-1.21575873626606,-1.22630492546709,"GBLUP"
4,5,"392884",0.568171704943104,-0.311334478622174,-0.321880667823202,"GBLUP"
4,5,"393298",-0.151805744885452,0.314539029983307,0.303992840782279,"GBLUP"
4,5,"4057155",-1.02510365702352,-0.225050026189668,-0.235596215390696,"GBLUP"
4,5,"41263",0.565606319538478,0.417732315489928,0.4071861262889,"GBLUP"
4,5,"413317",-0.769851881303522,0.340008629998674,0.329462440797646,"GBLUP"
4,5,"418273",-0.9041722034575,0.0262359553623767,0.0156897661613487,"GBLUP"
4,5,"419150",-0.1259401447423,0.264104019753047,0.253557830552019,"GBLUP"
4,5,"41948",0.5807135891435,0.438136964460233,0.427590775259205,"GBLUP"
4,5,"419528",1.06256626485818,0.279597262550303,0.269051073349275,"GBLUP"
4,5,"420071",1.23562797866234,-0.148853818772945,-0.159400007973973,"GBLUP"
4,5,"420213",-0.75600694419919,-0.154689726220417,-0.165235915421446,"GBLUP"
4,5,"42083",0.309238804769481,0.208635032679366,0.198088843478338,"GBLUP"
4,5,"423133",-0.80039218373955,0.268493235470197,0.257947046269169,"GBLUP"
4,5,"423409",0.221396750882815,0.391833105996036,0.381286916795008,"GBLUP"
4,5,"423673",0.256986383321601,0.569528399265549,0.558982210064521,"GBLUP"
4,5,"424673",1.15622319232867,0.530232414532446,0.519686225331418,"GBLUP"
4,5,"424689",1.4606977914949,0.619481228271397,0.608935039070369,"GBLUP"
4,5,"424702",0.939248595661824,1.07024493950564,1.05969875030461,"GBLUP"
4,5,"427650",-0.151585854707912,0.761347854568571,0.750801665367543,"GBLUP"
4,5,"427918",-0.258297743459721,0.355906466040316,0.345360276839288,"GBLUP"
4,5,"429726",0.361499370298013,0.348401098984814,0.337854909783786,"GBLUP"
4,5,"433924",-0.430691642650614,0.260307321655766,0.249761132454738,"GBLUP"
4,5,"438323",-0.30088314117652,0.338286765598086,0.327740576397058,"GBLUP"
4,5,"438760",-0.670640690830003,-0.473506658961778,-0.484052848162806,"GBLUP"
4,5,"447647",0.81275473501212,0.458336452984564,0.447790263783536,"GBLUP"
4,5,"460693",-0.0645744970475065,0.501371699473794,0.490825510272766,"GBLUP"
4,5,"471785",-0.572480086760283,0.376780104526845,0.366233915325817,"GBLUP"
4,5,"62221",1.08326037378884,0.373309262335419,0.362763073134391,"GBLUP"
4,5,"62576",1.23914622150297,0.709857863067176,0.699311673866148,"GBLUP"
4,5,"6387",-1.05082266371498,-0.166464938111708,-0.177011127312736,"GBLUP"
4,5,"64873",0.160755926365836,-0.28741223043838,-0.297958419639408,"GBLUP"
4,5,"65038",0.334575039670411,0.391998403559883,0.381452214358855,"GBLUP"
4,5,"67055",-0.934574056522484,0.0782448273213467,0.0676986381203186,"GBLUP"
4,5,"730613",-0.860454778530405,-0.0204187826217766,-0.0309649718228046,"GBLUP"
4,5,"770505",-0.471574927511644,0.405807821589682,0.395261632388654,"GBLUP"
4,5,"77128",1.30970653625117,1.39097609371543,1.3804299045144,"GBLUP"
4,5,"77331",0.929996920043869,0.0935641093534196,0.0830179201523916,"GBLUP"
4,5,"775",1.67162948031973,0.384663055766778,0.37411686656575,"GBLUP"
4,5,"80662",0.145094859276641,0.895263990120484,0.884717800919456,"GBLUP"
4,5,"89491",-1.06303878468939,-0.166536853376686,-0.177083042577714,"GBLUP"
4,5,"897095",0.599518271363445,-0.0190268172352634,-0.0295730064362914,"GBLUP"
4,5,"909641",0.615659839210966,0.386419645035384,0.375873455834356,"GBLUP"
4,5,"909658",-0.170976910734629,0.184653123469041,0.174106934268013,"GBLUP"
4,5,"916978",-0.0828905344284735,0.145660551141208,0.13511436194018,"GBLUP"
4,5,"96495",1.10011862073352,0.0590198383203096,0.0484736491192815,"GBLUP"
4,5,"96638",2.39853754278111,0.463833064582929,0.453286875381901,"GBLUP"
4,5,"97120",-0.430341447182682,0.164914265595365,0.154368076394337,"GBLUP"
4,5,"97487",-0.677009361897995,-0.285036088391382,-0.29558227759241,"GBLUP"
5,1,"1066279",-0.0723113736646331,0.4477322544382,0.974737036424158,"PBLUP"
5,1,"1082612",1.48183982486128,0.403239497376005,0.930244279361964,"PBLUP"
5,1,"1193118",-1.27799364935514,-0.200220590307734,0.326784191678225,"PBLUP"
5,1,"1210458",-1.53023211523478,-0.144238197835721,0.382766584150237,"PBLUP"
5,1,"126308",-0.72547478584381,-0.527004781985958,0,"PBLUP"
5,1,"1291474",-0.0135518317777139,-0.449551309216003,0.0774534727699554,"PBLUP"
5,1,"1291739",-0.949941936708294,-0.0568867594336093,0.470118022552349,"PBLUP"
5,1,"1298211",-0.0176238721025183,-0.402581355346003,0.124423426639955,"PBLUP"
5,1,"1306534",-0.958965578068058,-0.127657551891202,0.399347230094756,"PBLUP"
5,1,"13421",1.00136349877638,0.402595547594632,0.92960032958059,"PBLUP"
5,1,"13728",0.950023214361255,0.453458327010787,0.980463108996745,"PBLUP"
5,1,"1390242",0.0430088083338105,-0.673175290645259,-0.146170508659301,"PBLUP"
5,1,"1399978",-1.50500989746295,0.229888811579889,0.756893593565847,"PBLUP"
5,1,"1410845",-1.38193655068608,-0.264631283020965,0.262373498964993,"PBLUP"
5,1,"1437563",-0.551834842313526,-0.381461309759648,0.145543472226311,"PBLUP"
5,1,"143844",-0.075365403908236,0.330161793336398,0.857166575322356,"PBLUP"
5,1,"1477928",-0.894342298113424,0.215248170284631,0.742252952270589,"PBLUP"
5,1,"1478078",0.125092997201205,-0.176214263901144,0.350790518084814,"PBLUP"
5,1,"1478148",-0.880179741863756,0.158312269136367,0.685317051122326,"PBLUP"
5,1,"15292",-1.12723857245025,-0.527004781985958,0,"PBLUP"
5,1,"1541045",-0.317448201217821,0.0822482850833055,0.609253067069264,"PBLUP"
5,1,"1542708",-0.319158458154239,0.379138282986525,0.906143064972484,"PBLUP"
5,1,"16004",-0.485240694841686,0.157406551539675,0.684411333525634,"PBLUP"
5,1,"16122",0.858573332746812,0.375424599526974,0.902429381512933,"PBLUP"
5,1,"1636586",-0.384001628286413,-0.341384190913616,0.185620591072342,"PBLUP"
5,1,"1637620",0.296908666665976,-0.277362968110505,0.249641813875453,"PBLUP"
5,1,"1671942",0.181808374845072,0.111674792896978,0.638679574882936,"PBLUP"
5,1,"167864",0.0653317333943847,-0.317528402302571,0.209476379683388,"PBLUP"
5,1,"168945",0.926380948235444,0.281699900192549,0.808704682178508,"PBLUP"
5,1,"170862",0.323262911648107,-0.0123012235311234,0.514703558454835,"PBLUP"
5,1,"1766332",-0.555393805557406,-0.46204575214016,0.0649590298457982,"PBLUP"
5,1,"1766370",-0.358307053836902,-0.46204575214016,0.0649590298457982,"PBLUP"
5,1,"1816173",-0.0502409151041959,0.434962998455389,0.961967780441347,"PBLUP"
5,1,"1831374",0.414558055730206,-0.527004781985958,0,"PBLUP"
5,1,"1838323",-1.76676064954134,0.2117677991612,0.738772581147159,"PBLUP"
5,1,"2011449",0.0766927259005868,-0.169431101240353,0.357573680745606,"PBLUP"
5,1,"2031157",0.728031864014252,-0.125869917510469,0.401134864475489,"PBLUP"
5,1,"214589",0.623722479054078,0.471433947249829,0.998438729235787,"PBLUP"
5,1,"2151597",0.577415236480409,0.0585680660581377,0.585572848044096,"PBLUP"
5,1,"2163596",0.718584730460706,-0.527004781985958,0,"PBLUP"
5,1,"217562",-0.482284393565878,-0.207723238415137,0.319281543570821,"PBLUP"
5,1,"2448314",0.700333845724937,0.233676969081219,0.760681751067177,"PBLUP"
5,1,"2485920",-1.42456266880613,-1.49905796047664,-0.972053178490679,"PBLUP"
5,1,"2620837",-0.706295475913985,0.134919962137413,0.661924744123372,"PBLUP"
5,1,"2668073",-0.593304500981329,-0.527004781985958,0,"PBLUP"
5,1,"295261",0.222887117641691,0.438478121037581,0.965482903023539,"PBLUP"
5,1,"321397",0.364545256460967,0.441584581277471,0.96858936326343,"PBLUP"
5,1,"326413",0.516912861334475,0.32605013163533,0.853054913621288,"PBLUP"
5,1,"342090",0.610089288046636,0.298455360981613,0.825460142967571,"PBLUP"
5,1,"342253",1.07641120196251,0.828205143971499,1.35520992595746,"PBLUP"
5,1,"355411",0.893902354604809,0.349437210973491,0.876441992959449,"PBLUP"
5,1,"369564",0.0694933586063328,0.119749121114416,0.646753903100375,"PBLUP"
5,1,"377246",1.11277452206301,0.480672788509514,1.00767757049547,"PBLUP"
5,1,"3827762",-2.04514161430622,-0.0146243450440057,0.512380436941953,"PBLUP"
5,1,"3830034",-2.00663640099488,-0.0193609953747518,0.507643786611207,"PBLUP"
5,1,"3830068",-1.1770559137839,-0.721197857551685,-0.194193075565726,"PBLUP"
5,1,"3830114",-1.8422725653245,-0.101959520264594,0.425045261721364,"PBLUP"
5,1,"3830167",-1.78563862848713,-0.269473127848009,0.257531654137949,"PBLUP"
5,1,"3830198",-2.0155215929836,-1.50547595600582,-0.978471174019862,"PBLUP"
5,1,"3848142",-1.64571517884622,-0.867227277658992,-0.340222495673033,"PBLUP"
5,1,"3855090",-2.01515510935437,0.397642823603195,0.924647605589154,"PBLUP"
5,1,"3855646",-1.60297504359708,-0.147973503762048,0.379031278223911,"PBLUP"
5,1,"391994",0.227317497515078,0.00167924300851163,0.52868402499447,"PBLUP"
5,1,"392884",0.568171704943104,-0.118668775937963,0.408336006047996,"PBLUP"
5,1,"392956",0.556664118985209,0.0316544684180811,0.558659250404039,"PBLUP"
5,1,"392959",0.26048019392028,0.679459283373812,1.20646406535977,"PBLUP"
5,1,"393205",0.523151227112074,0.410690914677873,0.937695696663832,"PBLUP"
5,1,"4057151",-1.10752175319755,0.00307924757375955,0.530084029559718,"PBLUP"
5,1,"4062993",-1.24850393332291,-0.229962047905104,0.297042734080854,"PBLUP"
5,1,"4066585",-1.05212571661892,-0.111658024089133,0.415346757896825,"PBLUP"
5,1,"413317",-0.769851881303522,0.115350918591699,0.642355700577658,"PBLUP"
5,1,"41418",0.12124899113459,0.50236568182842,1.02937046381438,"PBLUP"
5,1,"414940",1.19555095778562,0.0324839992660053,0.559488781251964,"PBLUP"
5,1,"416019",-0.58579565862239,0.199301594378041,0.726306376364,"PBLUP"
5,1,"416396",2.27981313507113,0.811296119506023,1.33830090149198,"PBLUP"
5,1,"41660",-1.27526538233752,0.313043129317844,0.840047911303803,"PBLUP"
5,1,"418273",-0.9041722034575,-0.129832755880497,0.397172026105461,"PBLUP"
5,1,"419152",-0.16824864371701,-0.00101088215294831,0.52599389983301,"PBLUP"
5,1,"41948",0.5807135891435,0.645095640172502,1.17210042215846,"PBLUP"
5,1,"420071",1.23562797866234,0.219283373562973,0.746288155548931,"PBLUP"
5,1,"420125",0.301453063668456,0.525960642360867,1.05296542434682,"PBLUP"
5,1,"421340",1.00852214566739,0.427947971505076,0.954952753491034,"PBLUP"
5,1,"42174",-0.365522709292455,0.319020391898557,0.846025173884516,"PBLUP"
5,1,"421747",0.0844621788403119,-0.0247749334467774,0.502229848539181,"PBLUP"
5,1,"429168",-0.217951967921566,-0.535931360976614,-0.00892657899065554,"PBLUP"
5,1,"429726",0.361499370298013,0.353339474489672,0.88034425647563,"PBLUP"
5,1,"430154",0.869437536333388,-0.0467128880188805,0.480291893967078,"PBLUP"
5,1,"43154",0.0307112465529028,-0.00301211669930346,0.523992665286655,"PBLUP"
5,1,"431742",-1.65755667211075,0.129591527677215,0.656596309663174,"PBLUP"
5,1,"434148",1.18010978087397,-0.70314754833417,-0.176142766348212,"PBLUP"
5,1,"454059",1.54804305646194,0.738128399745777,1.26513318173174,"PBLUP"
5,1,"457982",-1.10227696525921,0.0155407924003526,0.542545574386311,"PBLUP"
5,1,"480143",0.202347746243382,0.281699900192549,0.808704682178508,"PBLUP"
5,1,"5131",-0.967639023959892,0.17018201355619,0.697186795542149,"PBLUP"
5,1,"601577",0.10942378603136,0.432577554787433,0.959582336773391,"PBLUP"
5,1,"60900",0.257466884079927,-0.1501353577692,0.376869424216759,"PBLUP"
5,1,"62526",0.824197168324818,-0.286558478523255,0.240446303462703,"PBLUP"
5,1,"62587",-0.879796970073224,0.0983676136615322,0.625372395647491,"PBLUP"
5,1,"6387",-1.05082266371498,-0.117797058663573,0.409207723322385,"PBLUP"
5,1,"65038",0.334575039670411,-0.0177985454954478,0.509206236490511,"PBLUP"
5,1,"653215",1.16681049717316,0.162996300874243,0.690001082860202,"PBLUP"
5,1,"669426",1.50597887990672,0.0500966584081507,0.577101440394109,"PBLUP"
5,1,"692876",-0.85955892965895,-0.30697074068334,0.220034041302618,"PBLUP"
5,1,"692904",-1.4323891303104,-0.30697074068334,0.220034041302618,"PBLUP"
5,1,"77310",-0.0753409716662881,-0.412594086720392,0.114410695265566,"PBLUP"
5,1,"77331",0.929996920043869,-0.138110942605795,0.388893839380164,"PBLUP"
5,1,"77587",1.49285062189955,0.226033724911839,0.753038506897797,"PBLUP"
5,1,"80506",-0.60552876603639,0.042188058719404,0.569192840705362,"PBLUP"
5,1,"80836",0.898780658913924,0.225036240657596,0.752041022643554,"PBLUP"
5,1,"82710",-0.0599079388352816,0.304316977347489,0.831321759333447,"PBLUP"
5,1,"85244",0.907828732515639,0.495225550358089,1.02223033234405,"PBLUP"
5,1,"85741",0.620521855358782,0.413497919599852,0.94050270158581,"PBLUP"
5,1,"85899",0.852628153872598,0.0880573635842541,0.615062145570212,"PBLUP"
5,1,"86954",-0.571950721518058,0.50236568182842,1.02937046381438,"PBLUP"
5,1,"897095",0.599518271363445,-0.194297864209458,0.332706917776501,"PBLUP"
5,1,"909658",-0.170976910734629,0.32237110024521,0.849375882231168,"PBLUP"
5,1,"916978",-0.0828905344284735,-0.0864281656390509,0.440576616346907,"PBLUP"
5,1,"96495",1.10011862073352,0.00597849667972794,0.532983278665686,"PBLUP"
5,1,"97127",0.36759928670457,-0.0909064359367608,0.436098346049198,"PBLUP"
5,1,"97487",-0.677009361897995,0.0570356729842341,0.584040454970192,"PBLUP"
5,1,"1066279",-0.0723113736646331,0.246800339459461,0.223662315619115,"GBLUP"
5,1,"1082612",1.48183982486128,-0.239722812473164,-0.26286083631351,"GBLUP"
5,1,"1193118",-1.27799364935514,-0.485065721516171,-0.508203745356516,"GBLUP"
5,1,"1210458",-1.53023211523478,-0.613273837137402,-0.636411860977747,"GBLUP"
5,1,"126308",-0.72547478584381,-0.135495713579416,-0.158633737419761,"GBLUP"
5,1,"1291474",-0.0135518317777139,-0.407434688557645,-0.43057271239799,"GBLUP"
5,1,"1291739",-0.949941936708294,-0.546890780513941,-0.570028804354286,"GBLUP"
5,1,"1298211",-0.0176238721025183,0.140577496543424,0.117439472703078,"GBLUP"
5,1,"1306534",-0.958965578068058,-0.120603952276008,-0.143741976116353,"GBLUP"
5,1,"13421",1.00136349877638,-0.0764881124433319,-0.0996261362836771,"GBLUP"
5,1,"13728",0.950023214361255,0.565233127943702,0.542095104103357,"GBLUP"
5,1,"1390242",0.0430088083338105,0.55454365632479,0.531405632484444,"GBLUP"
5,1,"1399978",-1.50500989746295,-0.466741167895892,-0.489879191736237,"GBLUP"
5,1,"1410845",-1.38193655068608,-0.115404628900646,-0.138542652740992,"GBLUP"
5,1,"1437563",-0.551834842313526,0.0383198426804811,0.0151818188401359,"GBLUP"
5,1,"143844",-0.075365403908236,0.290115657651178,0.266977633810833,"GBLUP"
5,1,"1477928",-0.894342298113424,0.443983838487891,0.420845814647546,"GBLUP"
5,1,"1478078",0.125092997201205,0.286888321196426,0.263750297356081,"GBLUP"
5,1,"1478148",-0.880179741863756,0.622598843953632,0.599460820113287,"GBLUP"
5,1,"15292",-1.12723857245025,-0.614164485388883,-0.637302509229228,"GBLUP"
5,1,"1541045",-0.317448201217821,0.274236732094494,0.251098708254149,"GBLUP"
5,1,"1542708",-0.319158458154239,0.657933070604133,0.634795046763788,"GBLUP"
5,1,"16004",-0.485240694841686,0.0775888257518418,0.0544508019114965,"GBLUP"
5,1,"16122",0.858573332746812,0.305151569324376,0.282013545484031,"GBLUP"
5,1,"1636586",-0.384001628286413,-0.0072843530413227,-0.030422376881668,"GBLUP"
5,1,"1637620",0.296908666665976,-0.0130621438834065,-0.0362001677237517,"GBLUP"
5,1,"1671942",0.181808374845072,0.143555164788528,0.120417140948183,"GBLUP"
5,1,"167864",0.0653317333943847,-0.342770797654486,-0.365908821494831,"GBLUP"
5,1,"168945",0.926380948235444,0.469101666319706,0.44596364247936,"GBLUP"
5,1,"170862",0.323262911648107,0.0459276603021113,0.022789636461766,"GBLUP"
5,1,"1766332",-0.555393805557406,-0.833037072589673,-0.856175096430018,"GBLUP"
5,1,"1766370",-0.358307053836902,-0.873155179825441,-0.896293203665786,"GBLUP"
5,1,"1816173",-0.0502409151041959,0.661661484305593,0.638523460465248,"GBLUP"
5,1,"1831374",0.414558055730206,0.0284219196472375,0.00528389580689228,"GBLUP"
5,1,"1838323",-1.76676064954134,-0.562963958918516,-0.586101982758861,"GBLUP"
5,1,"2011449",0.0766927259005868,-0.00288592946260569,-0.0260239533029509,"GBLUP"
5,1,"2031157",0.728031864014252,-0.0758524655901724,-0.0989904894305177,"GBLUP"
5,1,"214589",0.623722479054078,0.2810753891895,0.257937365349155,"GBLUP"
5,1,"2151597",0.577415236480409,0.129064688880584,0.105926665040239,"GBLUP"
5,1,"2163596",0.718584730460706,0.257906226920769,0.234768203080424,"GBLUP"
5,1,"217562",-0.482284393565878,-0.498999833827677,-0.522137857668022,"GBLUP"
5,1,"2448314",0.700333845724937,0.198166048561778,0.175028024721432,"GBLUP"
5,1,"2485920",-1.42456266880613,-0.998931812974221,-1.02206983681457,"GBLUP"
5,1,"2620837",-0.706295475913985,0.0582551435761351,0.0351171197357899,"GBLUP"
5,1,"2668073",-0.593304500981329,-0.322773019201021,-0.345911043041366,"GBLUP"
5,1,"295261",0.222887117641691,0.434461426317421,0.411323402477076,"GBLUP"
5,1,"321397",0.364545256460967,0.27150886011286,0.248370836272514,"GBLUP"
5,1,"326413",0.516912861334475,0.23852994607155,0.215391922231205,"GBLUP"
5,1,"342090",0.610089288046636,0.503430115887582,0.480292092047236,"GBLUP"
5,1,"342253",1.07641120196251,0.868280102729248,0.845142078888903,"GBLUP"
5,1,"355411",0.893902354604809,0.0916191017054901,0.0684810778651449,"GBLUP"
5,1,"369564",0.0694933586063328,0.00901098000993791,-0.0141270438304073,"GBLUP"
5,1,"377246",1.11277452206301,0.402967571606872,0.379829547766527,"GBLUP"
5,1,"3827762",-2.04514161430622,-0.270240166012203,-0.293378189852548,"GBLUP"
5,1,"3830034",-2.00663640099488,0.121705717562447,0.0985676937221013,"GBLUP"
5,1,"3830068",-1.1770559137839,-0.98306780173991,-1.00620582558026,"GBLUP"
5,1,"3830114",-1.8422725653245,-0.392471663697091,-0.415609687537436,"GBLUP"
5,1,"3830167",-1.78563862848713,-1.10288379960912,-1.12602182344947,"GBLUP"
5,1,"3830198",-2.0155215929836,-1.07316009055221,-1.09629811439255,"GBLUP"
5,1,"3848142",-1.64571517884622,-0.898942159674732,-0.922080183515077,"GBLUP"
5,1,"3855090",-2.01515510935437,-0.755853200895912,-0.778991224736257,"GBLUP"
5,1,"3855646",-1.60297504359708,-1.17919467376194,-1.20233269760228,"GBLUP"
5,1,"391994",0.227317497515078,1.11136719019397,1.08822916635362,"GBLUP"
5,1,"392884",0.568171704943104,-0.294435938385475,-0.317573962225821,"GBLUP"
5,1,"392956",0.556664118985209,-0.305423925948666,-0.328561949789011,"GBLUP"
5,1,"392959",0.26048019392028,0.320636720746062,0.297498696905717,"GBLUP"
5,1,"393205",0.523151227112074,0.197028492679464,0.173890468839118,"GBLUP"
5,1,"4057151",-1.10752175319755,-0.0623751881042176,-0.0855132119445629,"GBLUP"
5,1,"4062993",-1.24850393332291,-0.164055208863455,-0.1871932327038,"GBLUP"
5,1,"4066585",-1.05212571661892,-0.617655059658605,-0.640793083498951,"GBLUP"
5,1,"413317",-0.769851881303522,0.536999660124043,0.513861636283698,"GBLUP"
5,1,"41418",0.12124899113459,0.0281368465167547,0.0049988226764094,"GBLUP"
5,1,"414940",1.19555095778562,-0.634620152723183,-0.657758176563528,"GBLUP"
5,1,"416019",-0.58579565862239,0.49764085438231,0.474502830541965,"GBLUP"
5,1,"416396",2.27981313507113,0.312812747537709,0.289674723697364,"GBLUP"
5,1,"41660",-1.27526538233752,-0.171549802967941,-0.194687826808286,"GBLUP"
5,1,"418273",-0.9041722034575,0.00129378309904148,-0.0218442407413038,"GBLUP"
5,1,"419152",-0.16824864371701,0.23513817560424,0.212000151763895,"GBLUP"
5,1,"41948",0.5807135891435,0.474797774587812,0.451659750747467,"GBLUP"
5,1,"420071",1.23562797866234,-0.277539068461528,-0.300677092301873,"GBLUP"
5,1,"420125",0.301453063668456,0.218963208509326,0.195825184668981,"GBLUP"
5,1,"421340",1.00852214566739,0.119269814693114,0.0961317908527688,"GBLUP"
5,1,"42174",-0.365522709292455,0.586728501976651,0.563590478136305,"GBLUP"
5,1,"421747",0.0844621788403119,-0.0889973327204667,-0.112135356560812,"GBLUP"
5,1,"429168",-0.217951967921566,0.0285928217559515,0.00545479791560621,"GBLUP"
5,1,"429726",0.361499370298013,0.325129936121819,0.301991912281473,"GBLUP"
5,1,"430154",0.869437536333388,-0.242326961498709,-0.265464985339054,"GBLUP"
5,1,"43154",0.0307112465529028,0.35840039535766,0.335262371517315,"GBLUP"
5,1,"431742",-1.65755667211075,-0.169253010709906,-0.192391034550252,"GBLUP"
5,1,"434148",1.18010978087397,-0.0939529932653642,-0.11709101710571,"GBLUP"
5,1,"454059",1.54804305646194,0.760962105676574,0.737824081836228,"GBLUP"
5,1,"457982",-1.10227696525921,0.209588153449602,0.186450129609257,"GBLUP"
5,1,"480143",0.202347746243382,0.330416731300966,0.307278707460621,"GBLUP"
5,1,"5131",-0.967639023959892,-0.340206355846794,-0.363344379687139,"GBLUP"
5,1,"601577",0.10942378603136,0.676517353649599,0.653379329809254,"GBLUP"
5,1,"60900",0.257466884079927,0.290411217936935,0.26727319409659,"GBLUP"
5,1,"62526",0.824197168324818,-0.16131147488603,-0.184449498726376,"GBLUP"
5,1,"62587",-0.879796970073224,-0.242464422400013,-0.265602446240358,"GBLUP"
5,1,"6387",-1.05082266371498,-0.258434346815433,-0.281572370655778,"GBLUP"
5,1,"65038",0.334575039670411,0.303815343801033,0.280677319960688,"GBLUP"
5,1,"653215",1.16681049717316,0.173439536625959,0.150301512785614,"GBLUP"
5,1,"669426",1.50597887990672,-0.0764102234776239,-0.0995482473179691,"GBLUP"
5,1,"692876",-0.85955892965895,-0.028931572372295,-0.0520695962126403,"GBLUP"
5,1,"692904",-1.4323891303104,-0.153893201037916,-0.177031224878262,"GBLUP"
5,1,"77310",-0.0753409716662881,0.258262270213866,0.23512424637352,"GBLUP"
5,1,"77331",0.929996920043869,0.208606965358546,0.1854689415182,"GBLUP"
5,1,"77587",1.49285062189955,0.135576630179333,0.112438606338988,"GBLUP"
5,1,"80506",-0.60552876603639,0.19003381977773,0.166895795937385,"GBLUP"
5,1,"80836",0.898780658913924,0.170147089026004,0.147009065185659,"GBLUP"
5,1,"82710",-0.0599079388352816,-0.100395739212804,-0.123533763053149,"GBLUP"
5,1,"85244",0.907828732515639,0.350281837301562,0.327143813461217,"GBLUP"
5,1,"85741",0.620521855358782,-0.22448222138559,-0.247620245225935,"GBLUP"
5,1,"85899",0.852628153872598,0.0508158027258646,0.0276777788855193,"GBLUP"
5,1,"86954",-0.571950721518058,0.352268354029595,0.32913033018925,"GBLUP"
5,1,"897095",0.599518271363445,0.00116167734271732,-0.0219763464976279,"GBLUP"
5,1,"909658",-0.170976910734629,0.125300249076278,0.102162225235932,"GBLUP"
5,1,"916978",-0.0828905344284735,0.129926911612665,0.10678888777232,"GBLUP"
5,1,"96495",1.10011862073352,0.0700331391874033,0.046895115347058,"GBLUP"
5,1,"97127",0.36759928670457,0.477048778265728,0.453910754425382,"GBLUP"
5,1,"97487",-0.677009361897995,-0.125113170305205,-0.148251194145551,"GBLUP"
5,2,"1066175",0.208789714037222,0.405337608722874,0.888860155866646,"PBLUP"
5,2,"106657",0.354935241294429,-0.146247732425673,0.337274814718099,"PBLUP"
5,2,"106875",1.61799256516142,0.253112004300068,0.736634551443839,"PBLUP"
5,2,"107066",0.640882056982801,-0.148041346534271,0.335481200609501,"PBLUP"
5,2,"1079616",0.712370796925057,0.401266854272966,0.884789401416738,"PBLUP"
5,2,"108014",0.988813470495336,0.0368748003211419,0.520397347464913,"PBLUP"
5,2,"126309",-0.85354045405889,-0.483522547143771,0,"PBLUP"
5,2,"1293839",-0.0380492263717348,0.0778230361130747,0.561345583256846,"PBLUP"
5,2,"1295736",-1.67898374829987,-0.426814734365715,0.0567078127780562,"PBLUP"
5,2,"1296234",-0.732226228702336,0.0647798613604073,0.548302408504179,"PBLUP"
5,2,"1296766",0.183298741603949,0.122820097043343,0.606342644187115,"PBLUP"
5,2,"1301798",-0.843441794053377,-0.356613730586851,0.12690881655692,"PBLUP"
5,2,"1301800",-1.04135924200014,-0.356613730586851,0.12690881655692,"PBLUP"
5,2,"130562",-0.781090712599981,0.132491022618339,0.616013569762111,"PBLUP"
5,2,"1343502",-0.704397905122626,-0.326591163488156,0.156931383655615,"PBLUP"
5,2,"1360815",0.567332864636195,0.0306989334866074,0.514221480630379,"PBLUP"
5,2,"1390246",-1.64690421462106,-0.113854783538199,0.369667763605572,"PBLUP"
5,2,"14103",-0.437956162590065,0.106804189356741,0.590326736500512,"PBLUP"
5,2,"143023",-0.135460575021689,0.079903731624943,0.563426278768714,"PBLUP"
5,2,"143058",0.638056060997389,-0.151810931845236,0.331711615298536,"PBLUP"
5,2,"14431",1.65097609179233,-0.162224392246667,0.321298154897104,"PBLUP"
5,2,"144880",1.72531525996195,0.299379851353623,0.782902398497394,"PBLUP"
5,2,"1491661",-0.267622715803522,0.309918497261765,0.793441044405536,"PBLUP"
5,2,"15200",-0.401527689844371,-0.377785817786671,0.105736729357101,"PBLUP"
5,2,"1563730",0.980278473974546,0.427764645137908,0.911287192281679,"PBLUP"
5,2,"1586793",2.08261236622153,-0.106051229298557,0.377471317845214,"PBLUP"
5,2,"1630947",0.133668714125241,-0.355771479356187,0.127751067787584,"PBLUP"
5,2,"1630957",0.152864312216366,-0.355771479356187,0.127751067787584,"PBLUP"
5,2,"1635819",-0.549196160183055,-0.019757797473723,0.463764749670048,"PBLUP"
5,2,"1636202",-0.174201966671873,-0.101780664106345,0.381741883037426,"PBLUP"
5,2,"168154",1.4005456118169,0.77317585668801,1.25669840383178,"PBLUP"
5,2,"168928",0.952971371556413,0.169254731596763,0.652777278740535,"PBLUP"
5,2,"169164",-0.143881554413385,-0.418040019779595,0.0654825273641767,"PBLUP"
5,2,"1700001",-1.70234911568359,0.197468642558837,0.680991189702609,"PBLUP"
5,2,"1812547",0.2621904508567,0.292419643864569,0.775942191008341,"PBLUP"
5,2,"19627",0.967549275919211,-0.0995256519455577,0.383996895198214,"PBLUP"
5,2,"1982528",-0.731957474040898,-0.332157150460885,0.151365396682886,"PBLUP"
5,2,"20424",3.27892080508434,0.278310615439689,0.76183316258346,"PBLUP"
5,2,"20934",0.434111993369914,-0.0623246908142557,0.421197856329516,"PBLUP"
5,2,"2099196",1.6878769212157,-0.0916003787580041,0.391922168385767,"PBLUP"
5,2,"2163595",0.229736289468012,-0.483522547143771,0,"PBLUP"
5,2,"2166",-0.25270276005344,0.0871285737156416,0.570651120859413,"PBLUP"
5,2,"217385",0.955186561493106,0.261270976679305,0.744793523823077,"PBLUP"
5,2,"217451",-0.997039155104975,-0.0809305125723114,0.40259203457146,"PBLUP"
5,2,"217754",-0.26662913796427,-0.247653611372907,0.235868935770865,"PBLUP"
5,2,"2201662",-1.78674622345547,0.37730099121075,0.860823538354522,"PBLUP"
5,2,"220384",-0.76760411504423,-0.483522547143771,0,"PBLUP"
5,2,"222490",0.822315885694759,0.0756037277396835,0.559126274883455,"PBLUP"
5,2,"2448315",0.0113283346068357,0.347333541978606,0.830856089122378,"PBLUP"
5,2,"2464236",0.0910588841664946,-0.107679806833561,0.37584274031021,"PBLUP"
5,2,"2465",0.785439488513336,0.135515898013719,0.61903844515749,"PBLUP"
5,2,"2484313",-1.06314465773784,-0.559579119780109,-0.0760565726363373,"PBLUP"
5,2,"2485148",-1.82192050778113,-0.422124394130474,0.0613981530132973,"PBLUP"
5,2,"2487807",-2.07697682556554,-0.345271181989616,0.138251365154156,"PBLUP"
5,2,"2600794",-0.27764807908319,0.282682176667897,0.766204723811669,"PBLUP"
5,2,"2621094",-0.692996192213174,0.0982596606802148,0.581782207823986,"PBLUP"
5,2,"2621166",-0.628633522839326,0.0982596606802148,0.581782207823986,"PBLUP"
5,2,"269000",1.24462718778016,0.257674949091787,0.741197496235558,"PBLUP"
5,2,"27001",0.26570869369733,-0.0587871651195363,0.424735382024235,"PBLUP"
5,2,"292717",0.615765712259412,0.776320419233154,1.25984296637693,"PBLUP"
5,2,"294614",1.49951247987093,0.171197335157556,0.654719882301327,"PBLUP"
5,2,"294670",0.886857724842899,0.0107671409381404,0.494289688081912,"PBLUP"
5,2,"294724",0.965651705127852,-0.0133086861392368,0.470213861004535,"PBLUP"
5,2,"294818",0.514005424542565,-0.00856682737435449,0.474955719769417,"PBLUP"
5,2,"345434",2.52690454198022,0.534317977592939,1.01784052473671,"PBLUP"
5,2,"355408",0.759125963934455,0.557518184063023,1.04104073120679,"PBLUP"
5,2,"358060",-0.459033043311249,0.143171126208031,0.626693673351802,"PBLUP"
5,2,"358856",1.40401499017363,0.155547582825409,0.63907012996918,"PBLUP"
5,2,"369673",1.21913621534689,0.121433508162702,0.604956055306474,"PBLUP"
5,2,"377191",0.812233513850544,0.287693147200593,0.771215694344364,"PBLUP"
5,2,"3825285",-0.503573020383953,0.1708621281633,0.654384675307071,"PBLUP"
5,2,"3830069",-1.63645535914761,-0.648053266786077,-0.164530719642305,"PBLUP"
5,2,"3830083",-1.82117939644201,-1.63225259794311,-1.14873005079934,"PBLUP"
5,2,"3830201",-1.69475068843751,-0.261610784150785,0.221911762992987,"PBLUP"
5,2,"3848815",-1.70271559931282,-0.345271181989616,0.138251365154156,"PBLUP"
5,2,"3855110",-1.74344414664151,-0.379813766867199,0.103708780276573,"PBLUP"
5,2,"3868812",-2.13250316743456,0.165193412392326,0.648715959536097,"PBLUP"
5,2,"4057141",-0.841470926536171,-0.0558266675442673,0.427695879599504,"PBLUP"
5,2,"41542",1.1421909413694,0.676476990643154,1.15999953778693,"PBLUP"
5,2,"41686",0.409679751421092,0.515454646554035,0.998977193697806,"PBLUP"
5,2,"41761",0.535644246828573,0.0460669532577891,0.52958950040156,"PBLUP"
5,2,"42083",0.309238804769481,0.100388503458518,0.583911050602289,"PBLUP"
5,2,"421064",0.142985542388393,0.278310615439689,0.76183316258346,"PBLUP"
5,2,"421442",0.84616989791746,0.261825113519221,0.745347660662992,"PBLUP"
5,2,"422212",-0.278486919390099,0.592860279304231,1.076382826448,"PBLUP"
5,2,"42274",0.449406576829877,0.200722476455215,0.684245023598986,"PBLUP"
5,2,"423671",0.529128982308885,0.0722705481669185,0.55579309531069,"PBLUP"
5,2,"4248",0.647218151728196,-0.137866525426929,0.345656021716842,"PBLUP"
5,2,"427258",0.105180720012913,-0.0387816106138101,0.444740936529961,"PBLUP"
5,2,"427650",-0.151585854707912,-0.0125791296172625,0.470943417526509,"PBLUP"
5,2,"429247",-1.04267858306538,0.392995211711328,0.876517758855099,"PBLUP"
5,2,"432043",-0.726167032699027,0.0912907513677176,0.574813298511489,"PBLUP"
5,2,"433740",-0.395224171421573,-0.147912819656606,0.335609727487165,"PBLUP"
5,2,"4937014",0.222276311592972,-0.33547559248581,0.148046954657961,"PBLUP"
5,2,"536162",0.398147733221247,0.277686414606977,0.761208961750749,"PBLUP"
5,2,"609307",1.1992076499973,0.381888639341123,0.865411186484894,"PBLUP"
5,2,"609368",1.70775662208139,0.381888639341123,0.865411186484894,"PBLUP"
5,2,"62256",0.502253516165182,0.344753823245733,0.828276370389505,"PBLUP"
5,2,"62603",0.702777069919819,-0.217478007452365,0.266044539691406,"PBLUP"
5,2,"675238",0.418499790764617,0.222146112235218,0.705668659378989,"PBLUP"
5,2,"68052",-0.150641141352559,0.156126771622239,0.63964931876601,"PBLUP"
5,2,"68460",1.04727168139822,0.405794361343596,0.889316908487368,"PBLUP"
5,2,"70761",-0.135403566457144,-0.0248489632031012,0.45867358394067,"PBLUP"
5,2,"743023",-0.0986411864048143,0.116325419470232,0.599847966614003,"PBLUP"
5,2,"77128",1.30970653625117,0.653658342884586,1.13718089002836,"PBLUP"
5,2,"77205",-1.57563536485635,0.0153572556307297,0.498879802774501,"PBLUP"
5,2,"77246",0.938141000693478,-0.0866827826983487,0.396839764445423,"PBLUP"
5,2,"784135",-0.0531727841380565,0.336369182362197,0.819891729505969,"PBLUP"
5,2,"78690",-0.722958264923082,-0.483522547143771,0,"PBLUP"
5,2,"85331",-0.016524421214821,-0.134437195343491,0.349085351800281,"PBLUP"
5,2,"855168",-1.10036310630655,0.152950806462218,0.636473353605989,"PBLUP"
5,2,"85786",1.44805003424606,-0.271553287932833,0.211969259210938,"PBLUP"
5,2,"877657",1.26586695011434,0.175463402810355,0.658985949954127,"PBLUP"
5,2,"89242",-0.470361459494854,-0.312084356456848,0.171438190686923,"PBLUP"
5,2,"900613",0.745851112475593,-0.0598088420828292,0.423713705060942,"PBLUP"
5,2,"904516",0.578807874271491,-0.457534188660546,0.0259883584832258,"PBLUP"
5,2,"92207",1.8092807314594,0.278310615439689,0.76183316258346,"PBLUP"
5,2,"96413",0.107485494836752,0.393805567028016,0.877328114171787,"PBLUP"
5,2,"96458",-0.128994174985903,0.211435630726785,0.694958177870556,"PBLUP"
5,2,"96638",2.39853754278111,0.245754862033868,0.72927740917764,"PBLUP"
5,2,"1066175",0.208789714037222,0.424040792762735,0.442460146770858,"GBLUP"
5,2,"106657",0.354935241294429,0.181306127891608,0.199725481899731,"GBLUP"
5,2,"106875",1.61799256516142,0.198920987867445,0.217340341875568,"GBLUP"
5,2,"107066",0.640882056982801,0.0875115270621882,0.105930881070311,"GBLUP"
5,2,"1079616",0.712370796925057,0.208862796378869,0.227282150386992,"GBLUP"
5,2,"108014",0.988813470495336,0.307198213048135,0.325617567056258,"GBLUP"
5,2,"126309",-0.85354045405889,-0.0909911894658059,-0.0725718354576829,"GBLUP"
5,2,"1293839",-0.0380492263717348,0.0979029840720182,0.116322338080141,"GBLUP"
5,2,"1295736",-1.67898374829987,-0.262156880197958,-0.243737526189835,"GBLUP"
5,2,"1296234",-0.732226228702336,-0.0581469999968701,-0.0397276459887471,"GBLUP"
5,2,"1296766",0.183298741603949,-0.127066652279166,-0.108647298271043,"GBLUP"
5,2,"1301798",-0.843441794053377,-0.045581245091177,-0.0271618910830539,"GBLUP"
5,2,"1301800",-1.04135924200014,-0.316426495538576,-0.298007141530453,"GBLUP"
5,2,"130562",-0.781090712599981,-0.155657096239828,-0.137237742231705,"GBLUP"
5,2,"1343502",-0.704397905122626,-0.832159619179845,-0.813740265171722,"GBLUP"
5,2,"1360815",0.567332864636195,0.319953914109075,0.338373268117198,"GBLUP"
5,2,"1390246",-1.64690421462106,0.732976702482148,0.751396056490271,"GBLUP"
5,2,"14103",-0.437956162590065,-0.403051307909551,-0.384631953901428,"GBLUP"
5,2,"143023",-0.135460575021689,0.369264654794094,0.387684008802217,"GBLUP"
5,2,"143058",0.638056060997389,-0.0984453652935122,-0.0800260112853892,"GBLUP"
5,2,"14431",1.65097609179233,0.282746517145133,0.301165871153256,"GBLUP"
5,2,"144880",1.72531525996195,0.410837627844072,0.429256981852195,"GBLUP"
5,2,"1491661",-0.267622715803522,0.187040462785495,0.205459816793618,"GBLUP"
5,2,"15200",-0.401527689844371,-0.501976540758083,-0.48355718674996,"GBLUP"
5,2,"1563730",0.980278473974546,0.241745907104265,0.260165261112388,"GBLUP"
5,2,"1586793",2.08261236622153,-0.289399242876148,-0.270979888868025,"GBLUP"
5,2,"1630947",0.133668714125241,-0.0319281984192532,-0.0135088444111301,"GBLUP"
5,2,"1630957",0.152864312216366,0.0357132273003596,0.0541325813084826,"GBLUP"
5,2,"1635819",-0.549196160183055,-0.429479416428892,-0.411060062420769,"GBLUP"
5,2,"1636202",-0.174201966671873,-0.0652721971014172,-0.0468528430932942,"GBLUP"
5,2,"168154",1.4005456118169,0.46552820145334,0.483947555461463,"GBLUP"
5,2,"168928",0.952971371556413,0.183125010486544,0.201544364494667,"GBLUP"
5,2,"169164",-0.143881554413385,0.206754194534953,0.225173548543076,"GBLUP"
5,2,"1700001",-1.70234911568359,0.316107696932228,0.334527050940351,"GBLUP"
5,2,"1812547",0.2621904508567,0.104008406936754,0.122427760944877,"GBLUP"
5,2,"19627",0.967549275919211,-0.0357032634882299,-0.0172839094801069,"GBLUP"
5,2,"1982528",-0.731957474040898,-0.711850532795436,-0.693431178787313,"GBLUP"
5,2,"20424",3.27892080508434,0.47953760382591,0.497956957834033,"GBLUP"
5,2,"20934",0.434111993369914,0.708239609705872,0.726658963713995,"GBLUP"
5,2,"2099196",1.6878769212157,0.399506155964686,0.417925509972809,"GBLUP"
5,2,"2163595",0.229736289468012,0.794927832671158,0.813347186679281,"GBLUP"
5,2,"2166",-0.25270276005344,-0.226240400817749,-0.207821046809626,"GBLUP"
5,2,"217385",0.955186561493106,-0.284500651607267,-0.266081297599144,"GBLUP"
5,2,"217451",-0.997039155104975,-0.185191499175924,-0.166772145167801,"GBLUP"
5,2,"217754",-0.26662913796427,-0.672091523641101,-0.653672169632978,"GBLUP"
5,2,"2201662",-1.78674622345547,-0.101554529781483,-0.0831351757733604,"GBLUP"
5,2,"220384",-0.76760411504423,-0.587563756219248,-0.569144402211125,"GBLUP"
5,2,"222490",0.822315885694759,0.137463812522366,0.155883166530489,"GBLUP"
5,2,"2448315",0.0113283346068357,0.236421895693657,0.25484124970178,"GBLUP"
5,2,"2464236",0.0910588841664946,-0.0680338845081136,-0.0496145304999906,"GBLUP"
5,2,"2465",0.785439488513336,0.317285235297384,0.335704589305507,"GBLUP"
5,2,"2484313",-1.06314465773784,-0.157357451284276,-0.138938097276153,"GBLUP"
5,2,"2485148",-1.82192050778113,-0.77118280284338,-0.752763448835257,"GBLUP"
5,2,"2487807",-2.07697682556554,-1.03182858514446,-1.01340923113634,"GBLUP"
5,2,"2600794",-0.27764807908319,0.529283664399095,0.547703018407218,"GBLUP"
5,2,"2621094",-0.692996192213174,0.0398044566360513,0.0582238106441743,"GBLUP"
5,2,"2621166",-0.628633522839326,0.177535740007488,0.195955094015611,"GBLUP"
5,2,"269000",1.24462718778016,0.0236528519154221,0.0420722059235452,"GBLUP"
5,2,"27001",0.26570869369733,0.325984666968646,0.344404020976769,"GBLUP"
5,2,"292717",0.615765712259412,0.463496922132393,0.481916276140516,"GBLUP"
5,2,"294614",1.49951247987093,0.498532158453616,0.516951512461739,"GBLUP"
5,2,"294670",0.886857724842899,-0.251605323782844,-0.233185969774721,"GBLUP"
5,2,"294724",0.965651705127852,-0.908666926086278,-0.890247572078155,"GBLUP"
5,2,"294818",0.514005424542565,0.294839998488981,0.313259352497104,"GBLUP"
5,2,"345434",2.52690454198022,0.540084206929858,0.558503560937981,"GBLUP"
5,2,"355408",0.759125963934455,0.255139987402151,0.273559341410274,"GBLUP"
5,2,"358060",-0.459033043311249,-0.224574063093551,-0.206154709085428,"GBLUP"
5,2,"358856",1.40401499017363,0.435815939982149,0.454235293990272,"GBLUP"
5,2,"369673",1.21913621534689,0.174865125608537,0.19328447961666,"GBLUP"
5,2,"377191",0.812233513850544,0.318530655216707,0.33695000922483,"GBLUP"
5,2,"3825285",-0.503573020383953,0.155734081482628,0.174153435490751,"GBLUP"
5,2,"3830069",-1.63645535914761,-0.592395036975344,-0.573975682967221,"GBLUP"
5,2,"3830083",-1.82117939644201,-1.30559733667671,-1.28717798266859,"GBLUP"
5,2,"3830201",-1.69475068843751,-1.70957627025143,-1.6911569162433,"GBLUP"
5,2,"3848815",-1.70271559931282,-1.2473108071819,-1.22889145317378,"GBLUP"
5,2,"3855110",-1.74344414664151,0.452313856390555,0.470733210398678,"GBLUP"
5,2,"3868812",-2.13250316743456,-1.22555400316164,-1.20713464915351,"GBLUP"
5,2,"4057141",-0.841470926536171,-0.348553425416516,-0.330134071408393,"GBLUP"
5,2,"41542",1.1421909413694,0.953597517903716,0.972016871911839,"GBLUP"
5,2,"41686",0.409679751421092,0.41820945066399,0.436628804672113,"GBLUP"
5,2,"41761",0.535644246828573,0.561278955272968,0.579698309281091,"GBLUP"
5,2,"42083",0.309238804769481,0.247006800716533,0.265426154724656,"GBLUP"
5,2,"421064",0.142985542388393,-0.222725867276036,-0.204306513267913,"GBLUP"
5,2,"421442",0.84616989791746,0.509350834309933,0.527770188318056,"GBLUP"
5,2,"422212",-0.278486919390099,0.191322821144175,0.209742175152298,"GBLUP"
5,2,"42274",0.449406576829877,-0.608898033727079,-0.590478679718956,"GBLUP"
5,2,"423671",0.529128982308885,0.573780189505367,0.59219954351349,"GBLUP"
5,2,"4248",0.647218151728196,-0.215742458633341,-0.197323104625218,"GBLUP"
5,2,"427258",0.105180720012913,0.294324900031116,0.312744254039239,"GBLUP"
5,2,"427650",-0.151585854707912,0.324267686705721,0.342687040713844,"GBLUP"
5,2,"429247",-1.04267858306538,0.332656444893077,0.3510757989012,"GBLUP"
5,2,"432043",-0.726167032699027,0.307947496075236,0.326366850083359,"GBLUP"
5,2,"433740",-0.395224171421573,-0.435351933028853,-0.41693257902073,"GBLUP"
5,2,"4937014",0.222276311592972,0.0270459202061353,0.0454652742142584,"GBLUP"
5,2,"536162",0.398147733221247,0.139420939972816,0.157840293980939,"GBLUP"
5,2,"609307",1.1992076499973,0.466412661560602,0.484832015568725,"GBLUP"
5,2,"609368",1.70775662208139,0.262914776218297,0.28133413022642,"GBLUP"
5,2,"62256",0.502253516165182,0.330779443651605,0.349198797659728,"GBLUP"
5,2,"62603",0.702777069919819,-0.35649399988327,-0.338074645875147,"GBLUP"
5,2,"675238",0.418499790764617,0.367624778690457,0.38604413269858,"GBLUP"
5,2,"68052",-0.150641141352559,-0.0718022486967365,-0.0533828946886135,"GBLUP"
5,2,"68460",1.04727168139822,-0.153302769025299,-0.134883415017176,"GBLUP"
5,2,"70761",-0.135403566457144,0.426376744013973,0.444796098022096,"GBLUP"
5,2,"743023",-0.0986411864048143,0.0338642682295597,0.0522836222376828,"GBLUP"
5,2,"77128",1.30970653625117,1.24422474853838,1.2626441025465,"GBLUP"
5,2,"77205",-1.57563536485635,0.0931051579645045,0.111524511972627,"GBLUP"
5,2,"77246",0.938141000693478,-0.395656343096372,-0.377236989088249,"GBLUP"
5,2,"784135",-0.0531727841380565,1.53219602010391,1.55061537411203,"GBLUP"
5,2,"78690",-0.722958264923082,-0.805092690971365,-0.786673336963242,"GBLUP"
5,2,"85331",-0.016524421214821,0.626726049194613,0.645145403202736,"GBLUP"
5,2,"855168",-1.10036310630655,-0.230586262850945,-0.212166908842822,"GBLUP"
5,2,"85786",1.44805003424606,-0.185261804972209,-0.166842450964086,"GBLUP"
5,2,"877657",1.26586695011434,-0.247798745199168,-0.229379391191045,"GBLUP"
5,2,"89242",-0.470361459494854,0.0331076753521577,0.0515270293602807,"GBLUP"
5,2,"900613",0.745851112475593,0.477375346467762,0.495794700475885,"GBLUP"
5,2,"904516",0.578807874271491,0.0636063881592064,0.0820257421673294,"GBLUP"
5,2,"92207",1.8092807314594,0.396756834104796,0.415176188112919,"GBLUP"
5,2,"96413",0.107485494836752,0.38754606377355,0.405965417781673,"GBLUP"
5,2,"96458",-0.128994174985903,0.462618784341882,0.481038138350005,"GBLUP"
5,2,"96638",2.39853754278111,0.113775048200311,0.132194402208434,"GBLUP"
5,3,"103122",-0.561477433802664,-0.443369644581593,0,"PBLUP"
5,3,"107052",1.20011164294941,0.200662276206639,0.644031920788232,"PBLUP"
5,3,"1093268",0.393733641509161,-0.281856242645572,0.161513401936021,"PBLUP"
5,3,"126114",1.67147474278739,0.00892557381592179,0.452295218397515,"PBLUP"
5,3,"1290414",-0.332376301048552,-0.117121827646999,0.326247816934594,"PBLUP"
5,3,"1291472",-0.666690811714943,-0.148067642258426,0.295302002323167,"PBLUP"
5,3,"1295755",-1.01605558342181,-0.649292487633439,-0.205922843051846,"PBLUP"
5,3,"1298205",-0.951635905483413,-0.130064879950414,0.313304764631179,"PBLUP"
5,3,"1302304",-0.380581114413579,-0.265752846244934,0.177616798336659,"PBLUP"
5,3,"133128",0.32484286329413,0.46690167460396,0.910271319185554,"PBLUP"
5,3,"1342417",-0.105140162763201,0.211058408304621,0.654428052886214,"PBLUP"
5,3,"13569",1.81367039092954,0.371020251286619,0.814389895868212,"PBLUP"
5,3,"143989",1.07711159289838,-0.588592231601677,-0.145222587020084,"PBLUP"
5,3,"1477994",1.17454737379029,0.112224263503974,0.555593908085567,"PBLUP"
5,3,"1507236",-1.28624360305319,-0.105999187907328,0.337370456674265,"PBLUP"
5,3,"1507248",-0.200816822234791,-0.101519320253234,0.341850324328359,"PBLUP"
5,3,"1637606",0.0470156960134162,-0.148595660994236,0.294773983587357,"PBLUP"
5,3,"1642335",-0.334257583678611,-0.150374288803645,0.292995355777948,"PBLUP"
5,3,"1642486",-0.246480682437141,-0.092095309833754,0.351274334747839,"PBLUP"
5,3,"1672866",-0.491755959361372,-0.538878753632968,-0.0955091090513749,"PBLUP"
5,3,"168614",-0.438778714735675,0.101979035680111,0.545348680261704,"PBLUP"
5,3,"1799716",-0.931715484214473,-0.774866276657225,-0.331496632075632,"PBLUP"
5,3,"1823515",0.462616275643541,0.340260357667046,0.783630002248639,"PBLUP"
5,3,"1987795",0.0771325062556649,-0.038470879842508,0.404898764739085,"PBLUP"
5,3,"2114149",1.08853773804978,-0.198033033890589,0.245336610691004,"PBLUP"
5,3,"2117143",0.0567723046316471,-0.0078873138151811,0.435482330766412,"PBLUP"
5,3,"2151603",-1.00835942720793,-0.204442788135252,0.238926856446341,"PBLUP"
5,3,"2163607",0.440545817083104,0.0243062529398523,0.467675897521445,"PBLUP"
5,3,"217743",-0.15331239980563,-0.293644082537844,0.149725562043749,"PBLUP"
5,3,"220399",-0.881059302573914,-0.443369644581593,0,"PBLUP"
5,3,"2484320",-1.39759761777528,-0.379790759885982,0.0635788846956113,"PBLUP"
5,3,"2485050",-0.81742145637788,-0.868697911170554,-0.425328266588961,"PBLUP"
5,3,"2485260",-1.10190233754932,-0.597861401141107,-0.154491756559514,"PBLUP"
5,3,"2485915",-1.84783497240818,-1.54917331727829,-1.1058036726967,"PBLUP"
5,3,"2588696",0.0402805413161911,-0.0144386961351748,0.428930948446418,"PBLUP"
5,3,"2601500",0.294286272696802,0.02719830100675,0.470567945588343,"PBLUP"
5,3,"2668072",-0.291427863542325,-0.443369644581593,0,"PBLUP"
5,3,"292907",-0.32430551712479,0.235364387666067,0.67873403224766,"PBLUP"
5,3,"294705",0.782361026027785,-0.178956717899994,0.264412926681599,"PBLUP"
5,3,"294940",-0.428965097552897,0.130763460585916,0.574133105167509,"PBLUP"
5,3,"295146",1.00396960458425,0.24938466932008,0.692754313901673,"PBLUP"
5,3,"31089",-1.40101813164811,-0.443369644581593,0,"PBLUP"
5,3,"320849",-0.682832379562464,-0.443369644581593,0,"PBLUP"
5,3,"321131",0.159412153058651,0.474433863967659,0.917803508549252,"PBLUP"
5,3,"321614",-0.152489847660019,0.405586608960656,0.848956253542249,"PBLUP"
5,3,"341985",-0.539431407484175,0.302523144611259,0.745892789192852,"PBLUP"
5,3,"342231",0.642486440870774,0.471184259117697,0.91455390369929,"PBLUP"
5,3,"342263",0.0796897475796432,0.158875061605935,0.602244706187528,"PBLUP"
5,3,"359354",0.595723129780728,0.257546810305647,0.70091645488724,"PBLUP"
5,3,"367751",1.8362539265709,0.527907041391991,0.971276685973584,"PBLUP"
5,3,"369670",0.105807814222934,-0.0626691928270239,0.380700451754569,"PBLUP"
5,3,"369679",0.824579940115349,0.158875061605935,0.602244706187528,"PBLUP"
5,3,"376804",-0.154615452709568,-0.443369644581593,0,"PBLUP"
5,3,"377165",1.43900196064434,0.252779259259339,0.696148903840932,"PBLUP"
5,3,"3822784",-0.562658325496856,-0.610173347035293,-0.1668037024537,"PBLUP"
5,3,"3826177",-0.880505505089741,0.425815167618845,0.869184812200438,"PBLUP"
5,3,"3827770",-2.31129831401605,-0.82546320043751,-0.382093555855917,"PBLUP"
5,3,"3827774",-2.05032124959937,0.0348054202045761,0.478175064786169,"PBLUP"
5,3,"3830109",-2.41866172921982,0.0393073642877509,0.482677008869344,"PBLUP"
5,3,"3830130",-1.50911451411035,-0.0439204243698687,0.399449220211724,"PBLUP"
5,3,"3830165",-1.84079848672692,-0.677596677611368,-0.234227033029775,"PBLUP"
5,3,"3830184",-1.42619148493605,0.119156753339679,0.562526397921272,"PBLUP"
5,3,"3830206",-1.74084618491428,0.0393073642877509,0.482677008869344,"PBLUP"
5,3,"3855675",-1.66940630945593,-0.141020819622624,0.30234882495897,"PBLUP"
5,3,"3863169",-2.14879132873378,-0.629987615801361,-0.186617971219768,"PBLUP"
5,3,"3863186",-1.46247336423005,0.246741595115413,0.690111239697006,"PBLUP"
5,3,"3865255",-1.92223929322299,-0.536858077903301,-0.0934884333217081,"PBLUP"
5,3,"3868700",-2.00590343373641,-0.461355264070827,-0.0179856194892341,"PBLUP"
5,3,"3881",0.998317612613427,0.624662736656839,1.06803238123843,"PBLUP"
5,3,"3895",0.617410816550632,0.376108784421795,0.819478429003389,"PBLUP"
5,3,"392036",0.331048652749132,-0.286922768719989,0.156446875861604,"PBLUP"
5,3,"393017",-0.57501289584231,0.0268157283166294,0.470185372898223,"PBLUP"
5,3,"393298",-0.151805744885452,0.306223147719023,0.749592792300616,"PBLUP"
5,3,"4057142",-0.895572054291514,0.271605068776708,0.714974713358301,"PBLUP"
5,3,"412956",0.406967772564773,-0.0510875045711044,0.392282140010489,"PBLUP"
5,3,"413235",-0.454749256889555,-0.0785198515842338,0.364849792997359,"PBLUP"
5,3,"41471",0.748286192589826,0.192397937760822,0.635767582342415,"PBLUP"
5,3,"41804",-0.456435081584024,-0.119251471009334,0.324118173572259,"PBLUP"
5,3,"419380",0.939240451581174,-0.0655874663144011,0.377782178267192,"PBLUP"
5,3,"419528",1.06256626485818,0.269850432660243,0.713220077241836,"PBLUP"
5,3,"42066",0.139231121208924,0.388690883827837,0.83206052840943,"PBLUP"
5,3,"42076",0.0253850178080586,0.0247161233080266,0.46808576788962,"PBLUP"
5,3,"421337",0.918302020231034,0.396451830838139,0.839821475419732,"PBLUP"
5,3,"421749",0.130883438543077,-0.0478961995684018,0.395473445013191,"PBLUP"
5,3,"421919",0.0629292296027502,0.241536082014996,0.684905726596589,"PBLUP"
5,3,"422005",0.127161593686205,0.103268264769865,0.546637909351459,"PBLUP"
5,3,"422181",1.75413716138091,0.397899529457322,0.841269174038915,"PBLUP"
5,3,"42237",-1.09225974606019,0.198720888412247,0.64209053299384,"PBLUP"
5,3,"423133",-0.80039218373955,-0.33557237161069,0.107797272970903,"PBLUP"
5,3,"430174",0.174861474050957,0.23265719980146,0.676026844383053,"PBLUP"
5,3,"430433",0.211509836974191,0.134085831952501,0.577455476534095,"PBLUP"
5,3,"438163",0.788835570144222,-0.0902292531221843,0.353140391459409,"PBLUP"
5,3,"438323",-0.30088314117652,0.334769415927745,0.778139060509338,"PBLUP"
5,3,"438760",-0.670640690830003,0.194949115178886,0.638318759760479,"PBLUP"
5,3,"438770",0.342629535432872,0.194949115178886,0.638318759760479,"PBLUP"
5,3,"447647",0.81275473501212,-0.0299338060515348,0.413435838530058,"PBLUP"
5,3,"458835",0.881148724307524,0.659580225623949,1.10294987020554,"PBLUP"
5,3,"460142",1.63380836978296,0.446242640993473,0.889612285575067,"PBLUP"
5,3,"460693",-0.0645744970475065,0.510403723378159,0.953773367959752,"PBLUP"
5,3,"460960",-0.381265217188148,-0.124828030929302,0.318541613652291,"PBLUP"
5,3,"464211",0.902209316867409,-0.165690062071127,0.277679582510466,"PBLUP"
5,3,"471420",-0.766496520075884,0.304890647671748,0.748260292253341,"PBLUP"
5,3,"512731",-0.111875317460428,0.0821214338106,0.525491078392193,"PBLUP"
5,3,"62150",1.12297091103632,0.18527494265605,0.628644587237643,"PBLUP"
5,3,"62221",1.08326037378884,0.189510759993938,0.632880404575531,"PBLUP"
5,3,"625454",0.42732797418879,0.286919112227217,0.73028875680881,"PBLUP"
5,3,"67055",-0.934574056522484,0.270520881499236,0.713890526080829,"PBLUP"
5,3,"770505",-0.471574927511644,0.112887593620179,0.556257238201772,"PBLUP"
5,3,"77230",-0.321023452622998,-0.108953267340284,0.334416377241309,"PBLUP"
5,3,"80662",0.145094859276641,0.304890647671748,0.748260292253341,"PBLUP"
5,3,"835884",0.0390507851381006,-0.0902135373496488,0.353156107231944,"PBLUP"
5,3,"85637",0.149215764085342,0.482197025197245,0.925566669778838,"PBLUP"
5,3,"85685",1.71138073797047,-0.679053157180431,-0.235683512598838,"PBLUP"
5,3,"86783",-1.08113493189282,-0.038470879842508,0.404898764739085,"PBLUP"
5,3,"876108",0.549358878642511,-0.431643271040414,0.0117263735411788,"PBLUP"
5,3,"88809",-0.115605306397947,-0.0453017458485578,0.398067898733035,"PBLUP"
5,3,"89762",1.31910480532082,0.0809970798706748,0.524366724452268,"PBLUP"
5,3,"909641",0.615659839210966,0.139578536353492,0.582948180935085,"PBLUP"
5,3,"934019",0.0447272093508763,-0.0360628511400195,0.407306793441574,"PBLUP"
5,3,"96501",1.01414970539627,-0.15322152162313,0.290148122958463,"PBLUP"
5,3,"103122",-0.561477433802664,-0.727396495497079,-0.739006059931349,"GBLUP"
5,3,"107052",1.20011164294941,0.144476565017148,0.132867000582877,"GBLUP"
5,3,"1093268",0.393733641509161,0.29836449863964,0.28675493420537,"GBLUP"
5,3,"126114",1.67147474278739,0.472525927804542,0.460916363370271,"GBLUP"
5,3,"1290414",-0.332376301048552,-0.695625192202933,-0.707234756637203,"GBLUP"
5,3,"1291472",-0.666690811714943,-0.220896766124839,-0.232506330559109,"GBLUP"
5,3,"1295755",-1.01605558342181,-0.423045056006723,-0.434654620440993,"GBLUP"
5,3,"1298205",-0.951635905483413,0.0806781605765323,0.0690685961422619,"GBLUP"
5,3,"1302304",-0.380581114413579,-0.568208707274628,-0.579818271708898,"GBLUP"
5,3,"133128",0.32484286329413,0.43404532982476,0.422435765390489,"GBLUP"
5,3,"1342417",-0.105140162763201,0.397150832609033,0.385541268174763,"GBLUP"
5,3,"13569",1.81367039092954,-0.0261477787790219,-0.0377573432132923,"GBLUP"
5,3,"143989",1.07711159289838,-0.524092524891859,-0.535702089326129,"GBLUP"
5,3,"1477994",1.17454737379029,0.256452306255901,0.244842741821631,"GBLUP"
5,3,"1507236",-1.28624360305319,-0.623128617573107,-0.634738182007378,"GBLUP"
5,3,"1507248",-0.200816822234791,-0.598663697843516,-0.610273262277786,"GBLUP"
5,3,"1637606",0.0470156960134162,-0.268556638953724,-0.280166203387995,"GBLUP"
5,3,"1642335",-0.334257583678611,-0.402942396749364,-0.414551961183634,"GBLUP"
5,3,"1642486",-0.246480682437141,-0.207721404171994,-0.219330968606264,"GBLUP"
5,3,"1672866",-0.491755959361372,-1.03142087982742,-1.04303044426169,"GBLUP"
5,3,"168614",-0.438778714735675,0.246027448767356,0.234417884333086,"GBLUP"
5,3,"1799716",-0.931715484214473,-0.725548031616735,-0.737157596051006,"GBLUP"
5,3,"1823515",0.462616275643541,-0.234502242067179,-0.246111806501449,"GBLUP"
5,3,"1987795",0.0771325062556649,-0.407326241695733,-0.418935806130004,"GBLUP"
5,3,"2114149",1.08853773804978,-0.456453028382298,-0.468062592816568,"GBLUP"
5,3,"2117143",0.0567723046316471,-0.542584353996708,-0.554193918430979,"GBLUP"
5,3,"2151603",-1.00835942720793,0.719013372478712,0.707403808044441,"GBLUP"
5,3,"2163607",0.440545817083104,0.029739415159621,0.0181298507253506,"GBLUP"
5,3,"217743",-0.15331239980563,-0.0885976663225863,-0.100207230756857,"GBLUP"
5,3,"220399",-0.881059302573914,-0.876170000393568,-0.887779564827838,"GBLUP"
5,3,"2484320",-1.39759761777528,0.100705807390494,0.0890962429562236,"GBLUP"
5,3,"2485050",-0.81742145637788,-0.631530455716349,-0.643140020150619,"GBLUP"
5,3,"2485260",-1.10190233754932,-1.04742172892329,-1.05903129335756,"GBLUP"
5,3,"2485915",-1.84783497240818,-1.39988371031582,-1.41149327475009,"GBLUP"
5,3,"2588696",0.0402805413161911,-1.08413108937877,-1.09574065381304,"GBLUP"
5,3,"2601500",0.294286272696802,-0.0802914792607399,-0.0919010436950103,"GBLUP"
5,3,"2668072",-0.291427863542325,-0.563840373466179,-0.575449937900449,"GBLUP"
5,3,"292907",-0.32430551712479,-0.140109119806016,-0.151718684240287,"GBLUP"
5,3,"294705",0.782361026027785,0.0953603859658236,0.0837508215315532,"GBLUP"
5,3,"294940",-0.428965097552897,-0.0990169212150702,-0.110626485649341,"GBLUP"
5,3,"295146",1.00396960458425,1.02905947693281,1.01744991249854,"GBLUP"
5,3,"31089",-1.40101813164811,-0.534952311007791,-0.546561875442062,"GBLUP"
5,3,"320849",-0.682832379562464,-0.0631841813795286,-0.074793745813799,"GBLUP"
5,3,"321131",0.159412153058651,0.40986493960534,0.398255375171069,"GBLUP"
5,3,"321614",-0.152489847660019,0.0628205199344728,0.0512109555002024,"GBLUP"
5,3,"341985",-0.539431407484175,-0.210595474138977,-0.222205038573247,"GBLUP"
5,3,"342231",0.642486440870774,0.542567183532182,0.530957619097912,"GBLUP"
5,3,"342263",0.0796897475796432,0.10890461229765,0.0972950478633795,"GBLUP"
5,3,"359354",0.595723129780728,0.470891215184657,0.459281650750387,"GBLUP"
5,3,"367751",1.8362539265709,0.711683889787879,0.700074325353609,"GBLUP"
5,3,"369670",0.105807814222934,0.505901629273541,0.49429206483927,"GBLUP"
5,3,"369679",0.824579940115349,0.309600263388436,0.297990698954166,"GBLUP"
5,3,"376804",-0.154615452709568,0.379615314641468,0.368005750207198,"GBLUP"
5,3,"377165",1.43900196064434,0.228649199483233,0.217039635048962,"GBLUP"
5,3,"3822784",-0.562658325496856,-0.585626966697413,-0.597236531131683,"GBLUP"
5,3,"3826177",-0.880505505089741,-0.433715596691806,-0.445325161126077,"GBLUP"
5,3,"3827770",-2.31129831401605,-0.643732589035982,-0.655342153470252,"GBLUP"
5,3,"3827774",-2.05032124959937,-0.937678196273099,-0.949287760707369,"GBLUP"
5,3,"3830109",-2.41866172921982,-0.131530698188367,-0.143140262622638,"GBLUP"
5,3,"3830130",-1.50911451411035,-1.01487531216218,-1.02648487659645,"GBLUP"
5,3,"3830165",-1.84079848672692,-0.570912905486335,-0.582522469920605,"GBLUP"
5,3,"3830184",-1.42619148493605,-0.924251778144777,-0.935861342579047,"GBLUP"
5,3,"3830206",-1.74084618491428,0.0815532110097858,0.0699436465755154,"GBLUP"
5,3,"3855675",-1.66940630945593,-1.0756656461737,-1.08727521060797,"GBLUP"
5,3,"3863169",-2.14879132873378,0.30762360013684,0.296014035702569,"GBLUP"
5,3,"3863186",-1.46247336423005,-0.635793776698189,-0.64740334113246,"GBLUP"
5,3,"3865255",-1.92223929322299,-0.896890717735756,-0.908500282170026,"GBLUP"
5,3,"3868700",-2.00590343373641,-1.06031027509927,-1.07191983953354,"GBLUP"
5,3,"3881",0.998317612613427,0.340989361647627,0.329379797213357,"GBLUP"
5,3,"3895",0.617410816550632,0.351362654500061,0.33975309006579,"GBLUP"
5,3,"392036",0.331048652749132,-0.246258981482936,-0.257868545917207,"GBLUP"
5,3,"393017",-0.57501289584231,0.206579879340144,0.194970314905874,"GBLUP"
5,3,"393298",-0.151805744885452,0.190630087873042,0.179020523438771,"GBLUP"
5,3,"4057142",-0.895572054291514,0.174832472101235,0.163222907666964,"GBLUP"
5,3,"412956",0.406967772564773,0.358630971476622,0.347021407042352,"GBLUP"
5,3,"413235",-0.454749256889555,0.0401005273265165,0.0284909628922461,"GBLUP"
5,3,"41471",0.748286192589826,0.284426063336606,0.272816498902336,"GBLUP"
5,3,"41804",-0.456435081584024,0.245824962122348,0.234215397688077,"GBLUP"
5,3,"419380",0.939240451581174,0.978994931147366,0.967385366713096,"GBLUP"
5,3,"419528",1.06256626485818,0.142603123433826,0.130993558999556,"GBLUP"
5,3,"42066",0.139231121208924,-0.0282382678063037,-0.0398478322405741,"GBLUP"
5,3,"42076",0.0253850178080586,0.286520864123903,0.274911299689633,"GBLUP"
5,3,"421337",0.918302020231034,0.141745426900679,0.130135862466408,"GBLUP"
5,3,"421749",0.130883438543077,0.308770596303073,0.297161031868802,"GBLUP"
5,3,"421919",0.0629292296027502,0.106393478959492,0.0947839145252214,"GBLUP"
5,3,"422005",0.127161593686205,0.0623191704150551,0.0507096059807847,"GBLUP"
5,3,"422181",1.75413716138091,0.0247554974171672,0.0131459329828968,"GBLUP"
5,3,"42237",-1.09225974606019,0.305177565544872,0.293568001110602,"GBLUP"
5,3,"423133",-0.80039218373955,0.264198585919244,0.252589021484974,"GBLUP"
5,3,"430174",0.174861474050957,0.381234777456791,0.36962521302252,"GBLUP"
5,3,"430433",0.211509836974191,-0.20735811562294,-0.21896768005721,"GBLUP"
5,3,"438163",0.788835570144222,-0.0911952736935735,-0.102804838127844,"GBLUP"
5,3,"438323",-0.30088314117652,0.308768968354318,0.297159403920048,"GBLUP"
5,3,"438760",-0.670640690830003,-0.257381639763464,-0.268991204197734,"GBLUP"
5,3,"438770",0.342629535432872,0.0711481313624842,0.0595385669282138,"GBLUP"
5,3,"447647",0.81275473501212,0.0854314813900827,0.0738219169558123,"GBLUP"
5,3,"458835",0.881148724307524,0.996380222145195,0.984770657710924,"GBLUP"
5,3,"460142",1.63380836978296,0.557873799447802,0.546264235013531,"GBLUP"
5,3,"460693",-0.0645744970475065,0.551698400288277,0.540088835854007,"GBLUP"
5,3,"460960",-0.381265217188148,-0.991405501637931,-1.0030150660722,"GBLUP"
5,3,"464211",0.902209316867409,0.410871420043246,0.399261855608976,"GBLUP"
5,3,"471420",-0.766496520075884,0.447806786234693,0.436197221800423,"GBLUP"
5,3,"512731",-0.111875317460428,0.380764035741943,0.369154471307672,"GBLUP"
5,3,"62150",1.12297091103632,0.276304428665735,0.264694864231464,"GBLUP"
5,3,"62221",1.08326037378884,0.307798730039352,0.296189165605082,"GBLUP"
5,3,"625454",0.42732797418879,0.0604153951858614,0.0488058307515911,"GBLUP"
5,3,"67055",-0.934574056522484,0.0817873957501067,0.0701778313158363,"GBLUP"
5,3,"770505",-0.471574927511644,0.632259403420981,0.620649838986711,"GBLUP"
5,3,"77230",-0.321023452622998,-0.327763238550965,-0.339372802985236,"GBLUP"
5,3,"80662",0.145094859276641,0.917521045828748,0.905911481394477,"GBLUP"
5,3,"835884",0.0390507851381006,-0.139779934300605,-0.151389498734876,"GBLUP"
5,3,"85637",0.149215764085342,0.888152029207866,0.876542464773595,"GBLUP"
5,3,"85685",1.71138073797047,0.336081685396108,0.324472120961837,"GBLUP"
5,3,"86783",-1.08113493189282,-1.11479986853224,-1.12640943296651,"GBLUP"
5,3,"876108",0.549358878642511,0.497495806069035,0.485886241634765,"GBLUP"
5,3,"88809",-0.115605306397947,0.145957286749425,0.134347722315155,"GBLUP"
5,3,"89762",1.31910480532082,-0.356159999388319,-0.367769563822589,"GBLUP"
5,3,"909641",0.615659839210966,0.325857651486419,0.314248087052149,"GBLUP"
5,3,"934019",0.0447272093508763,-0.265955148033268,-0.277564712467538,"GBLUP"
5,3,"96501",1.01414970539627,0.636881858852884,0.625272294418614,"GBLUP"
5,4,"1064007",1.13284153678365,0.164241053672264,0.594576552735945,"PBLUP"
5,4,"106844",0.600617722251142,-0.0233513283546455,0.406984170709035,"PBLUP"
5,4,"107017",1.73852495877561,0.464455605866115,0.894791104929796,"PBLUP"
5,4,"107103",0.29973466265139,-0.0465164636109105,0.38381903545277,"PBLUP"
5,4,"1081265",1.56569127922964,-0.820686665509946,-0.390351166446265,"PBLUP"
5,4,"1127595",0.712093898182969,0.402735551096098,0.833071050159778,"PBLUP"
5,4,"12867",1.68576760432745,0.167530738503039,0.59786623756672,"PBLUP"
5,4,"1290408",-0.336269171599065,-0.128725845052983,0.301609654010698,"PBLUP"
5,4,"1301796",-0.598541144839027,-0.328086061464615,0.102249437599065,"PBLUP"
5,4,"1301802",-0.857237866673811,-0.328086061464615,0.102249437599065,"PBLUP"
5,4,"1302311",-0.892656473418955,-0.0898475474004268,0.340487951663254,"PBLUP"
5,4,"13396",0.797614889084498,-0.40409577954391,0.026239719519771,"PBLUP"
5,4,"13469",2.33971284824899,0.160747244300679,0.591082743364359,"PBLUP"
5,4,"13954",0.665868096415797,-0.196504186249502,0.233831312814179,"PBLUP"
5,4,"1402346",-0.162702524794628,-0.462758621855857,-0.0324231227921761,"PBLUP"
5,4,"143067",0.584313272790627,0.41520245334313,0.845537952406811,"PBLUP"
5,4,"1439621",-0.00867352746859992,-0.116161076677971,0.31417442238571,"PBLUP"
5,4,"1541043",0.354414020132854,-0.157256151228785,0.273079347834896,"PBLUP"
5,4,"1642433",-0.124954710983697,-0.397941415259245,0.032394083804436,"PBLUP"
5,4,"1649008",-1.20229441971703,0.182973382192776,0.613308881256456,"PBLUP"
5,4,"1671946",-0.148678417916003,0.162228076631348,0.592563575695029,"PBLUP"
5,4,"168060",-0.434926564588412,0.26510941600948,0.695444915073161,"PBLUP"
5,4,"168524",0.867116473348251,0.394961672272646,0.825297171336327,"PBLUP"
5,4,"168912",-0.450848242258393,-0.174821324567204,0.255514174496477,"PBLUP"
5,4,"168924",0.175985357180603,0.0744533885230375,0.504788887586718,"PBLUP"
5,4,"168939",0.325942314181827,0.0672174885039938,0.497552987567674,"PBLUP"
5,4,"170744",-2.22424623595239,-1.3722848723647,-0.941949373301018,"PBLUP"
5,4,"1766345",-0.623869235659307,-0.498876454839828,-0.068540955776147,"PBLUP"
5,4,"1790751",0.0698516981549165,0.308504345887032,0.738839844950713,"PBLUP"
5,4,"1815932",-0.263876438704702,0.0770381879534529,0.507373687017133,"PBLUP"
5,4,"217726",-0.630873145017969,0.0196564009239201,0.449991899987601,"PBLUP"
5,4,"217777",0.0452402864318024,-0.0123367222525395,0.417998776811141,"PBLUP"
5,4,"218554",1.05305397865944,0.178620447678704,0.608955946742385,"PBLUP"
5,4,"218794",0.156537292589339,0.0802061047465428,0.510541603810223,"PBLUP"
5,4,"2430154",0.559522691293221,0.184850314279082,0.615185813342762,"PBLUP"
5,4,"2464628",-0.356083719819559,-0.327962699697304,0.102372799366377,"PBLUP"
5,4,"2485043",-1.35715411326932,-0.629029728704487,-0.198694229640807,"PBLUP"
5,4,"2588634",0.216599887380195,-0.116426320529846,0.313909178533834,"PBLUP"
5,4,"292703",0.642038516435046,0.673288940084878,1.10362443914856,"PBLUP"
5,4,"294834",-0.157009812420551,0.22276961248062,0.653105111544301,"PBLUP"
5,4,"294897",0.50474560484396,0.287347086408235,0.717682585471916,"PBLUP"
5,4,"295026",1.44896217127881,0.597596926807249,1.02793242587093,"PBLUP"
5,4,"295091",0.609291168142973,0.161773808509067,0.592109307572747,"PBLUP"
5,4,"295191",0.107982283756379,0.152642432677991,0.582977931741672,"PBLUP"
5,4,"305029",1.2708185511493,0.899114149547367,1.32944964861105,"PBLUP"
5,4,"30709",0.345105335950353,-0.0390103903538229,0.391325108709858,"PBLUP"
5,4,"321822",0.861635507071064,-0.833265238093704,-0.402929739030023,"PBLUP"
5,4,"323172",1.15157292227774,0.160986137646332,0.591321636710012,"PBLUP"
5,4,"342202",0.333019520266336,-0.261177006918739,0.169158492144942,"PBLUP"
5,4,"342336",0.561314389036135,0.0421494875405989,0.47248498660428,"PBLUP"
5,4,"343376",-1.43664034040949,-0.430335499063681,0,"PBLUP"
5,4,"353782",-0.467209700283455,0.065384101046308,0.495719600109989,"PBLUP"
5,4,"358886",1.11577968782272,0.343698747043345,0.774034246107026,"PBLUP"
5,4,"367789",1.33162225727927,0.392318622284502,0.822654121348183,"PBLUP"
5,4,"368747",1.46796231143435,0.15448787587126,0.584823374934941,"PBLUP"
5,4,"376770",0.552209306869873,0.345362989321582,0.775698488385263,"PBLUP"
5,4,"376790",-1.0649282114001,0.0207778396446328,0.451113338708313,"PBLUP"
5,4,"3827757",-1.21925853971017,0.263865347262151,0.694200846325832,"PBLUP"
5,4,"3827768",-2.28909755016522,-0.908399594334958,-0.478064095271277,"PBLUP"
5,4,"3827771",-1.56944586356264,0.263865347262151,0.694200846325832,"PBLUP"
5,4,"3830032",-1.50356025110732,0.0272584992923997,0.45759399835608,"PBLUP"
5,4,"3830162",-1.80525771877203,-0.575060306771615,-0.144724807707935,"PBLUP"
5,4,"3831054",-0.0613168647876624,-0.221351490332331,0.20898400873135,"PBLUP"
5,4,"3854950",-2.32277332365134,-0.893489583672877,-0.463154084609197,"PBLUP"
5,4,"3864287",-2.26872920446055,-0.0970891528930057,0.333246346170675,"PBLUP"
5,4,"3889",2.33609687644057,0.215176106115296,0.645511605178977,"PBLUP"
5,4,"390604",0.852253526162716,0.342366235294881,0.772701734358562,"PBLUP"
5,4,"390845",0.463976337112026,-0.430335499063681,0,"PBLUP"
5,4,"391721",-1.09107885436599,-0.430335499063681,0,"PBLUP"
5,4,"393281",1.14763118724333,0.0104832628811306,0.440818761944811,"PBLUP"
5,4,"39359",1.49504952367494,0.899114149547367,1.32944964861105,"PBLUP"
5,4,"4057155",-1.02510365702352,-0.249546082490188,0.180789416573493,"PBLUP"
5,4,"4059227",-0.490371465650939,-0.214241032610024,0.216094466453657,"PBLUP"
5,4,"4069736",-1.20997428776961,-0.429578747212699,0.000756751850981906,"PBLUP"
5,4,"412450",-0.371948388924996,0.187350445557389,0.61768594462107,"PBLUP"
5,4,"41263",0.565606319538478,-0.157735444304684,0.272600054758996,"PBLUP"
5,4,"41484",0.282216745174085,-0.0144201399593518,0.415915359104329,"PBLUP"
5,4,"415173",-0.00198723725527206,0.0535618596639463,0.483897358727627,"PBLUP"
5,4,"41669",-0.280189032245867,-0.0533302489501015,0.377005250113579,"PBLUP"
5,4,"41800",0.686040984184875,0.299865435083321,0.730200934147002,"PBLUP"
5,4,"419525",0.918261299827786,0.252232902572781,0.682568401636462,"PBLUP"
5,4,"420213",-0.75600694419919,0.109502932365781,0.539838431429462,"PBLUP"
5,4,"421018",0.561705304907316,0.345362989321582,0.775698488385263,"PBLUP"
5,4,"422983",0.411675051180245,0.106049800352628,0.536385299416308,"PBLUP"
5,4,"423143",-1.25577659734301,-0.237085367117578,0.193250131946103,"PBLUP"
5,4,"423200",1.34527988052866,0.0428416658025998,0.47317716486628,"PBLUP"
5,4,"423348",-1.47401352651054,0.0119452591780356,0.442280758241716,"PBLUP"
5,4,"423409",0.221396750882815,0.0960107233481449,0.526346222411825,"PBLUP"
5,4,"423673",0.256986383321601,0.207933509771691,0.638269008835372,"PBLUP"
5,4,"424689",1.4606977914949,0.489512407147271,0.919847906210951,"PBLUP"
5,4,"424700",1.6245078296811,0.460713251248769,0.891048750312449,"PBLUP"
5,4,"427918",-0.258297743459721,-0.204399721718355,0.225935777345326,"PBLUP"
5,4,"428988",0.0947807290233647,0.322264716254095,0.752600215317776,"PBLUP"
5,4,"429101",-1.68124780272046,-0.0942070120527883,0.336128487010892,"PBLUP"
5,4,"431424",0.771415381634711,0.4188555209641,0.84919102002778,"PBLUP"
5,4,"433924",-0.430691642650614,-0.116858822867315,0.313476676196366,"PBLUP"
5,4,"438273",-1.23332336699204,0.591648974771103,1.02198447383478,"PBLUP"
5,4,"443483",0.658522135669852,0.0429386705303101,0.473274169593991,"PBLUP"
5,4,"450448",1.42136188195729,0.300673389591334,0.731008888655014,"PBLUP"
5,4,"609448",1.15351121347235,0.395400146314647,0.825735645378327,"PBLUP"
5,4,"623960",0.796075657841723,0.0722279502637011,0.502563449327382,"PBLUP"
5,4,"62633",0.381183613228116,0.151359174143043,0.581694673206724,"PBLUP"
5,4,"664062",2.23440988544957,-0.11189871163711,0.31843678742657,"PBLUP"
5,4,"67929",1.70620110267732,0.058083501564085,0.488419000627766,"PBLUP"
5,4,"743034",0.0299619911331384,0.0922649674409646,0.522600466504645,"PBLUP"
5,4,"770285",-0.722681366180996,0.476902778807498,0.907238277871179,"PBLUP"
5,4,"775",1.67162948031973,0.0830435431509725,0.513379042214653,"PBLUP"
5,4,"77534",0.859933394215296,-1.20236286308041,-0.772027364016733,"PBLUP"
5,4,"83123",1.29932283342292,0.272837153128014,0.703172652191695,"PBLUP"
5,4,"85587",0.475850406699153,-0.404159716708924,0.0261757823547568,"PBLUP"
5,4,"85599",0.529967822615795,-0.390412160294906,0.0399233387687742,"PBLUP"
5,4,"85676",1.25576829010882,0.107535019085946,0.537870518149627,"PBLUP"
5,4,"85711",0.512392896573941,0.0083716705741993,0.43870716963788,"PBLUP"
5,4,"85888",0.103739217737934,0.107535019085946,0.537870518149627,"PBLUP"
5,4,"86230",0.268111197488963,0.0726918147244842,0.503027313788165,"PBLUP"
5,4,"86394",0.108348767385612,-0.115293788890126,0.315041710173555,"PBLUP"
5,4,"86490",0.790757573177529,0.368634311223243,0.798969810286924,"PBLUP"
5,4,"87507",-0.0755690059244772,0.0412125223134594,0.47154802137714,"PBLUP"
5,4,"878573",0.0873126070676752,0.0802061047465428,0.510541603810223,"PBLUP"
5,4,"97120",-0.430341447182682,0.368634311223243,0.798969810286924,"PBLUP"
5,4,"1064007",1.13284153678365,0.285179228740782,0.305937933260623,"GBLUP"
5,4,"106844",0.600617722251142,-0.504495732769992,-0.483737028250152,"GBLUP"
5,4,"107017",1.73852495877561,0.0762622121457836,0.0970209166656242,"GBLUP"
5,4,"107103",0.29973466265139,0.0918796683303594,0.1126383728502,"GBLUP"
5,4,"1081265",1.56569127922964,-0.44791156120557,-0.427152856685729,"GBLUP"
5,4,"1127595",0.712093898182969,0.0806878621478669,0.101446566667708,"GBLUP"
5,4,"12867",1.68576760432745,0.753324186944761,0.774082891464602,"GBLUP"
5,4,"1290408",-0.336269171599065,-0.305615764183929,-0.284857059664089,"GBLUP"
5,4,"1301796",-0.598541144839027,-0.0705815532471426,-0.0498228487273019,"GBLUP"
5,4,"1301802",-0.857237866673811,-0.117180011586478,-0.0964213070666377,"GBLUP"
5,4,"1302311",-0.892656473418955,0.154269922090167,0.175028626610007,"GBLUP"
5,4,"13396",0.797614889084498,0.184981796404405,0.205740500924245,"GBLUP"
5,4,"13469",2.33971284824899,0.284618411464299,0.30537711598414,"GBLUP"
5,4,"13954",0.665868096415797,0.471841748010688,0.492600452530528,"GBLUP"
5,4,"1402346",-0.162702524794628,-0.597188129794952,-0.576429425275111,"GBLUP"
5,4,"143067",0.584313272790627,0.451810262554782,0.472568967074623,"GBLUP"
5,4,"1439621",-0.00867352746859992,-0.263179548425569,-0.242420843905729,"GBLUP"
5,4,"1541043",0.354414020132854,0.0672918801825048,0.0880505847023454,"GBLUP"
5,4,"1642433",-0.124954710983697,-0.534343876214654,-0.513585171694813,"GBLUP"
5,4,"1649008",-1.20229441971703,0.25747463362947,0.278233338149311,"GBLUP"
5,4,"1671946",-0.148678417916003,0.23848830426111,0.25924700878095,"GBLUP"
5,4,"168060",-0.434926564588412,0.611895016425549,0.63265372094539,"GBLUP"
5,4,"168524",0.867116473348251,0.632337583501019,0.653096288020859,"GBLUP"
5,4,"168912",-0.450848242258393,0.00409684674256574,0.0248555512624064,"GBLUP"
5,4,"168924",0.175985357180603,0.547015564794801,0.567774269314641,"GBLUP"
5,4,"168939",0.325942314181827,0.431940823035334,0.452699527555175,"GBLUP"
5,4,"170744",-2.22424623595239,-1.60816683367274,-1.5874081291529,"GBLUP"
5,4,"1766345",-0.623869235659307,-0.9726515330369,-0.95189282851706,"GBLUP"
5,4,"1790751",0.0698516981549165,0.49291292969482,0.51367163421466,"GBLUP"
5,4,"1815932",-0.263876438704702,0.216912973978964,0.237671678498805,"GBLUP"
5,4,"217726",-0.630873145017969,0.33329525112368,0.354053955643521,"GBLUP"
5,4,"217777",0.0452402864318024,0.785393509950308,0.806152214470148,"GBLUP"
5,4,"218554",1.05305397865944,-0.203809627731746,-0.183050923211905,"GBLUP"
5,4,"218794",0.156537292589339,0.409624479331256,0.430383183851096,"GBLUP"
5,4,"2430154",0.559522691293221,0.626702950292632,0.647461654812473,"GBLUP"
5,4,"2464628",-0.356083719819559,-0.655570499927288,-0.634811795407447,"GBLUP"
5,4,"2485043",-1.35715411326932,-0.442959381746952,-0.422200677227112,"GBLUP"
5,4,"2588634",0.216599887380195,-0.478005655372831,-0.457246950852991,"GBLUP"
5,4,"292703",0.642038516435046,0.639716929019868,0.660475633539708,"GBLUP"
5,4,"294834",-0.157009812420551,0.493738206752747,0.514496911272587,"GBLUP"
5,4,"294897",0.50474560484396,0.474948468031807,0.495707172551648,"GBLUP"
5,4,"295026",1.44896217127881,0.564538829810526,0.585297534330366,"GBLUP"
5,4,"295091",0.609291168142973,-0.58156787213664,-0.5608091676168,"GBLUP"
5,4,"295191",0.107982283756379,0.485153891350108,0.505912595869949,"GBLUP"
5,4,"305029",1.2708185511493,0.706290138656215,0.727048843176055,"GBLUP"
5,4,"30709",0.345105335950353,-0.390355959390897,-0.369597254871057,"GBLUP"
5,4,"321822",0.861635507071064,0.635381719274943,0.656140423794783,"GBLUP"
5,4,"323172",1.15157292227774,0.0195472496566304,0.040305954176471,"GBLUP"
5,4,"342202",0.333019520266336,-0.830802014601136,-0.810043310081295,"GBLUP"
5,4,"342336",0.561314389036135,-0.192220806726866,-0.171462102207026,"GBLUP"
5,4,"343376",-1.43664034040949,0.629664486909983,0.650423191429824,"GBLUP"
5,4,"353782",-0.467209700283455,-0.125293384581977,-0.104534680062136,"GBLUP"
5,4,"358886",1.11577968782272,0.21547406383179,0.236232768351631,"GBLUP"
5,4,"367789",1.33162225727927,0.735658095490843,0.756416800010684,"GBLUP"
5,4,"368747",1.46796231143435,0.318436491282996,0.339195195802837,"GBLUP"
5,4,"376770",0.552209306869873,0.530114483229258,0.550873187749099,"GBLUP"
5,4,"376790",-1.0649282114001,-0.0404875147050218,-0.0197288101851812,"GBLUP"
5,4,"3827757",-1.21925853971017,-0.588555930481956,-0.567797225962116,"GBLUP"
5,4,"3827768",-2.28909755016522,-0.632762453238453,-0.612003748718612,"GBLUP"
5,4,"3827771",-1.56944586356264,-0.776645207396856,-0.755886502877015,"GBLUP"
5,4,"3830032",-1.50356025110732,-0.610828879826328,-0.590070175306487,"GBLUP"
5,4,"3830162",-1.80525771877203,-1.29661241132759,-1.27585370680775,"GBLUP"
5,4,"3831054",-0.0613168647876624,-0.221545696105813,-0.200786991585972,"GBLUP"
5,4,"3854950",-2.32277332365134,-2.21254306837306,-2.19178436385322,"GBLUP"
5,4,"3864287",-2.26872920446055,-1.27155737196017,-1.25079866744033,"GBLUP"
5,4,"3889",2.33609687644057,0.660556889926178,0.681315594446018,"GBLUP"
5,4,"390604",0.852253526162716,0.471049224783876,0.491807929303717,"GBLUP"
5,4,"390845",0.463976337112026,0.125176518520467,0.145935223040308,"GBLUP"
5,4,"391721",-1.09107885436599,-0.250005920022249,-0.229247215502408,"GBLUP"
5,4,"393281",1.14763118724333,0.449197059803857,0.469955764323697,"GBLUP"
5,4,"39359",1.49504952367494,0.779311312496555,0.800070017016396,"GBLUP"
5,4,"4057155",-1.02510365702352,-0.258703340702144,-0.237944636182303,"GBLUP"
5,4,"4059227",-0.490371465650939,-0.262071983087493,-0.241313278567652,"GBLUP"
5,4,"4069736",-1.20997428776961,0.244289539426081,0.265048243945921,"GBLUP"
5,4,"412450",-0.371948388924996,-0.313427216276488,-0.292668511756647,"GBLUP"
5,4,"41263",0.565606319538478,0.237575894217027,0.258334598736867,"GBLUP"
5,4,"41484",0.282216745174085,-0.763537262128103,-0.742778557608263,"GBLUP"
5,4,"415173",-0.00198723725527206,-0.796177147859561,-0.77541844333972,"GBLUP"
5,4,"41669",-0.280189032245867,-0.241245852545424,-0.220487148025584,"GBLUP"
5,4,"41800",0.686040984184875,0.282027420847797,0.302786125367638,"GBLUP"
5,4,"419525",0.918261299827786,0.108400906862731,0.129159611382571,"GBLUP"
5,4,"420213",-0.75600694419919,-0.0886888131572903,-0.0679301086374496,"GBLUP"
5,4,"421018",0.561705304907316,0.436174505054358,0.456933209574199,"GBLUP"
5,4,"422983",0.411675051180245,0.202447329589606,0.223206034109447,"GBLUP"
5,4,"423143",-1.25577659734301,-0.342263352038406,-0.321504647518565,"GBLUP"
5,4,"423200",1.34527988052866,-0.036260171598662,-0.0155014670788214,"GBLUP"
5,4,"423348",-1.47401352651054,-0.104663903741181,-0.0839051992213405,"GBLUP"
5,4,"423409",0.221396750882815,0.518345970147513,0.539104674667354,"GBLUP"
5,4,"423673",0.256986383321601,0.497005124314708,0.517763828834549,"GBLUP"
5,4,"424689",1.4606977914949,0.607213919767854,0.627972624287694,"GBLUP"
5,4,"424700",1.6245078296811,0.607216320693456,0.627975025213297,"GBLUP"
5,4,"427918",-0.258297743459721,0.0197548247225644,0.0405135292424051,"GBLUP"
5,4,"428988",0.0947807290233647,0.36830132949092,0.389060034010761,"GBLUP"
5,4,"429101",-1.68124780272046,0.50795378330788,0.528712487827721,"GBLUP"
5,4,"431424",0.771415381634711,0.404148298215596,0.424907002735436,"GBLUP"
5,4,"433924",-0.430691642650614,0.322908187954453,0.343666892474293,"GBLUP"
5,4,"438273",-1.23332336699204,0.963195548247483,0.983954252767324,"GBLUP"
5,4,"443483",0.658522135669852,0.964252979617282,0.985011684137122,"GBLUP"
5,4,"450448",1.42136188195729,0.417841973799327,0.438600678319168,"GBLUP"
5,4,"609448",1.15351121347235,0.376043558583957,0.396802263103798,"GBLUP"
5,4,"623960",0.796075657841723,1.15236559765831,1.17312430217815,"GBLUP"
5,4,"62633",0.381183613228116,0.0412022224391834,0.061960926959024,"GBLUP"
5,4,"664062",2.23440988544957,1.00370165950906,1.0244603640289,"GBLUP"
5,4,"67929",1.70620110267732,-0.524176009280853,-0.503417304761013,"GBLUP"
5,4,"743034",0.0299619911331384,0.191533844029128,0.212292548548969,"GBLUP"
5,4,"770285",-0.722681366180996,0.75948307364426,0.7802417781641,"GBLUP"
5,4,"775",1.67162948031973,-0.0965614902343606,-0.0758027857145199,"GBLUP"
5,4,"77534",0.859933394215296,-1.11595934754806,-1.09520064302822,"GBLUP"
5,4,"83123",1.29932283342292,0.319401207423939,0.34015991194378,"GBLUP"
5,4,"85587",0.475850406699153,-0.263955063055157,-0.243196358535316,"GBLUP"
5,4,"85599",0.529967822615795,-0.335885134451598,-0.315126429931758,"GBLUP"
5,4,"85676",1.25576829010882,-0.248254241210819,-0.227495536690978,"GBLUP"
5,4,"85711",0.512392896573941,0.334163495731754,0.354922200251595,"GBLUP"
5,4,"85888",0.103739217737934,0.443686063610054,0.464444768129895,"GBLUP"
5,4,"86230",0.268111197488963,0.529060229230509,0.54981893375035,"GBLUP"
5,4,"86394",0.108348767385612,0.334216395447259,0.3549750999671,"GBLUP"
5,4,"86490",0.790757573177529,-0.174614943822016,-0.153856239302176,"GBLUP"
5,4,"87507",-0.0755690059244772,0.470848234756255,0.491606939276096,"GBLUP"
5,4,"878573",0.0873126070676752,0.222884995987415,0.243643700507255,"GBLUP"
5,4,"97120",-0.430341447182682,-0.0930826016360868,-0.0723238971162461,"GBLUP"
5,5,"1047493",0.654661841441938,0.19143659544251,0.712655786223146,"PBLUP"
5,5,"1058137",-1.22708500121444,0.146843610856451,0.668062801637087,"PBLUP"
5,5,"1066569",0.0567723046316471,0.391264389018313,0.912483579798948,"PBLUP"
5,5,"107059",1.25938426191725,0.185284851120707,0.706504041901342,"PBLUP"
5,5,"107131",0.186100305347415,-0.521219190780635,0,"PBLUP"
5,5,"1101307",0.849134343273915,0.364510758363771,0.885729949144406,"PBLUP"
5,5,"1195398",-0.610822418458635,0.488596315713569,1.0098155064942,"PBLUP"
5,5,"1295300",-0.854232700914106,0.23180856769992,0.753027758480555,"PBLUP"
5,5,"1298199",-1.01373452043667,-0.0922423417549585,0.428976849025677,"PBLUP"
5,5,"1300939",-0.969707620444892,0.294184269866345,0.815403460646981,"PBLUP"
5,5,"1301936",-1.04376988987242,-0.224027896670582,0.297191294110053,"PBLUP"
5,5,"13098",0.891019350054848,0.536753708445909,1.05797289922654,"PBLUP"
5,5,"1311265",-0.879609656218283,0.180653541386618,0.701872732167254,"PBLUP"
5,5,"13302",1.17418089016105,-0.853006851799851,-0.331787661019216,"PBLUP"
5,5,"13350",0.316022823950605,0.568512195822381,1.08973138660302,"PBLUP"
5,5,"13767",1.84236198705811,-0.0534152516124979,0.467803939168138,"PBLUP"
5,5,"1393230",-0.140526193185747,-0.0216378249446871,0.499581365835948,"PBLUP"
5,5,"143808",0.0375359861372731,0.323243188162177,0.844462378942812,"PBLUP"
5,5,"1500224",-0.189520982373785,-0.228692021483533,0.292527169297103,"PBLUP"
5,5,"1504972",0.381517520534749,-0.0146003749253044,0.506618815855331,"PBLUP"
5,5,"1563726",1.47973050797303,0.42931808285639,0.950537273637026,"PBLUP"
5,5,"16262",2.59396290204909,-0.0260966811445884,0.495122509636047,"PBLUP"
5,5,"1635496",-0.848865751766015,0.110402964105139,0.631622154885774,"PBLUP"
5,5,"1651705",-0.265073618560194,0.163953161948375,0.68517235272901,"PBLUP"
5,5,"1673085",-1.12012879004314,-0.813036307560754,-0.291817116780119,"PBLUP"
5,5,"168979",0.200645633387613,0.416746792563289,0.937965983343925,"PBLUP"
5,5,"1796426",-0.449993113790185,-0.429408661160224,0.0918105296204115,"PBLUP"
5,5,"1815954",0.394873812800106,-0.0851090314149611,0.436110159365674,"PBLUP"
5,5,"1816016",-0.218693079260679,-0.0922599897601715,0.428959201020464,"PBLUP"
5,5,"1817540",0.0796490271763938,0.154383153349304,0.67560234412994,"PBLUP"
5,5,"19630",-0.519046773618208,-0.105234022285423,0.415985168495212,"PBLUP"
5,5,"20010",0.985775728413032,-0.136748924711429,0.384470266069206,"PBLUP"
5,5,"20585",-1.30511343791833,0.0829186850219761,0.604137875802611,"PBLUP"
5,5,"2167",0.341815127367912,-0.060809282885874,0.460409907894761,"PBLUP"
5,5,"217748",0.578498399206806,0.259693247691062,0.780912438471697,"PBLUP"
5,5,"2200733",0.204334901921886,0.388337839230463,0.909557030011098,"PBLUP"
5,5,"2201664",-1.46839411086231,0.397104343185303,0.918323533965938,"PBLUP"
5,5,"222693",-0.973934398302038,-0.521219190780635,0,"PBLUP"
5,5,"2448313",0.167621386353455,0.354510855895826,0.875730046676461,"PBLUP"
5,5,"2450184",-1.89225278827114,-0.0348695344859481,0.486349656294687,"PBLUP"
5,5,"2460025",-0.086099302204419,0.0700291916689657,0.591248382449601,"PBLUP"
5,5,"2464631",-0.140656498476139,-0.335844834592548,0.185374356188087,"PBLUP"
5,5,"2484301",-2.02592158397315,-0.0832402338352076,0.437978956945428,"PBLUP"
5,5,"2485890",-2.06419061894565,-0.637627649520989,-0.116408458740354,"PBLUP"
5,5,"2485913",-2.15730189301262,-1.46911536675348,-0.94789617597284,"PBLUP"
5,5,"2586622",-0.103641651923674,0.0479747338536948,0.56919392463433,"PBLUP"
5,5,"2588632",-0.466631470557333,-0.0266943326599818,0.494524858120654,"PBLUP"
5,5,"294745",0.374236712434001,-0.797495096725106,-0.276275905944471,"PBLUP"
5,5,"294881",0.732445955726339,0.306987509269939,0.828206700050574,"PBLUP"
5,5,"294910",-0.347442850250326,0.190802795782701,0.712021986563336,"PBLUP"
5,5,"295190",0.249534549527208,0.233194812779382,0.754414003560017,"PBLUP"
5,5,"295296",0.80610916520204,-0.521219190780635,0,"PBLUP"
5,5,"295788",-1.68811326270808,-0.521219190780635,0,"PBLUP"
5,5,"321487",0.590209587180944,0.0909571443399915,0.612176335120627,"PBLUP"
5,5,"321833",1.02641469085457,0.526559671867464,1.0477788626481,"PBLUP"
5,5,"321840",1.09444219652075,0.427945620340341,0.949164811120977,"PBLUP"
5,5,"342218",0.0830206765653325,0.0594040113531423,0.580623202133778,"PBLUP"
5,5,"342284",0.958330176623854,0.631018388028389,1.15223757880902,"PBLUP"
5,5,"342294",0.689583659267455,0.631018388028389,1.15223757880902,"PBLUP"
5,5,"342325",0.252409409996521,0.235662652581095,0.756881843361731,"PBLUP"
5,5,"342374",1.075702666946,0.327410692452236,0.848629883232871,"PBLUP"
5,5,"343215",0.475402482263425,0.241195719945807,0.762414910726443,"PBLUP"
5,5,"3578390",-1.48235306509574,0.114861799742379,0.636080990523015,"PBLUP"
5,5,"3578468",-1.70247942097398,-0.240921157316469,0.280298033464167,"PBLUP"
5,5,"369682",1.30000693619749,0.633937453981881,1.15515664476252,"PBLUP"
5,5,"371007",-1.1563536607726,0.286011807951297,0.807230998731933,"PBLUP"
5,5,"373045",-0.665941556295178,0.0463968315597877,0.567616022340423,"PBLUP"
5,5,"373101",-0.44842130622481,-0.164432856025011,0.356786334755624,"PBLUP"
5,5,"377276",0.137292830014317,-0.104936128109504,0.416283062671131,"PBLUP"
5,5,"3825284",-1.51471764159728,0.216625037097808,0.737844227878443,"PBLUP"
5,5,"3826178",-1.22189722184064,-0.323879242603352,0.197339948177283,"PBLUP"
5,5,"3826179",-1.44924737725509,-0.639371749871013,-0.118152559090378,"PBLUP"
5,5,"3827748",-1.44840039286753,0.426821953569021,0.948041144349656,"PBLUP"
5,5,"3827759",-2.1265824208023,0.307478335442909,0.828697526223544,"PBLUP"
5,5,"3830128",-2.00145676570173,-0.304901819561043,0.216317371219593,"PBLUP"
5,5,"3849968",-1.45247243319233,0.139374738570131,0.660593929350766,"PBLUP"
5,5,"390866",0.477267476732186,0.431551098576825,0.95277028935746,"PBLUP"
5,5,"4059217",-1.14887739473626,0.110402964105139,0.631622154885774,"PBLUP"
5,5,"4069854",-0.902396793875885,0.116416144952857,0.637635335733493,"PBLUP"
5,5,"415066",0.240014119247817,0.311550406633607,0.832769597414242,"PBLUP"
5,5,"41709",0.00451173910311468,0.189853163851078,0.711072354631713,"PBLUP"
5,5,"419150",-0.1259401447423,-0.0445683650787539,0.476650825701881,"PBLUP"
5,5,"420158",1.51528756408922,0.279862546798982,0.801081737579617,"PBLUP"
5,5,"422381",-0.397260191583976,0.133393128638469,0.654612319419105,"PBLUP"
5,5,"424673",1.15622319232867,0.773786588375539,1.29500577915617,"PBLUP"
5,5,"424702",0.939248595661824,0.664717341645977,1.18593653242661,"PBLUP"
5,5,"427520",-0.0624000275140612,0.26101826095246,0.782237451733096,"PBLUP"
5,5,"428238",-0.293797791011361,0.0463179042055509,0.567537094986186,"PBLUP"
5,5,"430048",-0.567732087741562,0.227229841877752,0.748449032658387,"PBLUP"
5,5,"430390",-0.390231849983365,0.280471028471762,0.801690219252397,"PBLUP"
5,5,"43789",-0.670200910474924,-0.00760412902567797,0.513615061754957,"PBLUP"
5,5,"450770",0.934068960368675,0.497464477453198,1.01868366823383,"PBLUP"
5,5,"455538",0.893796481556365,0.365659431274391,0.886878622055026,"PBLUP"
5,5,"460689",0.966873317225293,0.244601382159056,0.765820572939692,"PBLUP"
5,5,"471785",-0.572480086760283,0.3456962254093,0.866915416189936,"PBLUP"
5,5,"480914",0.360823411604095,0.29859605742561,0.819815248206246,"PBLUP"
5,5,"520702",-0.151577710627263,0.0760524430708545,0.59727163385149,"PBLUP"
5,5,"62114",0.142285151452527,0.198361861346527,0.719581052127163,"PBLUP"
5,5,"624629",0.195669600110703,0.251056829738375,0.772276020519011,"PBLUP"
5,5,"62576",1.23914622150297,0.0514076862594929,0.572626877040128,"PBLUP"
5,5,"62627",0.560687294826115,0.0134285679252287,0.534647758705864,"PBLUP"
5,5,"64869",0.525871350049044,0.421039870292603,0.942259061073239,"PBLUP"
5,5,"64873",0.160755926365836,-0.381418272718023,0.139800918062612,"PBLUP"
5,5,"65315",0.873330406883901,0.215976494213228,0.737195684993863,"PBLUP"
5,5,"665788",1.08817125442055,0.0991439217533241,0.620363112533959,"PBLUP"
5,5,"670602",0.367517845898074,-0.140933429571035,0.3802857612096,"PBLUP"
5,5,"673831",0.29330898301885,-0.292125179512348,0.229094011268287,"PBLUP"
5,5,"692864",-0.987640886035329,-0.797495096725106,-0.276275905944471,"PBLUP"
5,5,"701166",-0.948679604207606,-0.368923713331193,0.152295477449442,"PBLUP"
5,5,"730613",-0.860454778530405,0.175611685372578,0.696830876153213,"PBLUP"
5,5,"76718",-0.40858860776758,0.0311679003489389,0.552387091129574,"PBLUP"
5,5,"85465",0.41013581993747,0.212396916191444,0.733616106972079,"PBLUP"
5,5,"855587",-0.0389206430012417,0.318118397908951,0.839337588689586,"PBLUP"
5,5,"85646",1.96339116959193,0.56587332420648,1.08709251498712,"PBLUP"
5,5,"86162",-0.760966689314801,0.437975498165827,0.959194688946462,"PBLUP"
5,5,"87107",0.0043977219740216,0.239548254174928,0.760767444955563,"PBLUP"
5,5,"89491",-1.06303878468939,0.0435230550948765,0.564742245875512,"PBLUP"
5,5,"96619",0.703550757581531,0.481771477714347,1.00299066849498,"PBLUP"
5,5,"984151",1.24695639484595,0.298285398465481,0.819504589246116,"PBLUP"
5,5,"1047493",0.654661841441938,0.0546136850781177,0.0319584684082749,"GBLUP"
5,5,"1058137",-1.22708500121444,-0.393233112287337,-0.41588832895718,"GBLUP"
5,5,"1066569",0.0567723046316471,0.624001186288678,0.601345969618835,"GBLUP"
5,5,"107059",1.25938426191725,0.385951832649871,0.363296615980029,"GBLUP"
5,5,"107131",0.186100305347415,-0.0986111640644445,-0.121266380734287,"GBLUP"
5,5,"1101307",0.849134343273915,0.23977218569382,0.217116969023977,"GBLUP"
5,5,"1195398",-0.610822418458635,0.421692211148686,0.399036994478843,"GBLUP"
5,5,"1295300",-0.854232700914106,-0.829618499108928,-0.852273715778771,"GBLUP"
5,5,"1298199",-1.01373452043667,-0.0318619300046343,-0.0545171466744771,"GBLUP"
5,5,"1300939",-0.969707620444892,0.324309693722243,0.301654477052401,"GBLUP"
5,5,"1301936",-1.04376988987242,-0.49257695984157,-0.515232176511413,"GBLUP"
5,5,"13098",0.891019350054848,0.310726668644822,0.288071451974979,"GBLUP"
5,5,"1311265",-0.879609656218283,-0.142850389876606,-0.165505606546449,"GBLUP"
5,5,"13302",1.17418089016105,0.549204072882819,0.526548856212976,"GBLUP"
5,5,"13350",0.316022823950605,0.574465250752614,0.551810034082771,"GBLUP"
5,5,"13767",1.84236198705811,0.0305533659667118,0.00789814929686896,"GBLUP"
5,5,"1393230",-0.140526193185747,-0.0635073192508835,-0.0861625359207263,"GBLUP"
5,5,"143808",0.0375359861372731,-0.0918170358912105,-0.114472252561053,"GBLUP"
5,5,"1500224",-0.189520982373785,-0.3786659551451,-0.401321171814943,"GBLUP"
5,5,"1504972",0.381517520534749,-0.266524537010523,-0.289179753680366,"GBLUP"
5,5,"1563726",1.47973050797303,0.236572338077694,0.213917121407851,"GBLUP"
5,5,"16262",2.59396290204909,-0.0123325121030786,-0.0349877287729215,"GBLUP"
5,5,"1635496",-0.848865751766015,0.286299408637296,0.263644191967453,"GBLUP"
5,5,"1651705",-0.265073618560194,-0.363374382269918,-0.386029598939761,"GBLUP"
5,5,"1673085",-1.12012879004314,-1.32738422180595,-1.35003943847579,"GBLUP"
5,5,"168979",0.200645633387613,0.215234975912731,0.192579759242888,"GBLUP"
5,5,"1796426",-0.449993113790185,-0.316629952001624,-0.339285168671467,"GBLUP"
5,5,"1815954",0.394873812800106,-0.0157770861579554,-0.0384323028277983,"GBLUP"
5,5,"1816016",-0.218693079260679,0.160295707321162,0.13764049065132,"GBLUP"
5,5,"1817540",0.0796490271763938,0.163644582351083,0.140989365681241,"GBLUP"
5,5,"19630",-0.519046773618208,-0.131111533525402,-0.153766750195245,"GBLUP"
5,5,"20010",0.985775728413032,-0.150466818859841,-0.173122035529683,"GBLUP"
5,5,"20585",-1.30511343791833,-0.131677110237461,-0.154332326907304,"GBLUP"
5,5,"2167",0.341815127367912,-0.446196771374928,-0.468851988044771,"GBLUP"
5,5,"217748",0.578498399206806,-0.0787886516272832,-0.101443868297126,"GBLUP"
5,5,"2200733",0.204334901921886,0.495961030526408,0.473305813856565,"GBLUP"
5,5,"2201664",-1.46839411086231,-0.293964887005956,-0.316620103675799,"GBLUP"
5,5,"222693",-0.973934398302038,-0.415304579319492,-0.437959795989335,"GBLUP"
5,5,"2448313",0.167621386353455,0.127397764373358,0.104742547703515,"GBLUP"
5,5,"2450184",-1.89225278827114,-0.50675957909649,-0.529414795766333,"GBLUP"
5,5,"2460025",-0.086099302204419,0.0600713137922883,0.0374160971224454,"GBLUP"
5,5,"2464631",-0.140656498476139,-0.673496163209605,-0.696151379879448,"GBLUP"
5,5,"2484301",-2.02592158397315,0.184092792801318,0.161437576131476,"GBLUP"
5,5,"2485890",-2.06419061894565,-0.446651030355915,-0.469306247025758,"GBLUP"
5,5,"2485913",-2.15730189301262,-1.01270263368129,-1.03535785035113,"GBLUP"
5,5,"2586622",-0.103641651923674,-0.111008261001065,-0.133663477670908,"GBLUP"
5,5,"2588632",-0.466631470557333,-0.375754603075986,-0.398409819745829,"GBLUP"
5,5,"294745",0.374236712434001,0.289575928536681,0.266920711866838,"GBLUP"
5,5,"294881",0.732445955726339,0.699443389203021,0.676788172533178,"GBLUP"
5,5,"294910",-0.347442850250326,-0.231244003502195,-0.253899220172037,"GBLUP"
5,5,"295190",0.249534549527208,0.155556749993718,0.132901533323875,"GBLUP"
5,5,"295296",0.80610916520204,0.324566898189472,0.301911681519629,"GBLUP"
5,5,"295788",-1.68811326270808,-0.406052868809038,-0.428708085478881,"GBLUP"
5,5,"321487",0.590209587180944,0.12406648434335,0.101411267673507,"GBLUP"
5,5,"321833",1.02641469085457,0.375987307039025,0.353332090369182,"GBLUP"
5,5,"321840",1.09444219652075,0.262004918655612,0.239349701985769,"GBLUP"
5,5,"342218",0.0830206765653325,-0.311968460305812,-0.334623676975655,"GBLUP"
5,5,"342284",0.958330176623854,0.567647909947935,0.544992693278092,"GBLUP"
5,5,"342294",0.689583659267455,0.321930212404212,0.299274995734369,"GBLUP"
5,5,"342325",0.252409409996521,-0.0232744379143276,-0.0459296545841705,"GBLUP"
5,5,"342374",1.075702666946,0.341050225965515,0.318395009295672,"GBLUP"
5,5,"343215",0.475402482263425,-0.4447294743451,-0.467384691014943,"GBLUP"
5,5,"3578390",-1.48235306509574,0.274598501289839,0.251943284619997,"GBLUP"
5,5,"3578468",-1.70247942097398,-0.266721259458298,-0.28937647612814,"GBLUP"
5,5,"369682",1.30000693619749,0.223935418350495,0.201280201680652,"GBLUP"
5,5,"371007",-1.1563536607726,-0.0909472479893023,-0.113602464659145,"GBLUP"
5,5,"373045",-0.665941556295178,0.0612582296525177,0.0386030129826749,"GBLUP"
5,5,"373101",-0.44842130622481,0.187329526549311,0.164674309879468,"GBLUP"
5,5,"377276",0.137292830014317,0.0115073975430931,-0.0111478191267498,"GBLUP"
5,5,"3825284",-1.51471764159728,0.325744622318303,0.30308940564846,"GBLUP"
5,5,"3826178",-1.22189722184064,-0.296586686093726,-0.319241902763569,"GBLUP"
5,5,"3826179",-1.44924737725509,-0.855034827609275,-0.877690044279118,"GBLUP"
5,5,"3827748",-1.44840039286753,-0.613772211053995,-0.636427427723838,"GBLUP"
5,5,"3827759",-2.1265824208023,-0.670901168420584,-0.693556385090427,"GBLUP"
5,5,"3830128",-2.00145676570173,-1.38221607164376,-1.4048712883136,"GBLUP"
5,5,"3849968",-1.45247243319233,0.317612321547515,0.294957104877672,"GBLUP"
5,5,"390866",0.477267476732186,0.420091918837192,0.397436702167349,"GBLUP"
5,5,"4059217",-1.14887739473626,0.149785843225715,0.127130626555872,"GBLUP"
5,5,"4069854",-0.902396793875885,-0.55532118384786,-0.577976400517702,"GBLUP"
5,5,"415066",0.240014119247817,0.289934668954578,0.267279452284735,"GBLUP"
5,5,"41709",0.00451173910311468,0.165768845237507,0.143113628567664,"GBLUP"
5,5,"419150",-0.1259401447423,0.0575788967735971,0.0349236801037543,"GBLUP"
5,5,"420158",1.51528756408922,0.212111940304859,0.189456723635016,"GBLUP"
5,5,"422381",-0.397260191583976,-0.322138902249229,-0.344794118919071,"GBLUP"
5,5,"424673",1.15622319232867,0.671393533959222,0.648738317289379,"GBLUP"
5,5,"424702",0.939248595661824,0.970735640425813,0.94808042375597,"GBLUP"
5,5,"427520",-0.0624000275140612,0.648273442404115,0.625618225734272,"GBLUP"
5,5,"428238",-0.293797791011361,-0.332253097424293,-0.354908314094136,"GBLUP"
5,5,"430048",-0.567732087741562,-0.0495990901545002,-0.0722543068243431,"GBLUP"
5,5,"430390",-0.390231849983365,0.209530680724298,0.186875464054455,"GBLUP"
5,5,"43789",-0.670200910474924,0.712720639159108,0.690065422489266,"GBLUP"
5,5,"450770",0.934068960368675,0.585978186308412,0.563322969638569,"GBLUP"
5,5,"455538",0.893796481556365,0.416216508324513,0.39356129165467,"GBLUP"
5,5,"460689",0.966873317225293,0.402074028480211,0.379418811810369,"GBLUP"
5,5,"471785",-0.572480086760283,0.392455593076154,0.369800376406311,"GBLUP"
5,5,"480914",0.360823411604095,0.345422084294703,0.32276686762486,"GBLUP"
5,5,"520702",-0.151577710627263,0.0276021800026965,0.00494696333285367,"GBLUP"
5,5,"62114",0.142285151452527,0.564936646627085,0.542281429957242,"GBLUP"
5,5,"624629",0.195669600110703,0.168646007606484,0.145990790936642,"GBLUP"
5,5,"62576",1.23914622150297,0.375249116415532,0.352593899745689,"GBLUP"
5,5,"62627",0.560687294826115,-0.396050399854075,-0.418705616523918,"GBLUP"
5,5,"64869",0.525871350049044,0.391017699782117,0.368362483112274,"GBLUP"
5,5,"64873",0.160755926365836,-0.188091858745849,-0.210747075415692,"GBLUP"
5,5,"65315",0.873330406883901,0.244536683091065,0.221881466421222,"GBLUP"
5,5,"665788",1.08817125442055,-0.191788313679136,-0.214443530348979,"GBLUP"
5,5,"670602",0.367517845898074,-0.779223237984399,-0.801878454654242,"GBLUP"
5,5,"673831",0.29330898301885,0.539131382914856,0.516476166245013,"GBLUP"
5,5,"692864",-0.987640886035329,-0.383103740010685,-0.405758956680528,"GBLUP"
5,5,"701166",-0.948679604207606,0.048685952017105,0.0260307353472621,"GBLUP"
5,5,"730613",-0.860454778530405,-0.11400963550817,-0.136664852178013,"GBLUP"
5,5,"76718",-0.40858860776758,-0.0545089137354036,-0.0771641304052464,"GBLUP"
5,5,"85465",0.41013581993747,0.41749427873398,0.394839062064137,"GBLUP"
5,5,"855587",-0.0389206430012417,0.121940644775181,0.0992854281053377,"GBLUP"
5,5,"85646",1.96339116959193,0.352060395568486,0.329405178898643,"GBLUP"
5,5,"86162",-0.760966689314801,0.151544209000668,0.128888992330825,"GBLUP"
5,5,"87107",0.0043977219740216,0.738546235147568,0.715891018477725,"GBLUP"
5,5,"89491",-1.06303878468939,-0.104106367824712,-0.126761584494554,"GBLUP"
5,5,"96619",0.703550757581531,0.502302846254742,0.479647629584899,"GBLUP"
5,5,"984151",1.24695639484595,0.322342356088044,0.299687139418201,"GBLUP"
